order_id,product_id,add_to_cart_order,reordered
349684,27845,8,1
684054,35951,1,0
2571020,26055,13,1
702422,38159,18,0
32916,15820,7,1
1471750,35951,3,0
2243802,10210,8,0
2371282,24852,5,1
3322409,21174,3,1
1219325,30233,4,0
2382288,23287,16,0
2530803,24760,9,0
2642501,34126,36,0
1536955,18696,11,0
176114,36695,12,1
2208428,47209,8,1
1156256,29079,11,0
2866527,17836,8,1
2659697,29529,20,0
1052714,36591,11,1
1580135,49441,25,1
2229373,19129,18,0
1544996,8518,7,0
787925,35182,8,0
1711653,45177,19,0
826427,25919,6,0
2664620,18962,2,1
1109826,36506,8,1
2133756,35193,5,1
1481108,30994,9,0
2297930,27966,2,1
1889679,2581,17,0
2825121,22935,23,1
318961,7781,6,0
1077081,44359,1,1
1127459,19904,13,0
278157,14129,5,1
1375389,5958,28,0
1012402,19173,3,1
1290822,1640,6,0
1176861,11440,5,1
211750,9766,1,1
1301803,18498,1,1
1045353,16131,5,0
1815912,37646,7,1
2870910,10749,1,0
586523,34763,1,0
785385,21174,19,1
11646,27730,1,1
372193,27845,4,1
1745499,10387,7,0
338988,15937,5,1
1082064,5025,4,1
3118113,20685,8,0
1644198,27845,1,1
1252827,34428,30,0
3119885,15200,6,1
1946763,5240,15,0
1409734,5077,10,0
1054417,7862,4,1
3272670,3869,8,0
3238836,47066,8,0
1609317,47626,4,0
764341,18439,21,1
2360078,45447,2,1
1324075,28593,2,1
3048657,25931,15,1
2457821,42999,14,0
1754089,5923,26,0
2615518,16249,1,1
2130085,6758,2,1
890832,43394,1,1
2127202,25466,7,0
1079090,27966,7,1
1657563,6228,10,0
2704542,43967,3,0
984136,16349,3,1
2805752,1695,1,1
304846,43961,9,1
823366,20740,12,0
2378374,47626,10,0
2108361,18434,3,0
926869,26209,31,1
3396556,47867,9,1
1233999,42736,3,1
2562608,31717,3,1
2376926,47672,2,0
702422,24838,20,0
1744633,46676,4,1
1036185,44562,10,1
2965401,26604,13,0
2428914,24265,36,1
586497,19389,14,0
46409,43686,7,1
190203,47209,1,1
2773969,12140,16,1
1949159,33942,10,1
1124874,2062,7,0
1696797,40348,15,0
2889405,46822,1,0
629227,13176,3,1
3409559,26209,7,1
1696797,40376,4,1
777036,10602,24,0
755030,6087,2,1
3331406,38400,9,1
1858384,31553,6,0
336423,49235,3,1
2158622,9648,11,1
2135040,4294,5,0
2873566,34448,6,1
864802,13176,1,1
485099,10106,2,1
2461427,9076,20,0
1794436,49585,7,0
1884219,45249,3,0
645821,5077,2,1
3071827,39275,14,0
813117,28883,8,0
1319390,7051,7,0
2078585,35102,15,0
737090,13080,13,0
1176884,42701,6,1
2500056,40897,4,1
1052714,41468,9,1
2460683,25544,13,1
686547,42356,19,0
1369416,20109,14,0
3140442,21903,8,1
1041690,16519,12,0
2259301,19125,6,1
748189,16616,14,1
859568,46901,11,0
148866,27521,11,1
174976,41844,14,1
2559979,31717,10,1
1107154,13914,5,1
1884842,29180,18,0
284437,15175,9,1
142507,4058,7,1
1903418,44548,5,1
1845470,34222,11,0
358895,30637,31,1
3315383,2245,6,1
2932939,11379,24,0
1238087,38928,1,1
1752226,16349,18,0
1961020,9224,7,0
1630931,31343,1,0
1676905,44492,16,1
2084838,5648,21,0
3392692,21616,4,1
386032,36058,5,1
1252827,13176,2,1
2158709,8667,9,1
926869,43821,16,1
2602164,21938,18,1
864802,19019,9,1
742608,49655,29,0
2245971,264,3,1
974654,26915,4,1
180808,45603,4,1
1026077,12811,5,1
2951304,15359,3,0
2929106,4920,10,1
2156507,17284,21,1
3032311,47780,3,0
437145,11250,3,1
959410,7559,3,1
629227,6857,10,0
677294,44097,12,0
1604594,17027,4,1
2806039,35819,8,1
2795874,39993,6,1
340663,32864,4,1
1634936,2124,15,0
3419634,45364,1,1
330830,24838,2,1
1468913,21387,10,1
2464931,43789,30,0
2297930,12644,15,1
702422,37192,26,1
1090832,7969,3,0
2602164,24852,2,1
1580135,13032,6,1
2752035,33674,4,1
167185,37119,18,1
1983044,12320,8,0
2415305,42736,4,1
2469848,9597,4,0
415554,40982,34,0
1468913,19821,7,1
531970,49520,1,1
1730526,5450,1,0
2085383,7010,6,0
1210519,8295,9,0
794064,33261,5,0
3068101,40709,2,0
478327,49235,2,1
3367172,21050,10,0
1369416,14118,5,0
1586472,34222,13,0
1879873,1463,2,1
1952959,30290,2,0
2576387,1241,1,1
2312946,41593,5,0
2868191,4562,3,0
3303112,41665,1,1
74625,13176,11,0
1091347,20520,14,0
386283,24236,31,0
2303859,3884,2,1
3351503,18362,3,1
2257902,36127,1,1
2627826,45113,3,1
3333096,26165,9,1
3275606,41806,15,1
629227,37524,11,0
1036185,27243,13,1
3400506,24582,5,1
1731430,47766,4,1
959395,19711,12,1
1676253,16192,15,1
2050816,16185,17,0
1727430,39628,6,1
779191,3142,12,0
2554464,14401,10,1
2805752,44632,4,1
3029879,45613,15,0
1348540,22035,2,1
1465229,34969,10,1
336423,11080,9,1
221481,48679,17,1
310520,11078,29,0
1041690,37115,8,0
2959404,39491,24,1
1238015,5450,13,1
686547,3952,4,1
2951304,23180,4,0
1221102,27966,1,1
3279181,45838,8,0
3287074,27903,1,0
3202236,19863,4,0
3322557,30668,9,0
206205,47144,13,0
858265,8747,25,1
267491,10163,16,0
1565450,10955,5,0
2893609,9810,2,1
702422,38456,15,1
3089685,1025,14,0
2681092,9899,5,1
742608,27778,31,0
1134630,29487,2,1
3178992,4210,13,1
178543,40154,2,1
2437216,9827,3,0
913743,26620,4,1
384530,10017,1,0
1989120,11197,7,0
1498305,38247,19,0
87914,43713,9,1
310520,39162,3,0
2050816,9076,33,0
1963089,47144,5,1
1949159,49175,21,1
937452,11941,16,0
3118619,14028,6,1
1724093,35561,1,0
2410485,45066,3,1
711923,222,3,1
1963154,36180,16,1
270320,24964,13,1
167185,44359,19,1
1419294,30407,5,1
1176884,19048,10,1
190203,19057,5,1
1117304,2855,3,1
1395773,42483,10,1
2238376,33735,1,1
1339862,21903,4,1
70932,5114,5,1
3373457,14678,5,1
2612566,37664,2,1
991772,7736,3,1
1828179,49235,2,1
2607415,13914,1,1
2600858,19619,5,1
2464931,12797,9,1
2439875,47652,2,0
890832,26620,8,0
226192,32734,4,1
2019002,47209,1,1
3196061,15896,5,1
237108,28289,6,0
1064200,39275,24,0
3414214,45007,8,1
3032311,30060,13,0
1949159,35951,5,1
1463803,37042,6,1
2631301,20345,13,0
2469848,31927,6,0
2531749,8174,6,1
896359,27325,7,0
3275606,5479,17,1
2498920,1099,6,0
1917563,26503,7,1
1753259,30391,4,0
3415641,43352,12,0
2025409,20899,7,1
875421,35948,1,0
1759819,23029,30,1
1412551,730,10,0
882997,38192,19,1
2319083,2086,4,0
2811757,9570,5,0
1013005,3464,3,1
410902,40706,9,0
1208538,30962,6,0
1106114,34956,7,1
1044651,45544,2,1
523965,31433,3,0
530658,31454,3,1
3119375,12289,26,0
2530803,47681,31,0
614770,31268,1,1
1572139,19938,5,1
1855033,24184,16,0
114309,20564,14,0
343485,31933,20,0
3367172,14947,5,1
905865,31215,1,1
1546802,39275,6,1
3125052,41540,3,0
1221004,46900,3,0
2504445,20842,4,1
1409253,24852,1,1
991772,44085,19,0
139320,21137,25,1
586497,1313,4,1
551046,45,6,0
2880744,43073,5,1
332084,43638,11,0
1763074,45723,1,1
3048832,16617,10,1
926869,47209,7,1
2037521,21903,3,1
1516617,18523,19,1
1731430,16759,13,0
3032311,33493,1,0
3410496,7628,1,0
3414214,7963,3,1
2199033,14097,6,0
2906880,8424,12,1
1024277,2309,11,0
1498859,40706,18,0
1091347,28156,27,1
414029,16797,17,1
1989664,37646,1,1
1521227,36167,10,0
3196061,38739,13,1
2410485,2086,5,1
69182,33129,7,0
359942,32828,14,0
3411798,22935,12,0
357882,34358,1,1
1249817,14999,2,1
965870,24852,5,1
659268,35830,1,1
476247,24852,8,1
522396,46667,1,1
1052714,21137,26,1
2936470,24024,3,1
2298080,36406,1,1
1238015,21174,21,0
63586,48679,16,0
1172424,47766,9,1
1176884,22713,7,1
34163,2250,2,1
2805948,26348,2,1
1884219,39190,4,0
650147,20468,15,1
2825121,21903,1,1
3019237,24964,7,1
2476007,38777,4,0
2961194,40386,4,0
2779437,24838,8,1
1176861,6974,10,1
147658,43662,2,1
3156699,44949,7,1
1858627,24830,11,1
1332924,4447,3,1
2428914,34824,28,1
310520,40706,17,1
864802,21137,4,1
415554,44632,5,1
2313657,26209,11,0
2798028,9819,13,1
493190,30561,10,1
308327,7978,7,0
144193,14444,19,0
769669,10017,7,1
1106114,6750,16,1
3358415,24658,3,0
733072,39408,3,1
568908,24852,3,0
713073,40123,11,0
2555851,49236,20,1
426262,6567,7,1
3400506,30675,13,0
3369424,38988,9,0
2761981,30440,1,1
2135040,10768,3,0
2360909,12341,3,1
213817,1540,8,0
1044651,23537,5,0
372193,47209,2,1
2530803,44267,2,0
2188005,17948,10,1
1682682,1485,14,1
1278498,39216,12,1
1651462,30489,5,1
1588323,39180,4,1
3029879,43908,5,1
447319,17233,1,0
2517538,41420,2,0
1676905,45619,10,0
1840937,17341,16,1
3275606,13176,4,1
2109995,280,2,0
1604594,24852,1,1
1221004,9689,8,0
2413551,14114,3,1
259284,30639,10,1
1090427,12060,21,1
2439875,12496,12,1
2053562,5240,17,1
1739738,26172,17,0
3168961,21927,13,0
839147,12312,3,0
356352,26604,3,0
3048657,13176,1,1
1026077,37940,4,1
1801142,4605,7,0
2932939,38531,10,1
764518,8012,5,1
1702465,38644,31,0
2342655,28199,4,0
1806738,16900,6,1
70932,35951,1,1
1052714,22275,2,0
59628,26040,3,1
922297,18583,1,0
167185,7299,22,0
2517025,24852,8,1
1450099,39276,1,1
2229373,34492,21,0
2542094,18625,13,1
2158709,6489,19,1
2469848,24964,5,1
2376926,44201,24,1
1434437,6849,6,1
3275606,33080,9,1
1047497,26620,13,1
147343,45445,14,0
1705842,12748,8,0
3367254,8501,7,1
999822,17207,5,1
3246286,11777,9,1
1602552,24117,6,0
947646,47734,14,1
2798028,23888,1,1
1210519,45918,8,0
500705,12379,3,0
1238015,49075,1,1
2993458,49007,6,1
1045353,47766,2,1
491724,47792,3,1
445115,35887,8,1
73647,274,8,1
1329074,24857,6,0
2766533,45007,5,1
738520,43379,10,1
2841323,33198,17,0
2815235,1263,3,1
360319,43187,1,0
1969105,27020,9,1
828533,47717,3,0
2191145,15650,9,1
104688,45061,18,0
1716383,32950,4,0
2811757,16868,6,0
1769145,6719,21,0
3171407,35070,8,1
683065,20632,12,1
3385060,37317,5,0
1083906,36699,25,0
1822335,46138,6,0
2323080,35528,5,0
409481,15359,13,0
2309126,17871,3,0
937452,30233,14,1
2683081,12692,1,0
1822335,33731,7,1
1176861,43209,6,1
672927,16281,1,1
462204,48821,3,1
1739738,19003,22,0
879635,31801,4,1
449989,13997,13,1
2517025,26882,7,0
512157,40373,8,0
2689668,28577,8,1
3407187,9762,9,1
56384,31717,11,1
197549,18434,7,0
2929106,25630,18,0
63586,39275,14,1
148866,22935,21,1
1521227,33232,3,1
2825748,40189,1,1
1229133,13176,10,1
772797,47388,6,0
1395632,30450,8,1
2825353,34446,20,1
1858384,11777,4,1
2544353,12455,15,1
2282529,42796,24,1
166425,27841,6,1
1290822,19128,5,0
3044039,45920,1,0
522660,33656,1,0
2600858,41674,11,1
2825121,18027,14,0
120566,47815,3,1
1795261,11801,1,1
1935957,14470,4,0
359852,39381,4,1
2902983,12442,13,0
3140442,43961,13,1
3379405,42768,5,0
2689668,41950,11,0
493190,45066,8,1
568908,41909,21,1
1752226,35628,11,1
2130140,21616,10,0
2530803,3990,23,1
2278915,46346,11,0
3323641,35321,3,1
1483567,18465,12,0
1278498,40604,14,0
819802,47209,4,1
1885962,48205,3,1
2319083,12312,12,1
3315383,2770,5,1
140839,42580,1,1
1121318,45007,21,1
819802,31444,8,1
1781194,13176,11,1
607499,7762,17,0
309543,47766,1,1
2360909,907,7,1
1892383,36214,2,1
772584,34320,7,1
2445119,15592,12,0
1307787,47946,4,0
759988,49131,21,0
777036,24841,20,1
1708367,46654,8,1
755452,27845,1,1
1327473,25499,2,1
3029205,36036,3,1
2461427,27000,4,0
2085383,11440,8,0
2316788,1468,11,0
994829,8057,5,1
751704,35378,1,0
1332924,10749,6,0
3380494,48442,1,0
2671607,49605,10,1
1087344,39427,15,1
1176861,44142,7,1
2199407,11574,8,1
148866,37646,18,0
629227,26209,7,1
795216,31964,6,1
1651271,40332,8,0
2671730,20114,4,1
1689000,30489,11,1
1279771,19677,7,1
1308278,7644,7,1
1703282,32700,3,1
3178992,38273,7,0
1651462,47766,3,1
1846047,31268,5,0
759087,24320,14,0
2857450,11577,3,0
2382288,27966,12,1
2185930,43693,2,1
2734430,16387,9,0
1339862,48476,17,0
1052714,37311,7,1
2975261,27710,4,0
1621444,40760,1,0
543175,42265,7,0
33331,19691,2,1
3415417,47357,11,1
1082064,29487,1,1
2253870,6615,9,0
3272670,13829,24,0
425196,36640,9,0
2785172,248,7,0
2777419,14126,1,1
713135,25588,8,1
1759819,10385,1,1
1131189,24852,4,1
47552,28413,11,1
1151977,29487,11,1
1414318,25588,3,1
3019237,17794,5,1
1252827,13629,31,0
3351503,12016,6,0
1083906,47209,19,1
2498920,8309,3,0
221481,12872,9,0
410902,16759,3,0
2793915,11136,12,0
978700,5080,1,1
1319390,481,12,0
1650972,16797,2,1
1536955,27966,6,1
2531749,33055,4,1
1081316,22959,3,1
305867,15643,6,0
1711653,46676,10,1
1587280,35784,3,1
1953378,21497,11,0
2037521,16704,4,1
1648905,21137,7,1
1857438,15335,10,0
1231050,25495,4,1
672927,36068,6,1
657357,3245,3,1
1175871,4853,8,0
2303859,14129,9,0
2207639,37710,5,1
2512776,43760,8,1
1873651,17794,50,0
1052714,22105,14,1
3390842,42778,4,1
834642,19348,6,0
1727430,22935,15,1
3029225,13176,3,1
2508780,15541,3,1
2229373,46100,20,0
1651271,19578,3,1
3126243,35199,2,1
32916,28930,3,1
1553517,47229,3,0
1017916,11494,5,1
467797,24852,1,1
757837,16293,2,0
2259301,641,8,1
2949376,44911,3,0
1498305,21241,22,0
1980091,16823,1,1
211750,4562,19,0
73939,4377,5,1
512157,25640,1,1
259284,42110,11,1
522396,18288,5,1
3156699,26648,16,0
2229411,24852,4,1
879214,4913,5,0
651025,40233,2,0
141549,21137,6,1
2480876,6020,9,0
1375389,29418,8,0
58438,33231,4,1
1455635,27156,5,1
3415641,29328,14,0
2397451,7303,5,1
3363387,7175,19,1
56384,24852,2,1
1599092,29804,7,0
1657563,48642,13,0
2876345,8952,8,0
1022964,28968,11,1
221481,26209,14,1
68219,10199,8,0
783505,42460,5,1
425196,31477,1,1
965870,10749,12,1
1602552,36159,1,1
2932939,17678,18,1
2752619,31529,2,0
1089265,24024,1,1
2439875,28985,5,1
1840937,16797,21,1
2868611,10292,8,0
3409559,47626,5,0
2866821,3957,4,1
1917563,14218,15,0
1708367,17807,3,1
2259301,27105,14,1
1156256,17948,27,0
3130206,20512,11,1
2292077,9327,3,0
2205439,23537,3,0
3178485,17923,6,1
2599300,44471,8,1
3159335,10752,4,1
3017970,15604,3,1
1683669,33232,14,0
2181668,26209,2,1
2562608,47209,8,1
1208538,43891,3,0
2312946,39275,2,0
1045353,24852,14,1
2826735,3339,12,0
1607018,4932,2,0
1295441,5077,4,1
415554,41658,8,1
2602164,27363,15,1
478112,47766,11,1
1961020,18027,6,0
1884842,27344,3,1
2766627,48364,3,0
572658,46041,13,0
1731430,48745,8,0
109143,12464,12,0
1264286,46572,5,1
2485732,19006,22,0
2127202,12312,6,0
779191,27104,4,0
542414,18880,8,0
2429837,38689,1,1
1011691,27179,7,1
1752226,32700,10,0
1133069,8506,6,0
2200793,18059,8,1
3037228,35504,7,1
122891,11012,11,0
262634,24764,2,1
48038,4843,4,0
2018728,30450,2,0
1360843,35132,21,0
2795874,26861,8,1
1465989,10070,11,1
409481,44546,14,0
1117104,4605,5,1
1326299,27086,3,1
2152455,42701,2,1
1077625,39877,14,1
1889679,24631,23,1
56384,40216,15,1
1828527,17948,14,1
522660,2663,11,0
832587,9076,20,1
1091897,23592,9,1
1091897,10385,8,1
1052714,2228,25,1
3082039,30237,8,1
568908,34969,25,1
1781194,46802,9,0
882997,41950,10,1
2784427,24184,3,1
2474227,13176,2,1
1386193,9839,1,1
1369416,6245,3,1
1395773,21137,2,1
464218,26757,8,1
2932939,2305,2,1
2131946,32428,3,0
2795155,45007,1,0
401748,23645,11,0
3071827,5514,13,0
1607229,27028,2,1
142429,17594,9,1
180808,13642,11,1
398692,46352,2,1
2199033,31706,17,0
1064200,27696,13,0
125527,41220,27,1
1231050,41933,5,1
1369853,6473,9,1
1045353,18479,8,0
3351503,30290,5,0
2779437,21137,5,1
2410485,39275,4,1
1831045,30340,2,1
1465229,45453,15,1
210336,16132,2,1
1572139,49226,2,1
2193503,39475,3,1
785213,40377,1,0
3322557,18439,2,1
3089685,4605,8,1
759988,13176,3,1
103513,33572,1,0
2034115,46667,9,1
2424254,8518,9,1
1711527,4920,2,1
145541,12341,4,1
2127202,11090,4,1
2050816,27845,19,0
2825121,47672,26,1
1602552,20014,3,0
772797,25949,3,0
1516617,25101,16,0
1941179,34898,16,1
1654776,12916,2,0
1873081,12341,2,1
1568394,47141,2,1
556236,45064,6,1
2975449,27966,3,0
404164,48857,2,1
2077812,38777,1,1
2461427,6292,6,0
3333096,34927,2,1
1191492,22115,3,1
1776897,19348,7,1
386673,36961,15,1
33427,13176,3,0
1439711,22935,7,0
683065,8516,5,0
2259301,27642,11,0
1755771,35372,6,1
310846,24852,1,1
478327,45495,9,1
966099,45445,1,1
2502010,47766,2,1
3406316,44091,4,0
2053562,42803,11,1
500705,27400,13,0
328745,43122,7,0
2016405,38218,7,1
651025,10132,5,1
1627476,22882,4,1
1091347,557,22,1
218966,13424,1,1
1730526,10895,6,1
652209,21903,16,0
1278498,36315,1,1
947646,45007,15,1
992989,47630,7,1
699269,34146,29,0
3333096,35108,7,1
1963154,42265,12,0
1573551,35333,7,0
2421891,1818,3,1
525318,36449,11,1
2792577,34234,1,1
1855033,40706,8,1
974903,651,3,1
650147,2350,16,0
318770,43875,5,1
2163140,39922,1,1
3373457,26604,3,0
2050816,34745,3,0
2464931,11543,35,0
1963154,34969,1,1
1702465,44014,29,0
1386193,21137,3,1
2636642,14197,5,1
2164338,4920,13,1
2868611,41376,20,0
1931693,13083,7,0
1769145,43867,12,0
916795,18610,10,0
415554,26369,13,1
1673065,27336,7,0
2457821,37096,11,0
1515808,33716,5,1
386032,22571,4,1
2457821,24864,17,0
995368,47766,3,1
2469848,22935,7,1
2864229,21782,1,1
2902944,40427,2,1
2485732,14651,10,1
2041951,45007,21,0
1568394,5035,1,0
2380346,12565,2,1
1627476,20082,9,1
2329036,10145,6,1
777036,3990,8,0
372017,4210,5,1
772549,26348,4,1
2563762,43961,10,1
2734430,41621,7,1
3419158,31717,5,1
1498305,4920,16,0
1789088,21137,10,1
2554464,10957,7,1
1705842,28990,4,0
2253870,8193,8,0
793263,13176,3,0
2895034,21253,2,0
1818714,26604,1,1
400576,36735,3,1
963835,47652,8,0
1250013,3999,6,1
1661890,13176,3,1
2259301,42440,10,0
1124874,26002,4,0
2033904,45603,8,1
1964718,43713,13,1
1227989,35108,1,1
1040679,27323,5,1
974903,16797,1,1
1024277,38490,1,0
40247,35249,4,0
1107154,7131,2,0
819802,27966,3,1
1322202,15576,12,0
3063030,42423,1,0
1173240,1000,20,0
1504514,17044,14,0
409481,45,3,1
2427011,37357,9,0
1058493,28198,3,0
442153,6867,9,1
259284,42828,8,1
68408,36746,11,0
1227989,24852,5,1
1831838,32505,6,1
2248112,34978,3,0
1109826,49093,10,1
629867,48015,1,1
1568394,43394,4,1
415554,40469,28,1
1022964,9477,17,1
555343,38453,3,1
332084,23175,2,1
2382288,46479,17,0
2363164,12872,2,0
386673,39558,2,0
3375524,28993,7,0
2989234,43262,10,0
926869,16384,15,1
56384,39812,16,0
2316788,9076,13,1
143782,15984,5,1
2642472,21267,10,0
231475,8710,13,0
107974,2078,1,1
2084838,25311,14,0
1106114,33000,5,1
1903418,4210,1,1
963835,30489,6,1
359942,39561,10,0
1279771,30471,4,1
24778,37720,21,1
3106064,46106,17,1
2282529,34977,22,1
732000,46616,7,1
1326080,25230,7,1
2181668,20574,6,1
3170244,22491,7,0
2567955,39275,14,0
1362942,24852,3,1
2982082,17469,1,1
1946763,16349,5,1
2812591,41068,4,0
3140263,13502,11,1
2130140,34969,9,0
332084,44632,1,1
1274319,23888,2,1
1061532,46595,1,0
879214,3990,7,0
2857450,36434,2,0
626215,5646,7,0
2895034,21903,4,1
374148,43183,38,0
2485732,22963,4,1
3322409,43352,11,1
2982082,36076,3,0
1375389,17583,5,1
3156699,38266,4,1
1412551,30489,6,1
1134630,42913,3,1
188303,4796,2,0
2600858,13914,17,0
2294595,25659,1,0
699269,48183,32,1
3032311,20119,9,1
1379909,42617,2,1
757837,14992,16,1
1474388,24852,3,1
1940934,43165,6,0
2733134,22451,15,0
1310901,8048,4,1
1776897,29487,5,1
2989234,9678,1,0
2895034,22831,19,0
890832,10132,4,1
159485,31040,5,1
357882,21137,13,1
1641265,27370,3,0
1240216,21137,6,1
141737,14032,1,1
2790111,10500,9,1
385508,24964,2,1
2167266,17419,11,1
1943542,44319,11,1
2815235,46941,4,0
2806039,34234,1,1
522396,4462,6,1
2560500,18362,23,1
1867422,48825,8,0
3414109,16363,4,0
3132860,22452,2,0
1294036,47626,4,1
770584,33454,2,1
1083906,6985,24,1
1227989,11325,11,1
2659697,30406,17,0
1557429,22144,12,1
492086,24184,8,0
1661890,23892,18,0
1604594,44560,13,1
493190,26165,9,1
3418597,35507,4,0
1379909,17758,24,1
921950,5646,3,1
1912642,46058,6,1
3279660,5514,2,1
409481,33884,8,0
1983294,28985,12,0
1172424,40124,8,0
2461427,28842,18,1
2250721,10673,2,1
46409,14966,10,1
2824989,14344,13,0
713135,46906,11,1
1594427,17983,1,0
2119883,32717,4,0
74625,44156,7,0
819802,48679,9,1
3317683,5212,4,1
2521485,27344,6,1
2928528,21077,7,0
874923,38618,4,0
2889454,11488,10,1
2616549,21903,2,0
1091897,18503,16,1
1334784,35989,9,1
436969,16759,17,1
3367254,13179,17,0
3278532,260,16,0
70932,46906,20,0
22901,43875,6,1
2993458,47877,1,1
2615518,30450,6,0
1524113,13525,7,0
529777,35184,1,1
684121,4565,10,0
1246420,43295,6,0
2378374,46906,19,0
700878,48775,4,0
2120886,40593,11,0
2048259,11182,2,1
3130853,47766,6,0
2815235,38563,1,0
328745,35168,5,1
1862614,26309,4,0
130722,45007,16,0
1934715,33198,2,1
359942,9177,7,0
1859270,35561,2,0
813117,26298,3,0
1969105,15984,2,1
2965401,2452,17,0
1465254,39059,5,1
2690791,46906,3,1
586497,31420,12,1
720694,436,6,0
995278,23621,9,0
907573,42342,3,0
926991,27966,1,1
497500,12756,15,0
39845,15794,4,1
486501,45066,1,1
532393,12576,5,1
1376096,28204,7,1
3415417,23819,6,0
180808,24852,2,1
1165962,26209,11,0
1896008,7485,5,1
1249817,22920,7,1
1940934,3952,4,0
3093586,23737,2,0
2164563,13176,1,1
1233999,23622,14,1
2478624,44167,6,0
210336,26649,5,1
857255,19678,17,1
2282529,34551,33,1
153033,39275,4,0
1737531,7628,26,0
2424254,24964,10,0
772763,4605,12,0
1013005,4920,10,1
2316788,37642,7,0
612632,4778,1,1
476247,30489,3,0
1018207,33055,3,0
357882,2295,18,1
1826981,13012,9,1
787925,9515,11,1
3048657,3583,8,1
1790126,30406,8,0
779191,28199,21,0
1412551,5077,20,0
2906880,44142,15,1
1651271,4317,25,1
3228592,6184,9,1
3419829,13176,3,1
2766533,24654,2,1
1231050,34286,21,0
3419158,46572,6,1
551046,21417,9,1
1858384,27573,17,0
3167642,27171,11,1
699269,27395,5,1
1676905,34229,6,1
3086475,15011,7,1
2016405,44413,17,0
882983,8424,4,0
464087,39275,6,1
1961020,18598,3,0
688175,31275,7,0
556236,13617,1,1
879116,47766,1,1
783505,8859,9,1
1884842,4920,13,0
3207271,5785,1,1
1788324,44629,10,0
1395632,10441,5,1
449733,33827,1,1
1536955,13176,10,1
479124,18023,6,1
1070297,21573,6,0
386032,13351,9,0
1447765,47537,10,1
1521227,3952,5,1
1077081,7361,6,1
2905646,34160,4,1
410902,47766,14,0
374148,2922,42,1
410902,8903,24,0
155267,40706,11,1
813117,24009,6,1
509825,26209,8,1
423042,47059,6,0
2062543,32734,3,1
947519,150,1,0
867610,365,13,1
478112,13629,14,0
1231050,15937,16,0
1673670,42265,13,1
2014989,33791,4,1
1769145,33129,2,0
963835,31772,9,0
2019002,24852,3,1
2734430,46853,14,0
2009922,26246,10,1
1208538,34557,5,0
2368144,22935,6,1
1308278,2015,8,1
2316788,38739,8,0
2135040,10621,6,0
1785631,48717,5,1
1676253,49156,1,1
1476041,47366,15,1
2399369,43920,22,0
1667163,36780,2,1
2007056,21616,3,1
55278,7010,12,0
2929106,33120,4,1
2793915,42736,18,0
1949159,1540,23,0
1592008,43100,12,0
879116,19660,3,1
3030462,41297,13,0
3106064,11520,22,1
1465989,46103,1,1
976063,6948,1,1
2158709,25346,17,1
2660000,1940,2,1
1060550,20246,11,1
1371837,7821,14,0
2659697,47766,23,1
211750,9385,15,1
882714,36962,2,1
2825121,45123,28,0
1790126,24852,2,0
3384204,21709,9,1
2430243,12464,10,1
500678,40788,1,1
3415417,24049,4,0
3347608,47766,4,0
757591,34448,7,0
237808,16953,2,1
2779437,23650,11,1
3364168,5618,6,0
2615970,37552,17,0
2025409,7559,19,1
1580135,8638,5,1
899039,44500,4,0
2179555,24838,4,1
2876345,9076,2,0
2567955,43255,2,0
485099,10132,8,1
310520,17835,35,0
1591185,48679,3,1
1645226,23543,3,1
543973,37611,6,0
2905646,35628,12,1
1371837,46820,3,1
3279181,23263,5,0
3419634,5670,4,0
525318,43314,13,0
1759819,28803,4,1
1356160,13176,1,1
374148,30170,9,1
51913,13176,3,1
1949159,14129,17,1
772549,859,8,1
2512776,49075,16,1
3363387,20574,26,1
3039231,10070,6,1
1271003,47766,1,1
1214991,429,3,1
3086719,12144,3,1
683065,12980,13,1
2368746,21872,4,0
2473729,5649,16,0
628385,44795,3,1
399528,7054,5,0
1434437,42929,5,1
1249817,9743,25,1
2920031,18531,1,0
58438,32237,9,1
2393611,4097,6,1
1573551,33120,1,0
421936,23233,3,0
2383849,12089,1,1
2375492,343,9,0
1050041,47672,3,1
386673,28597,6,1
1917563,21293,4,1
1755771,4591,5,1
2659697,22275,19,0
2835751,41699,28,0
336423,42240,27,1
1889679,605,18,0
906163,6361,17,0
2906880,10032,10,1
1409734,38739,11,1
292489,21903,2,1
3121412,10957,1,0
2224522,37022,3,1
1752226,39303,15,0
2229373,9076,19,0
2232755,25544,2,1
1319390,39475,9,0
2825121,35939,10,0
2133560,19348,4,1
1052714,36884,3,0
1297684,45104,1,1
29486,21108,2,0
2298080,15290,7,0
903107,11286,15,0
1175871,26209,12,0
1172424,38164,24,0
2701129,9623,6,1
1676905,3765,1,1
947646,24184,18,1
572658,14159,12,0
338988,18418,12,1
2033904,12576,15,0
864802,30391,13,0
3323559,31609,4,0
1270865,6184,7,0
2825748,23915,4,1
464408,23604,4,0
2932939,39922,9,1
1498305,11568,14,0
2207796,21376,2,0
2013175,33381,4,1
2534756,5785,2,1
1479450,33143,1,1
2098068,11526,3,0
2480065,34335,10,0
2559979,8518,14,1
1630931,48559,4,1
712453,6104,9,1
522396,27086,10,0
651025,36510,3,1
1208677,35767,1,1
22901,22210,4,1
343485,23219,17,1
1969105,47209,10,1
1090427,13646,2,1
828278,8871,5,0
3171407,37728,2,1
188023,9047,14,1
70932,8859,13,1
2278915,24221,5,0
423259,31173,1,1
2053562,23594,8,1
713073,2747,13,0
1605416,47652,2,0
1949159,13176,18,1
1316906,1158,6,1
336423,44277,39,1
317655,14633,8,1
278157,5876,3,1
226192,5097,3,1
2825748,46838,3,1
759087,4455,9,0
1375389,6000,12,1
1941179,44570,20,0
1727430,22035,5,1
3088554,40199,4,1
2959404,43409,21,1
1873651,14252,33,0
2689668,48454,12,0
1231050,5876,13,0
63586,581,10,1
764341,12011,20,1
3148389,45007,12,0
565392,28913,8,1
3343505,34654,14,1
867610,35132,18,0
1785631,43259,1,1
1348540,25133,3,0
2766238,15872,10,1
607499,33237,6,0
1051559,6383,3,1
1401083,41950,5,1
1155473,46346,21,0
959395,2314,17,1
2658106,10473,4,1
2208428,27966,11,1
3309959,1511,8,1
678310,27371,4,0
1090807,43352,9,0
2133756,34339,11,0
478112,27156,13,1
139320,24184,8,1
959410,8087,8,1
1977792,5618,7,1
1249817,7704,26,0
3197136,33200,8,1
737214,6369,1,0
1022964,42461,26,0
509825,7649,13,1
2158622,13535,15,1
1838090,11136,4,0
1592008,20281,5,1
963835,41890,2,0
1752226,46347,19,0
3396111,7468,8,1
1725202,25852,6,1
1040679,14536,8,0
3410496,29309,3,1
386283,14182,23,0
3410496,38511,6,1
1776897,28931,6,1
332084,46720,6,0
1845470,4638,26,1
991772,14992,11,0
650296,44703,4,1
3343505,15139,9,0
3140263,30391,4,1
1395773,12699,9,1
246129,37011,5,1
2906880,32655,7,1
890832,3235,2,1
2873566,33367,4,0
2555851,24852,15,1
1879873,22935,13,1
407922,23644,2,1
3171063,41742,3,0
3035695,41164,7,0
2700350,49363,2,0
1725202,8277,14,1
209779,20168,6,0
998879,27845,7,1
358895,36651,33,1
1362942,23333,10,1
1609317,16797,6,1
2936470,22802,5,0
795216,39719,2,1
1379909,360,9,0
2084838,13176,3,1
386673,30823,21,1
1140230,28842,2,1
568908,43772,27,1
587154,37766,9,1
2602164,12204,23,0
2573806,41588,6,0
2928528,3142,3,0
2554464,9175,8,1
393,19828,4,1
1288137,21938,15,0
2893609,6193,3,1
2841323,47626,18,1
516142,18382,1,0
1673670,20632,1,1
1043033,16249,7,1
3126243,36651,3,0
58438,19915,7,1
2565895,39657,2,1
3089685,10246,17,1
1651271,39108,32,0
2560500,48057,17,0
906163,13176,2,1
442153,21137,7,0
3326850,29223,1,0
2818632,25985,8,0
2382288,43565,2,1
2654133,14568,2,0
11646,16185,9,0
377315,17794,3,1
2156507,47668,6,1
3369424,20118,4,0
1109826,48364,11,1
114309,27413,6,0
1742072,7948,16,1
886188,42495,3,1
1450099,9225,7,1
1077625,13176,5,1
2421891,11449,8,0
445115,45842,9,1
2164338,24389,10,1
1689000,10912,12,1
657357,31720,1,1
466910,18719,7,1
3048657,41220,9,1
1917563,40198,9,1
3021935,46822,1,0
11646,17956,13,0
3408821,6410,4,1
2514824,1695,2,1
2391097,15412,9,0
2866527,4006,10,0
1845470,47569,1,1
1711653,24184,4,1
3029879,46886,2,1
3156771,39947,12,1
310520,42445,12,1
2253870,39040,11,0
1781025,37646,7,1
2825748,7600,13,1
336423,35673,21,1
2825121,35221,24,1
1469840,3658,3,1
2604622,9338,1,1
410902,37158,26,1
1759819,7658,23,1
2152455,12206,10,0
1657182,46667,5,1
742608,40604,13,0
2893609,25890,27,0
995368,45104,8,1
2052149,30406,10,0
3029205,44146,16,1
2873566,22888,8,0
3056599,6962,8,0
254415,1263,8,1
386673,8186,27,1
2556933,41165,2,1
1676253,49667,25,0
828278,31964,1,1
310520,22504,43,0
1738170,40386,8,1
772584,8193,1,1
1884842,21137,12,1
1214991,21288,9,1
1505841,17676,16,1
2404972,5514,2,1
3169755,3868,2,1
1308278,4942,12,0
1241815,27020,8,1
2297930,13176,1,1
2464931,19660,26,0
1288137,5618,13,0
449989,42441,31,0
1468913,30489,13,1
415554,23854,27,1
3185505,33331,3,1
2751101,14104,3,0
1498859,32655,9,1
2219353,10314,6,1
2988047,38608,11,1
1151977,43584,17,1
2615970,31541,8,0
997200,12013,2,1
1058497,24964,14,1
1606343,27730,7,0
2371282,25890,18,1
1455635,30233,3,1
104688,5210,8,0
1238015,4920,12,1
386673,23879,4,1
1409253,40120,13,0
2275444,35072,1,1
1165962,24184,9,0
101598,31720,3,1
750294,9550,5,1
650147,29695,12,0
511309,39581,4,0
410902,26419,37,0
2497140,5785,13,1
1227989,26128,10,0
3178992,23044,2,1
1246420,27086,4,0
2739767,28535,11,1
2773969,39368,11,1
1480365,44142,6,1
1295441,43961,11,0
2376926,41338,25,0
2776754,22164,3,1
1889679,46906,21,0
748642,26209,5,1
2163713,46979,2,0
90985,20345,8,1
608475,3717,8,1
763355,19348,2,1
2621260,49520,7,0
649782,44142,6,1
1133069,13176,2,1
1739738,45559,18,1
2504445,4421,9,1
1375389,27977,24,0
262634,37687,3,1
1759819,508,22,1
1197569,14386,5,1
1553517,14704,4,0
2475764,23339,15,0
792744,4565,1,1
572658,24797,18,0
1790072,44570,4,0
1524113,5258,1,1
1523038,43961,5,0
1058493,44367,27,0
987279,13176,3,1
3119375,14903,7,1
1764235,27344,24,0
397675,4138,11,0
208335,20383,3,0
1439711,29027,5,1
1058493,35870,25,0
2555851,27344,2,1
2413551,11492,5,1
2011953,42265,16,1
3117201,37710,9,1
459505,16759,2,0
3001945,5744,1,1
1077625,7260,3,1
1718682,27903,6,0
991772,5259,4,1
2131610,37317,3,1
1402703,12285,14,0
3082039,26497,7,0
2460730,41950,4,0
3144865,8013,4,1
3414214,48745,13,0
1290822,35167,12,0
1058497,49401,13,0
3375524,31218,5,0
2090821,10814,8,0
1360843,26282,10,0
713073,17948,7,1
1788324,12771,5,0
2793915,28849,17,0
2246291,6361,6,1
1947128,26209,8,0
1138351,22890,4,1
3196061,16759,3,0
2628112,27966,2,1
3189826,35547,11,1
676207,26209,9,1
2329036,37611,7,1
530658,27104,7,0
699269,7644,27,1
2464931,29926,14,1
3071827,2611,10,0
1491976,5068,2,1
2989158,15261,1,0
2350937,9324,9,0
2376926,11536,12,0
1326299,5077,9,1
478327,12572,18,0
1828527,2067,5,1
2428914,10749,38,0
159485,12157,20,0
2642472,5077,5,1
3128381,44632,2,1
1329074,24799,1,0
1977792,4828,14,1
2497140,26369,11,1
343485,27104,27,0
2009922,45064,4,1
1940934,43789,2,0
1845829,25931,4,0
2053562,27336,14,1
1233999,20022,8,0
737090,7681,14,0
2041951,11352,8,1
2359134,1774,17,1
2989158,8414,4,0
192444,27845,1,1
1022964,8153,1,0
1435162,34343,3,1
1695091,28842,5,0
2628112,40545,5,0
1790126,47626,6,1
1412551,21376,12,0
1604594,5575,11,1
2009922,21351,1,1
2052864,4620,4,0
2793915,26131,6,1
1748458,32689,3,0
2902983,26751,11,0
718275,18325,2,0
2393611,655,5,1
1498305,44234,17,1
81475,38456,27,1
2868611,31371,19,1
1862614,4605,1,1
1931693,22275,1,1
478112,4562,16,0
1356160,39928,11,0
206205,43772,5,0
926869,19677,27,1
3174249,7628,4,1
1032465,6615,1,1
122891,19938,9,1
1011691,33863,16,0
534151,40593,2,0
1282203,35867,19,0
683065,36070,10,0
2250748,3800,4,1
55278,33810,29,0
1165962,41149,2,0
3363387,5646,12,0
1156256,6020,8,0
996728,40765,13,0
1252827,4357,5,1
1191492,31678,13,0
2084838,9799,9,0
2399369,11452,2,1
2627425,39984,7,0
1412551,25435,13,0
3309959,4900,12,0
2486087,34525,5,0
1376096,36070,6,1
2188005,49235,23,1
90985,44479,4,1
2702856,40310,3,0
3420158,19348,1,1
1282203,27126,18,1
757837,37067,7,1
2253870,4920,6,0
827925,32655,3,1
73939,44799,3,1
3309959,39275,6,1
1274211,39275,5,0
2752619,24075,1,0
1988365,32689,15,0
1858384,1838,18,0
3185505,24852,10,1
3409559,7241,4,1
1529257,40198,3,1
3367254,3393,28,0
984136,48775,27,0
343485,17634,15,0
1749896,21614,3,1
791701,37018,3,0
2235395,19578,7,0
1045353,28985,15,1
310846,46906,3,1
2987784,2935,1,1
1230334,32071,16,0
3380494,15000,3,0
1052772,17530,5,1
1969820,33725,6,0
142429,9138,6,1
2243802,14739,5,0
3400506,21822,10,0
1676905,8536,17,1
2505627,47348,3,0
2078585,23032,1,0
1989664,8479,15,1
410902,37818,40,1
2401188,36550,14,1
2825353,21903,2,1
159485,46045,11,1
3364168,39560,7,0
2157222,21903,15,1
1708367,47766,2,1
2073675,17264,13,1
2798028,20512,7,1
3396111,11777,6,1
94677,17758,5,0
3279660,37067,8,1
2906880,34386,8,0
2297930,20380,33,1
1455635,38557,36,0
1051559,13944,8,1
1885962,48894,4,0
2410485,17461,6,1
1524113,35263,5,1
2376364,42265,2,1
2377841,21616,6,0
491724,26209,11,0
401748,30784,2,1
366041,28358,2,1
3242636,1104,9,1
2304978,35951,4,1
3377890,47144,7,0
1175160,46149,3,0
125527,39891,23,1
73647,44475,1,1
377315,8518,2,1
284437,459,17,1
1749896,17352,4,1
532393,25926,6,1
2276299,40396,1,1
2814659,44245,10,1
561925,2763,3,0
280254,47626,8,1
1599092,18998,4,0
2642472,43772,13,1
109143,8174,10,1
1737386,6489,1,0
1789088,14778,8,1
3275606,24964,20,1
2891355,4605,1,1
1565135,39216,7,1
483600,14159,2,0
70932,34134,4,1
2766238,16759,8,1
1884674,24964,8,0
1045353,26369,21,1
1117104,47766,14,1
2514824,46684,4,0
545645,36550,16,0
2671607,25760,18,1
1789088,33642,4,0
2105603,18370,5,0
2323080,17016,4,0
2430243,21938,3,1
1964718,6343,17,0
2464931,30420,33,0
159485,47209,2,1
314432,16168,4,1
1227572,49383,10,0
699269,40376,21,1
1155473,32717,2,0
1586472,18019,5,0
551046,48364,11,1
2563762,8424,21,0
2292077,1376,2,1
3125052,38739,4,0
11646,18918,8,0
2544353,35264,3,1
2717830,33195,21,0
1711527,13176,4,1
1024277,33089,12,0
3278532,31717,18,1
2868058,26586,5,1
2340751,24799,6,1
769669,35629,19,1
882997,24838,8,1
3302929,49111,7,1
1465229,42265,12,1
1504514,40002,3,0
785385,28986,13,1
155267,39812,20,0
1657563,11712,11,0
1402703,49176,10,1
3189826,25146,16,0
2604622,43983,8,0
1252827,22935,6,0
555343,25659,7,1
492086,15290,9,0
2600858,14488,12,1
1077081,8277,14,0
1398622,12738,1,1
190203,7456,2,0
237108,4605,1,1
2870910,4605,5,1
1990379,11885,1,1
742608,13176,14,0
1873651,20011,44,0
1252827,45504,1,1
345699,18019,4,0
2078585,432,3,0
436244,26728,1,1
262833,19503,12,0
3343505,7600,10,1
358895,39739,6,0
963835,19220,4,0
11646,29987,2,1
1556115,43352,3,1
1447765,9521,9,1
1384155,9421,8,0
2498920,6297,1,1
2079459,30958,1,0
1121318,13870,8,1
1474388,28204,2,1
2130085,21292,3,1
3414214,38159,5,0
1439711,12384,3,1
90825,14858,4,0
104688,23734,5,0
2905646,28439,5,1
56384,20114,12,1
1965865,16797,7,0
1406269,21405,6,0
652209,41950,17,0
359852,5375,3,0
1965865,32239,12,0
832587,39276,23,1
561925,8174,4,1
2655361,43049,9,0
2891810,32465,2,1
171574,4658,18,0
1382360,10343,4,1
2921844,44661,4,1
1905959,39276,4,1
2419939,24670,4,1
2891810,28173,9,0
1011691,43112,1,1
759988,21137,16,1
1889679,45104,19,0
1022964,24852,4,1
2219353,7500,13,0
2085383,18918,3,0
2530803,10070,36,0
755373,34551,2,0
2873745,38768,1,1
1219325,397,8,0
3165701,48205,1,1
336423,2364,6,1
2819443,48808,1,1
1754089,9208,3,1
758118,31299,6,1
815342,28204,4,1
358895,2994,25,0
2562608,47601,6,1
1077081,432,10,1
1780688,10248,7,0
2232755,32403,4,0
373658,42769,9,0
464218,27383,11,0
1941179,49354,15,1
742608,7079,22,0
176114,47547,1,0
772997,33081,4,0
1022964,16056,27,0
3275606,48745,25,1
409481,23537,12,0
732000,42105,12,1
531970,44245,15,1
1845470,40310,19,1
2378374,26497,8,0
340663,8025,22,0
372193,21137,11,1
374148,6128,21,1
292489,49044,12,1
1017916,32052,2,0
2278915,21850,10,0
867610,22035,11,1
1731430,26209,10,0
284437,40332,13,1
1219325,45570,2,0
1587280,42244,4,1
859568,1529,9,1
1983294,17794,8,1
400576,21038,14,0
2550592,7987,3,1
94677,33433,1,1
1032465,9434,7,0
1127459,9282,11,0
3286265,7484,2,1
1661890,15945,12,0
1287180,45188,3,1
2152455,29987,3,1
876134,34739,2,1
3251307,1511,4,1
686547,28601,3,1
2191145,3081,6,0
1693846,41973,1,0
2200793,3999,6,0
1304448,46061,6,1
551046,47912,10,1
68408,23765,10,1
1594427,43631,4,1
2033904,45066,14,1
3039231,16102,3,0
2380346,13627,12,0
464408,11937,5,0
793717,7461,3,1
2920031,38557,4,0
1977792,15872,11,0
6601,46676,7,1
959410,1158,19,1
502962,36011,3,1
2831476,24160,4,1
1951002,22142,11,1
529777,39428,2,0
1530932,10749,2,1
1191492,45842,5,0
921950,31840,5,0
9932,13535,4,0
1250013,4410,10,0
879635,38693,6,0
208335,2350,6,0
677829,21137,1,1
2766627,15937,7,0
1749896,20549,22,0
3130206,12576,17,1
657357,5692,2,1
1964718,45066,8,1
1070823,25256,5,0
90985,48309,11,0
936635,44359,2,0
1711527,14467,3,1
785385,30850,14,0
2034115,35887,19,0
3156771,21903,10,1
826427,13176,7,0
188023,9808,7,1
2429837,17878,7,1
2199033,22242,2,0
2219353,11123,10,0
1738170,36735,5,1
1896008,26683,1,1
2568662,17871,1,1
1608098,260,11,0
292489,13176,6,1
2560500,38618,20,1
2230476,196,1,1
826013,47144,3,1
3355305,43631,1,1
2942047,12341,1,1
1465229,24852,1,1
2404972,47626,12,1
1650972,36695,14,0
1409253,4989,4,1
1049654,35167,9,0
239592,30489,5,1
1983044,28373,2,1
208335,38739,2,0
2383849,12872,5,0
2050816,49044,13,0
3345931,13782,8,0
340663,36267,19,1
46409,33294,6,1
1409253,12099,2,1
1845470,7991,36,0
1650972,39758,19,1
55278,33352,4,0
197549,38579,1,1
1091897,38689,2,1
1258852,19511,1,1
1731473,39699,3,1
2102312,19173,3,1
2062543,12872,5,0
2735618,7485,2,1
1763628,13249,2,0
262833,34050,4,1
2150162,19820,5,1
2480065,18479,8,1
1516617,18502,17,0
2130140,31523,15,0
259284,27086,2,1
2340751,66,7,0
3406316,25146,3,0
1121318,8021,28,0
378419,22218,4,0
3367254,18176,15,1
2073675,25899,2,0
2498920,24799,4,0
2378344,36011,2,1
2082012,41458,6,0
2140510,8195,6,1
890832,44479,3,1
1599586,19348,1,1
1406604,19348,3,1
2413455,10473,1,1
2616558,10673,1,1
2897036,329,1,0
3118113,37067,13,0
1124874,16020,2,0
239592,31701,13,0
2460683,4086,19,0
2229373,9069,11,0
568908,41351,11,1
493190,25146,11,1
823366,47766,4,1
280254,22035,31,1
386673,25091,1,0
3198333,36534,2,1
349684,18382,4,0
449989,29307,22,1
345699,32360,5,0
1858384,44491,20,0
64319,19348,1,1
3218966,4329,19,1
2164338,21938,5,1
1082064,28993,5,1
1682682,20014,23,1
145541,42392,5,1
800287,11759,5,1
2818632,20378,7,1
2766238,44359,11,1
2473729,2353,10,0
2761981,16291,3,1
1051559,22520,5,1
125527,17576,12,1
2094728,22353,18,0
228658,21903,4,1
237808,6901,7,0
1605416,27104,6,1
159485,31801,21,0
3385060,881,14,1
1156256,7746,7,0
2636642,8955,4,0
742608,7969,9,1
1682682,26029,24,1
2018860,33957,13,0
1402703,35762,7,1
2377841,5589,3,0
995368,8309,2,1
1058493,44867,2,0
1873651,47672,3,1
2185930,6948,4,1
1885962,3128,5,0
764341,17993,10,1
478112,26800,25,1
2495611,14705,8,1
522396,4605,12,1
415429,8048,4,1
2819443,38563,2,1
2795874,26209,28,1
1147586,44142,10,1
2152455,14992,11,0
209779,49533,7,0
411595,10667,15,0
2317342,42265,5,1
55278,16848,17,0
2932939,11081,3,1
2310286,12409,7,0
75013,48745,9,1
1905959,42445,3,1
2460683,44142,2,0
443247,38297,9,1
1401083,22935,6,1
859568,8424,3,1
545645,30489,15,1
3185505,9020,12,1
1022964,14147,7,0
1147586,10193,12,1
542414,5876,6,0
778664,8571,1,1
2157222,37158,2,1
2531749,47734,26,1
1505841,26396,20,0
384530,40706,6,1
1052772,25513,15,0
879116,19048,4,0
1634192,36956,13,0
991772,37229,2,1
2205439,9163,9,0
1952959,11005,9,0
2295939,15984,4,1
2167135,46842,1,0
3302929,45066,4,1
336423,39400,31,1
1737386,48900,8,1
2156132,13176,1,1
702422,18434,10,1
886188,31467,13,0
879116,2078,5,1
1243373,2450,5,0
259284,46979,3,1
330860,24186,1,1
1064170,13866,2,1
1983294,9203,13,1
73647,38454,10,1
2824989,38635,5,0
2951304,10411,9,0
2809547,29075,18,1
1749896,27086,13,1
2584332,28918,10,0
2181668,42625,12,0
1573551,35951,2,1
1754089,5097,9,1
1673021,32689,1,1
683065,13176,8,1
777036,29447,4,1
1708367,36685,14,0
340663,47766,7,0
141549,21938,16,1
1961692,24852,2,1
3086719,33731,5,1
2010460,48455,16,0
3286478,19057,6,0
386283,40411,20,0
416161,15869,4,1
1165962,1117,18,1
3196061,5825,4,1
1498305,24852,2,1
2010460,41658,1,1
2439875,9554,1,1
3170244,48679,3,0
2428914,27247,1,1
996728,31433,7,0
2487759,24964,1,1
109143,7490,7,0
2404972,35951,5,1
679841,39275,7,0
629227,47209,6,1
497500,40724,3,1
1385193,46456,1,1
497500,43819,2,1
3171063,18529,1,0
1815912,5876,30,1
2394392,38739,2,1
3373457,9618,8,0
2602164,25890,11,1
1264286,4778,2,0
2615945,34213,7,0
2016405,3594,1,1
2016405,23734,15,1
1087344,30489,18,1
2102312,43726,12,0
1524113,21903,4,1
959395,22526,22,0
1284652,34969,6,0
478327,47209,6,0
209779,1360,4,1
386032,7177,11,0
1422490,14126,2,1
2895034,44359,3,0
425196,21756,2,1
974903,33303,6,1
675433,47144,10,1
492086,33198,15,1
340663,39121,10,0
1818572,46061,2,0
3344551,4445,5,0
415554,8955,25,1
1052772,24852,3,1
3171285,21938,7,1
485099,23959,3,1
2050816,43129,26,0
1313934,47626,6,1
1676253,29346,16,1
1231050,26783,24,1
1596587,28458,5,1
139320,31477,18,1
148866,31506,20,0
1091897,13085,15,1
3331406,30489,6,1
1711249,25896,1,1
2898330,34452,3,1
952434,46138,2,0
1953378,34969,9,0
192444,37825,8,1
522396,31343,8,1
1521227,23630,7,1
3106064,2361,9,0
2010460,21137,10,1
502962,28204,7,1
1941926,3376,9,1
400576,14858,15,0
1060900,16759,4,0
1379909,2311,26,1
1544996,29398,5,0
1731473,24852,9,1
1090807,9390,8,0
2968643,2180,10,0
330830,7952,4,0
2316788,21903,12,1
525135,17878,22,0
1815912,2825,24,1
1701033,14901,2,1
509825,2295,11,1
1133069,16185,1,1
2439875,44396,8,1
196354,19613,5,1
2545747,17789,5,1
1998208,19348,2,1
1840937,4338,24,0
1409253,26410,15,1
2975449,48057,14,0
3189091,45004,1,0
33785,44475,18,1
1815912,27966,19,1
1159468,24870,1,0
511309,22788,8,1
2063863,20693,4,1
2704542,35586,16,0
409481,14992,11,0
915979,13512,7,0
2158709,8146,27,1
488480,41097,18,0
356781,21903,4,1
1474388,34124,10,1
755373,44987,6,0
374148,15599,6,1
33427,11520,1,1
1156256,26088,23,1
2282529,19660,2,1
464087,1729,2,1
1573551,18434,4,0
2870910,42625,4,1
1886248,33198,3,1
808019,27344,9,1
1316906,16349,9,1
1044651,22935,20,0
2376926,28918,28,0
1952959,21526,8,0
2983102,10409,3,1
1307787,4317,12,0
449989,28635,1,1
1022964,40593,18,1
1155473,39984,17,0
1781194,12341,6,1
612632,20199,6,1
1607018,6046,10,1
197549,40459,2,1
1475735,39812,2,0
356781,41950,10,1
1780688,41920,1,0
1220243,40706,4,1
1121318,44632,5,1
1018207,24506,5,0
512157,17855,12,0
1840937,32331,22,1
1889679,35886,15,0
926869,18090,22,1
1651462,39928,18,1
2784192,27544,7,1
1644198,8174,6,1
2229411,4605,3,1
3166316,2078,1,0
2224522,30583,8,0
317655,13554,9,1
1846047,45747,3,1
2761587,5373,1,1
3377890,34289,4,0
1604594,5785,3,1
947646,7185,2,0
903107,22035,7,0
1377891,18168,4,0
1013005,11422,4,0
1271003,48079,7,1
1176861,37065,11,1
1379909,45007,21,1
777036,30117,19,1
2135040,28906,7,0
2410485,40541,2,1
1176918,12341,4,1
2016405,13627,14,1
984136,44359,11,1
984136,25005,8,0
2733134,16185,8,1
1060550,34217,17,1
2419939,32230,7,1
2521485,47672,5,1
104688,48364,14,0
1326170,48812,3,1
2021728,44172,1,0
2037521,15913,7,0
2350937,48679,14,0
702422,28250,27,1
2530223,48812,1,1
1097707,44910,4,1
1894752,33198,7,0
393,13424,7,1
740447,7914,3,1
1912642,4920,1,1
2181796,36082,5,0
2961194,20344,6,0
794064,21162,6,1
1326170,38768,1,1
764518,31343,7,0
951815,8153,1,1
3331406,20114,5,1
3159335,37017,7,1
2019002,41714,6,1
3322557,35518,4,1
882997,42345,21,1
2420073,45063,9,0
1946763,21777,3,1
737090,12385,2,0
144193,20022,15,0
2773969,8013,6,1
2562608,11286,15,0
2193503,49683,1,1
791701,34795,8,0
2359134,8169,7,1
1176450,45603,2,0
3148338,42731,12,0
2437216,6551,6,0
1961020,20580,10,0
867610,21137,5,1
2734430,7842,15,0
902794,13948,4,0
2090821,15937,2,1
3088554,19286,9,0
1845581,34578,1,0
2157222,19311,7,1
1176884,48775,4,1
2985348,26348,1,1
2316788,12204,9,0
318961,29285,5,0
1716383,49683,5,1
787925,20123,6,0
3125052,28156,5,0
1586472,38050,11,0
516142,13176,4,1
1082064,31555,14,0
757591,6734,3,0
1393193,41844,7,0
2154641,27771,1,1
81475,4455,22,1
2779437,22825,3,1
3286478,39877,7,0
893488,2120,2,1
1155473,2081,22,0
1588323,24852,5,0
1117104,34126,8,1
3140442,17949,7,1
757837,21137,6,1
1977792,25147,4,1
1271003,7076,6,0
874923,38222,14,0
3247591,21053,1,1
3187545,44337,8,0
3189826,38772,9,0
2156132,28204,3,1
512157,3470,9,0
1964718,30391,19,0
1498859,14467,1,1
2158622,12276,12,0
2739767,4562,3,0
1339862,9839,1,0
386283,34067,17,0
1210519,27325,5,1
2965401,5449,6,1
1252827,6187,21,1
414029,43205,13,1
3347608,7021,6,1
3343386,18709,18,1
516142,44359,3,0
893488,1408,6,1
684121,36441,3,1
720694,27663,3,0
1695091,28913,3,0
343485,39448,2,0
2154641,16972,18,1
2480065,13517,3,1
284437,43772,16,1
2975449,44008,10,0
2600858,37145,14,1
2025409,24852,11,1
2010460,48057,11,1
907573,18880,4,0
2460730,26209,5,0
167185,8006,16,0
2880673,25718,1,0
2290762,19638,7,1
1045842,32478,2,0
502962,24852,11,1
1058497,664,11,0
2642501,5282,26,1
104688,47479,15,0
2671607,21106,22,1
2025409,22888,13,1
2167048,31869,2,1
1307787,27985,14,0
650296,40351,1,1
62539,21903,3,1
1604594,36322,14,1
497500,39475,13,0
2602164,28985,3,1
1249817,10411,10,1
2628112,42796,1,1
2671607,29061,4,0
2631301,33731,16,1
3302929,29490,2,1
1749896,8896,16,1
2600858,47950,8,1
1040679,32467,10,1
785488,46785,6,1
2825353,1202,14,0
159485,9366,15,0
1474388,35649,4,1
2378374,45066,17,0
777036,39303,15,0
70932,33787,14,1
3037228,49235,6,1
1081808,47643,2,1
3121685,16768,3,0
55278,47734,30,1
2571020,19863,11,0
1755771,20720,3,1
795216,14992,3,1
2310286,17862,2,0
2158709,33705,28,1
449989,26456,27,0
2393611,24024,1,1
1961692,46906,7,1
1676253,20842,3,1
374148,11563,29,0
2119883,12427,1,1
1356160,4799,8,0
1565450,47674,2,0
1977792,7407,17,1
426262,15950,9,1
3087033,21137,14,0
791701,25985,5,1
2929106,812,13,1
3303112,14874,12,1
343485,34358,29,1
3156771,47087,11,1
436969,18811,10,0
3178710,18523,1,1
1705842,46999,7,1
763355,39557,9,0
51913,5785,5,0
1749671,43352,3,1
3331406,9020,12,1
2819443,23909,4,1
2857450,31268,1,0
1232327,12124,14,1
47041,43597,7,0
1788324,20842,9,0
742608,5959,32,1
3087033,47734,11,0
1764235,47766,12,0
3174686,22469,5,0
3048657,12797,14,0
2688053,36214,15,1
1058493,6128,21,0
3171063,18200,6,1
3379405,26165,4,0
951815,23909,2,1
1070297,31003,3,1
757837,16528,18,1
937452,3397,13,0
3147849,41570,8,0
1565135,20600,2,0
2235395,40571,5,1
2677350,18699,4,0
1705842,27827,5,1
1873651,5973,35,0
2689580,5454,2,1
2376926,18288,32,0
832587,4778,10,1
2681092,34467,9,1
840777,907,3,1
1486828,36942,5,0
1077081,33000,3,1
2531749,24799,10,1
1127459,34243,3,1
1951002,33716,12,0
2397451,22825,10,1
2480876,17652,11,0
491724,13077,2,0
1580135,25494,10,1
1250013,27803,11,0
742608,41065,24,1
2795874,47284,17,1
2631301,33705,10,1
3275606,18200,1,1
1740558,36165,11,0
1028724,22151,6,0
1706342,11182,16,0
2929106,8479,17,1
1682682,39758,20,0
551046,8239,5,0
1316576,5876,5,1
3119375,13790,28,1
2430243,28571,14,1
1387411,40348,2,1
1543723,48154,6,0
1759819,26032,17,0
1953378,31343,12,1
2795874,4086,12,1
2920031,48706,7,0
304846,24852,4,1
73939,44683,8,0
1022964,45123,5,0
1917563,48549,13,1
407922,29307,3,0
2297930,27521,4,1
1607431,45200,15,0
1534801,43154,1,0
1941926,27429,13,1
2078636,48626,3,1
2013275,11266,2,0
2464931,20542,34,0
646266,26949,5,1
1232327,27966,12,1
562031,40251,2,0
626215,47209,10,1
1676253,6435,24,1
1607018,21121,6,1
828533,21909,7,1
144193,34050,12,0
410902,8518,10,0
2864229,39877,11,0
2429837,46175,4,1
3196061,14036,23,0
2517956,347,3,1
1608098,32864,6,1
1360843,25072,8,0
3279660,37011,3,0
410902,24415,39,1
2542094,19535,15,1
2245971,21955,1,1
33331,41665,9,1
1943542,18419,7,0
1486828,18439,10,0
1052772,23763,6,1
713073,12312,8,1
1232923,22395,2,1
2735618,31553,11,1
1625937,27020,7,0
3419158,46372,10,0
974654,12745,9,1
3140442,46226,16,0
1360843,5194,11,0
449989,3856,16,0
1227572,42585,4,0
1211665,12058,3,0
1731918,34217,1,1
926869,16864,8,1
73939,19691,6,0
2376926,7628,34,0
141549,22935,13,1
3396111,38563,13,0
1586472,5603,14,0
1550842,36923,2,1
1676905,43894,15,1
1227437,40571,7,0
2375492,26497,7,1
338988,260,16,0
1418697,7896,1,0
1958379,33198,2,1
965870,21903,9,1
425196,32784,7,0
3121685,49683,2,0
2932939,16953,29,1
1032465,12640,3,1
1713478,45063,1,1
2671607,48702,20,0
2457821,17678,16,0
2530803,12481,35,0
1870540,13176,5,1
2359134,43165,15,1
3379405,41658,7,1
1147586,19468,17,0
384430,35108,1,1
1699361,22474,2,1
1402703,48527,6,1
832587,9547,9,0
3159065,11068,14,1
3087033,2344,15,1
1963089,13497,7,1
1134630,44177,8,1
1522391,31506,3,1
3239508,28427,2,0
3106064,31577,21,0
1845470,24747,35,0
651025,48925,6,1
87914,29127,4,1
2368144,27156,10,0
2279582,5450,8,1
3170244,31242,4,0
1328446,33249,4,0
770584,38656,1,0
823366,8057,7,1
1049654,24231,15,1
335764,44911,3,0
2792577,25146,9,0
1229133,42342,12,1
3331406,14377,4,1
1297444,5020,11,0
2567955,7955,16,0
2873566,40199,1,1
415554,36287,11,1
1231050,33544,26,0
2798028,49683,17,1
384250,47890,3,0
111159,9976,1,1
68219,2311,10,0
791701,23296,2,1
2788699,47209,7,0
2219353,21903,4,1
2158709,39322,4,1
1873651,14897,38,0
608475,4149,7,0
1155473,24852,7,0
1221895,18566,4,0
2396536,39928,11,1
314432,16262,14,1
3242636,45123,3,1
1604594,21709,8,1
2949712,13176,2,1
1603437,42625,8,0
2949376,31066,5,0
2119883,16953,5,0
3411798,40604,17,0
3171285,9020,10,1
2420073,8006,8,0
55278,36874,25,0
188023,9210,9,1
1310901,21903,2,1
2491906,10749,4,1
2119883,15790,2,0
1543723,45622,8,0
24778,30696,5,1
2090821,20469,1,1
68219,34270,9,1
1706028,23165,4,0
2246291,17794,16,1
2870910,18025,6,0
1253527,13176,2,1
1471750,12845,22,0
2406823,3066,7,1
1402703,41148,2,1
377315,36550,6,1
994829,19678,6,1
751704,581,7,0
2968643,49567,2,1
1706342,23769,18,1
2891355,34115,11,1
2689252,5959,3,1
2497140,31777,30,0
995278,16953,6,0
3279181,3066,7,0
3086719,36029,1,1
2809547,31282,16,1
2876345,23441,4,0
1043033,27104,6,1
345699,20022,2,0
2167266,34832,7,0
2098068,15273,1,1
1219325,34358,7,1
482685,33249,4,1
1249722,12658,12,1
2805752,35221,2,1
3174686,48316,3,1
2787322,30233,7,1
1673065,39430,3,0
148866,5120,5,1
1058079,717,1,0
478112,26209,10,1
734017,24852,1,1
3275606,45007,24,1
1744633,31506,6,1
675433,31589,19,1
2893888,33768,1,1
2798445,41149,5,0
2297930,19057,12,1
3187545,49141,2,0
1787556,22935,7,1
626215,5161,1,0
757837,49113,11,1
1227989,8424,13,1
410902,46720,20,1
2500056,10032,1,1
2073675,29615,4,1
2631301,39947,3,1
398692,18465,1,1
2763318,5194,7,0
1873651,14072,37,0
2929106,12572,12,1
522660,28518,10,0
262634,48099,4,1
1233999,4799,22,0
781564,7051,4,1
103513,32086,3,0
143782,48220,4,1
3187545,17858,3,1
2208428,6291,16,1
3125052,3457,2,1
2684951,2450,15,1
2655361,24852,1,1
1332924,18747,9,1
1374746,22089,5,1
1845829,39002,3,1
144193,25806,21,0
1657563,35951,1,1
1376096,25544,8,1
3379405,21704,3,0
1713478,5876,4,1
2473729,45693,19,0
2313657,10017,1,1
1369416,49319,23,1
1737531,42585,23,0
2050816,32743,11,0
1117104,27845,30,1
1231050,45608,22,0
1521227,26351,4,1
2130140,24852,3,1
2621260,26940,8,1
318770,21195,16,1
2011953,33810,22,0
27487,40469,7,0
1884234,1503,4,1
2642472,13746,14,0
1934396,45035,2,1
3373457,27744,2,1
2866527,2668,6,1
3407187,38511,4,1
1241386,5385,1,1
1739738,24382,13,1
1828179,8746,6,1
407922,4605,8,1
65818,38273,3,1
249748,42475,5,1
1764235,13013,22,0
3299159,9387,7,1
211750,30440,2,1
1238015,31506,3,1
2531749,26209,23,1
2814659,22699,5,1
90825,22017,18,0
120566,17616,8,1
1692830,46667,3,1
445115,19816,3,1
2376926,15392,39,0
649782,46979,3,1
1392788,39922,10,0
2037521,39431,14,0
3196061,1747,16,1
104688,46572,7,0
254415,39581,2,0
2965401,5077,9,0
1134630,28092,7,0
787925,12250,7,0
107974,24852,5,1
2135040,46820,1,0
2602164,17878,22,1
125527,37849,7,1
1243373,48779,4,0
1230334,38557,15,0
2805752,33508,9,1
2084838,12845,4,0
1676253,35909,5,1
3385060,49044,18,0
1831838,19173,1,0
1671844,46584,12,1
2521485,5450,1,1
676611,25931,16,0
1249722,18918,15,1
1176861,47007,14,0
699269,11944,15,0
159485,14852,16,0
1654776,37011,3,1
2889454,16797,4,1
1599586,18523,2,1
2798445,4533,2,1
2188005,47209,20,1
32916,29363,11,1
174976,24852,3,1
122891,7175,3,1
1052772,1545,12,1
2919525,5383,5,1
2298080,27104,3,0
2473729,47590,11,0
968730,26131,8,0
2784192,33290,4,1
1544996,25659,2,1
840808,2680,5,1
2787322,11078,13,0
1117104,31717,7,1
1692830,18689,4,1
1155473,15649,10,1
1645226,33120,4,1
1963089,24852,1,1
759087,18471,13,0
1689000,9881,9,1
497500,42736,20,0
1369853,10749,4,0
1241386,46572,8,1
2428914,31506,32,0
462204,18565,4,0
1159468,36618,4,0
141549,34126,9,1
1913844,35628,1,1
304846,5785,6,1
2120886,24184,3,0
2642501,8021,29,0
772797,46584,5,0
494872,26165,1,1
2517538,907,1,1
915979,43875,1,1
512157,20147,6,0
2485732,39190,8,1
1737531,23025,29,0
139415,17355,1,0
3162717,18288,4,1
1557429,44570,1,1
1469840,47630,4,1
1156256,37107,10,0
3419634,31433,19,1
332603,32478,1,1
629227,27156,16,1
3286478,34497,4,0
139320,37220,24,0
1815912,26100,32,1
3371770,30106,7,1
2250721,14875,5,1
2053562,42768,6,1
1393193,44560,3,1
1524113,25017,2,1
2555851,23734,12,1
2095540,24852,2,1
1360843,41860,13,0
2998363,44514,4,1
423493,32443,1,0
2406823,11520,5,1
676611,24253,13,1
2812591,13176,2,1
3179270,20574,3,1
2785172,21903,1,1
478112,21903,7,1
2430243,21616,5,1
2449351,38312,8,1
2642501,37646,7,1
1439711,47209,1,0
1319390,45106,22,1
3120961,10713,5,0
1689000,30630,8,1
1439584,22170,3,1
411595,23803,8,0
486501,40604,6,0
2793915,14218,1,1
1565135,14692,1,1
1290822,22589,9,0
596265,35973,1,0
1375389,8424,29,0
2480876,34,2,1
1406604,32031,1,1
2542094,8424,5,1
1029026,9666,3,1
1044651,22395,18,0
3126243,46175,7,1
1780688,43789,11,0
3159065,5876,1,0
759988,41844,18,0
3174686,43459,6,1
511309,14147,6,1
1319390,25435,20,0
2053562,4562,20,1
2380442,47504,5,0
2873566,9637,5,1
3214740,5161,5,1
997929,43293,3,1
1464717,12745,3,1
1024277,35842,5,0
3171407,20259,17,0
2082012,24840,8,1
2559979,22169,2,1
1557429,18558,7,0
1073064,24838,4,1
2735618,27365,14,1
626215,8671,8,0
2077812,5450,2,0
1243373,21573,1,1
2306745,13575,2,1
2127202,3599,11,0
608475,47766,5,1
228658,25138,7,1
2219353,33862,15,1
1988365,23094,14,0
2508780,21292,7,1
1332924,8424,8,0
1232327,8021,11,1
812827,12962,25,0
1917563,18418,19,0
2098794,41259,5,0
1151977,22080,1,1
2250748,28427,6,1
2824176,24239,5,1
2445119,16797,8,0
998879,26604,5,1
333900,11520,4,1
3162717,5383,8,0
2975449,1244,6,0
764518,4799,8,1
2167048,26790,1,0
2404972,5134,13,1
2696681,35132,14,1
1090807,46979,11,0
2571020,32573,4,1
414029,790,1,0
1049654,5450,3,1
254415,40910,13,0
408929,21903,10,1
2378374,16797,16,0
2868611,21903,16,1
926869,35321,9,1
1815912,34448,17,1
1781194,6615,12,1
1257106,9076,1,1
147827,17689,7,1
2073675,40136,12,0
2399369,23871,21,0
3414214,26882,7,1
2200793,13176,1,1
947646,27521,13,1
109143,13988,9,0
371933,10644,11,1
2791414,32197,6,0
374148,8175,24,1
2292077,24852,4,1
1044651,49005,10,0
1899313,32689,10,0
2642501,47734,18,1
330860,32156,4,0
1121318,19322,9,1
256092,38440,1,1
832587,933,17,1
1210519,31717,4,1
310520,14467,48,1
1776897,14992,8,1
358895,7598,5,0
3299159,9007,4,1
1627476,10032,3,0
1249817,48144,13,1
1945204,37229,3,1
3406316,32573,13,1
1781194,27156,5,1
1768015,5031,4,1
3169755,25544,6,0
742608,49128,8,0
2156507,41149,11,1
1297684,21938,10,0
3196061,42701,1,1
2965401,38739,5,1
522396,41950,14,1
171574,13176,10,1
2396536,40396,3,1
2303859,16759,4,0
1463803,33787,10,1
2380442,49683,3,1
2460730,24125,7,0
652209,10699,6,1
989744,41602,3,0
530658,40706,6,1
2396536,18465,12,1
2766627,39877,14,1
2474227,47209,3,1
2158622,14971,2,1
1138351,29345,2,1
794064,38984,7,0
2329036,38672,2,1
1565135,6187,10,1
1523038,4920,7,0
1683669,13165,8,1
3317683,2732,2,1
1941179,19134,28,1
310846,39928,6,1
2993445,25704,8,0
947519,16237,2,0
3367254,17518,14,1
3415417,22329,7,0
1050290,1158,7,0
3156771,25718,1,1
2965401,35992,2,1
1326299,13802,2,0
1884842,5876,7,1
1626604,29745,2,0
702422,4656,19,0
1028724,27966,1,1
1486828,5079,3,1
2428914,21903,6,1
2825121,8174,29,0
991772,43220,12,0
3411798,46676,15,0
2495611,3358,3,1
1362942,34887,1,0
791701,1138,4,0
1592008,21137,8,0
1367879,5450,8,1
1899313,45354,12,0
2078348,4258,4,1
3396089,24654,1,1
144193,32727,18,0
3185505,17616,6,1
679841,40408,4,1
2010460,16349,3,1
2396536,5876,18,1
1988365,6846,5,1
2773969,8390,4,1
1754089,17811,2,1
3385060,8266,15,1
1091897,25890,13,0
487015,39945,2,0
1759819,4350,18,0
1596587,16174,10,0
2133560,15613,2,1
3037228,40604,1,0
747891,16082,2,0
2825121,45007,5,0
3279660,19354,7,1
2739767,4086,5,0
2098794,38426,2,0
2476007,13877,7,0
1156256,46969,4,0
1621444,38739,3,1
90825,39249,14,0
984136,13176,12,1
34546,39928,9,0
155267,28842,16,0
345323,21417,5,1
1210519,32566,6,1
3029879,39990,14,0
882997,21903,16,1
3094404,35132,2,1
336423,36058,16,1
1943542,45061,6,0
1858384,22298,19,1
2018860,25931,5,1
467749,45832,2,0
55278,47626,13,0
500705,17794,8,1
769669,16797,22,0
278157,31373,2,1
1794436,4920,9,0
2072131,22825,8,0
1544996,21773,1,0
2608193,4605,3,0
832587,2518,29,1
1941926,13869,12,1
2282529,39984,7,1
1165962,46979,13,0
270320,25890,1,1
2424254,36029,5,0
1963089,46692,6,1
400576,20282,17,0
1523038,2832,18,0
1953378,37646,7,0
401748,18465,1,1
3140263,21938,9,1
2615970,12817,10,1
1079090,13166,18,1
55278,1942,24,0
467749,32480,1,1
2642472,5612,8,1
1764235,21137,7,1
764518,46558,3,1
525318,743,12,0
676611,16995,8,0
835893,4920,6,0
81475,34243,13,1
676611,42828,9,1
2504445,36011,6,1
423042,28322,11,0
1739738,47226,16,1
2825353,21709,1,1
449989,16797,2,1
1097707,3252,7,0
840777,20940,1,1
3130853,16213,15,1
998879,16797,8,1
990074,40723,1,1
2559979,30639,3,1
551046,40268,14,1
2224522,13176,13,1
2773969,2046,22,0
1826981,4297,4,1
1326299,44491,7,0
2873566,48341,7,0
1297444,22724,7,0
314432,40709,6,1
2282529,27845,11,1
3197136,21925,4,1
3419158,27966,2,1
1556115,9839,2,1
1271003,36517,8,0
1464717,2124,8,1
507053,8859,1,1
1393193,25613,10,0
2891355,47626,6,1
2562608,41999,13,0
2094728,37213,6,1
1706342,22400,13,0
2371282,29675,10,1
1846047,23451,1,1
192444,5134,4,1
449989,26503,24,0
1627476,22938,5,1
2009922,5782,11,1
1651271,24852,1,1
3277561,40311,11,0
3278532,39275,14,1
2312946,4920,1,0
343485,20995,5,0
926869,29898,33,1
2608193,35907,8,0
2012554,42352,5,1
1091897,27966,3,1
2033904,9934,22,1
878107,1631,3,1
1183675,11888,1,1
2788699,33754,8,1
2449351,13176,9,1
2313657,43290,3,1
2297930,46667,14,1
3396556,19443,11,1
1702465,26209,19,1
1382360,47209,2,1
1340870,7781,3,1
3168961,31275,9,0
2219353,25435,17,0
1593956,33909,8,0
2102312,34969,10,0
1599586,15995,9,0
791537,30391,2,0
2688053,30720,17,1
3266888,19057,2,1
19739,24915,3,0
1565450,39993,4,0
425196,27323,4,1
2787322,26736,6,0
759988,16462,13,0
3068101,27368,7,0
702422,28985,7,1
1479450,13176,4,1
1232327,20392,2,0
800287,42392,6,1
1091347,31215,34,1
1439584,13176,1,1
2152455,28842,5,1
180808,35108,17,0
3218966,46541,18,1
1176861,4174,1,1
1917349,29487,5,1
2689580,27090,3,1
1752226,41844,3,0
764518,22451,4,0
193499,22206,6,1
442153,21333,5,1
1227572,16797,6,0
3322409,39693,8,1
2684951,31717,6,1
1963154,23909,2,1
449989,24852,4,1
68839,7053,1,1
1326299,13176,8,1
2085383,39430,5,0
2560500,20810,12,1
1231050,2078,17,0
2792577,34358,14,1
58438,13654,2,0
1753259,329,11,0
2168213,15860,2,1
3379405,37065,11,0
3159065,37766,15,1
1064200,41096,12,0
2012554,32019,3,0
1737531,260,14,1
1307787,29993,8,1
2229373,6318,1,0
2094728,10644,14,0
1106114,31766,4,1
1858384,47029,3,0
926869,10644,34,1
748189,44632,4,1
1156256,45066,22,1
22901,24852,1,1
436969,49235,2,1
1586472,5077,10,1
435200,30450,1,1
3238836,21709,2,1
2542094,18362,7,1
2475764,26209,6,1
65818,9076,8,1
3086719,21137,7,1
1064200,8747,14,0
2677350,28397,7,0
2476007,27845,3,1
1708367,20580,20,1
2801507,43867,1,0
2034115,37067,10,0
1091347,11791,3,0
1886248,19022,7,1
3322409,32650,10,1
1857438,48679,8,0
2181668,38273,14,0
3156771,18362,5,0
3322409,43768,4,1
261647,6046,2,1
712453,20118,11,1
96117,7978,8,0
2752035,31343,12,0
1989664,11068,14,1
1884219,13870,5,0
1395773,46979,6,1
1017916,28058,12,1
1858384,6221,15,1
3118113,20633,7,1
779191,9808,23,1
1625937,33091,6,0
920936,16731,3,0
2478624,15276,7,0
2253870,6933,16,0
1504514,36865,9,0
1596587,5612,9,1
1369416,32465,19,0
2282529,8518,17,1
738520,45007,7,1
1340870,5876,6,1
2659608,42768,7,1
3400506,15663,17,0
3088554,34466,7,0
90627,15438,1,0
781564,13025,5,1
1395773,2568,11,0
6601,45204,9,1
188303,27156,3,0
1409253,24838,11,1
1060550,219,5,0
3144865,12078,2,1
2062671,1463,3,1
3278532,39475,19,1
557003,24852,2,1
1683669,156,16,1
374148,35267,13,1
1288137,3339,20,1
2191145,34519,10,1
1941179,42824,33,0
2359202,42972,2,0
702422,11408,21,1
1382360,3827,8,0
1696797,22695,2,1
3343505,49099,4,1
1661890,27796,13,0
366041,18072,7,0
2766627,40706,11,1
2826735,46906,3,0
677294,31130,4,0
1518716,38557,8,1
2825121,30391,3,1
840777,35561,6,1
2639837,3732,2,1
551046,49158,17,1
430129,5385,5,0
2942114,16185,8,1
2544353,9346,9,1
3044039,1,3,0
1530932,34243,9,1
3166316,43712,3,0
2844368,196,3,1
1369416,27676,27,0
2150162,35951,1,0
1529257,13176,2,1
3350400,41197,3,0
3170244,31315,12,0
1395773,13467,14,0
2815894,3913,3,1
1580895,46979,13,0
1557429,13245,13,0
2073675,5097,11,1
309543,20995,3,1
2584332,32398,14,1
3121685,26384,4,0
1029026,12290,4,0
1367879,21077,2,1
2671607,23734,15,1
2868611,31343,13,1
772797,49533,8,0
1288137,24009,5,0
96117,40606,1,1
1229133,7503,2,1
111516,41844,1,1
317655,45066,5,1
2396536,10199,20,1
2825353,47766,5,1
2318060,5130,9,0
2130140,47209,2,0
2825121,15791,15,0
125527,5233,14,1
3029205,39097,9,1
1384155,27845,18,1
2224522,6129,7,1
677294,46047,10,0
1498859,27966,12,1
1022964,49683,2,1
2229411,1158,5,1
1091347,28931,32,0
1220243,47209,7,1
2788699,37552,1,1
81475,16349,17,1
1833382,47759,8,1
2959404,37766,31,1
1884842,4366,11,1
602715,21292,3,1
1794436,39475,1,1
85974,9755,4,0
2751379,2086,12,0
926869,39561,21,1
1379909,22035,25,0
2449351,27845,16,1
19739,31921,1,1
3063904,24489,17,0
1249817,33589,9,1
1940934,7035,8,0
2531749,48595,18,0
1716383,11140,2,1
2893609,4605,14,1
1499836,30489,3,0
171574,27966,6,1
1553899,24852,1,1
2815894,31553,7,1
301752,26369,6,0
2735618,24521,1,1
210330,22959,4,1
2792577,36393,8,0
2427011,18849,11,0
1168535,29987,2,0
2001987,1940,6,1
1977792,44142,6,1
838496,18465,3,1
359942,39275,5,1
2889454,12139,13,1
1232327,16185,5,1
1708367,41860,17,1
1498305,888,23,0
1905929,8424,8,0
2350937,30391,10,0
1326080,24852,12,1
2779441,18234,8,1
335764,23352,4,1
732000,18901,9,1
1711653,1700,14,1
3286478,13176,5,1
2235395,34217,8,1
2334360,28842,8,0
1737386,5785,4,1
1622830,8859,2,1
2062671,6142,5,1
2504445,23288,1,0
171574,21903,4,1
2457821,11826,9,1
1095049,23296,3,1
1231050,40956,15,0
2658880,4086,4,0
812827,48577,9,1
2815235,6046,7,1
1117104,38383,3,1
1845581,22356,3,1
1023988,30827,2,1
1828527,24838,13,1
1357273,49236,1,1
111159,2717,4,1
1379909,1999,22,1
423259,34112,3,1
2279582,40310,6,1
2257798,33768,3,1
146782,18023,1,0
3056599,45007,7,1
823366,44910,14,0
650147,38563,5,1
2185930,44632,7,0
2627826,5612,6,1
3283228,46699,1,1
1257106,21903,4,1
3063904,8467,4,0
1845829,6760,2,1
109143,31717,3,1
1988865,18234,11,0
246129,21616,3,1
755030,9434,6,1
2544353,39911,5,1
1650972,24024,15,1
545902,26604,15,0
81475,23373,6,1
3132860,28339,1,0
147827,10341,6,1
819481,22557,2,1
1889679,21616,4,1
33427,42450,10,0
1360052,4605,1,0
1090832,30975,4,1
47552,22507,5,1
522660,5432,4,0
1290822,3869,20,0
1951002,27086,14,1
1043033,23622,15,0
1386193,39275,4,0
1696797,29503,5,1
303567,17122,3,1
1155473,9133,25,0
2078636,32641,6,0
233841,39462,1,1
1868479,9507,5,0
1873651,8390,32,0
2485732,43122,9,1
1544996,16759,6,0
2130948,14332,11,0
987279,21194,14,0
1360843,1879,24,1
399528,18963,1,1
2639837,24908,6,0
317655,13176,2,1
712453,36070,13,1
2949712,42265,6,0
2316788,26209,10,1
522660,41292,7,0
1091897,21497,19,1
393,12078,1,1
2428914,29536,17,1
1498859,27344,5,1
1608098,8479,8,1
1594427,5853,3,0
919796,30391,6,1
740447,38775,8,0
332084,44290,5,1
2363164,22767,19,0
1250013,41787,5,1
2090821,34358,5,1
3178992,27521,3,1
2445119,8518,14,0
314432,18441,5,1
2870910,49174,9,0
769669,611,20,1
1742072,13176,5,1
2376926,7916,37,0
343485,45445,21,1
1221895,38739,3,0
942724,26283,5,0
3168961,11250,6,1
1422490,37553,1,1
2897081,25670,2,1
1963089,28289,2,1
886188,49683,1,1
3029205,36857,4,1
1238015,1008,7,1
2787322,2582,12,0
1360843,5134,5,1
1191492,7963,12,0
3148338,4061,7,1
857255,12419,3,0
3282546,22312,6,1
3309959,2537,14,0
3117201,43154,3,1
1682682,17858,1,0
2788699,28682,6,1
1965865,14992,2,1
2688053,24135,6,1
2202159,6184,1,1
2041951,12846,19,1
1769145,13121,10,0
509434,38226,1,0
2751379,24184,7,0
2150162,5785,3,1
1486828,47787,7,0
626215,16290,18,0
2902983,32177,4,1
867610,38159,28,0
902794,6184,7,1
2041951,24852,1,1
1696797,32455,12,1
2464931,3388,36,0
1568394,28427,5,1
1607018,48745,5,1
1580135,8424,3,1
1036185,1115,9,1
1657910,34915,1,1
1815912,22170,14,1
1740558,19816,5,0
164312,9755,1,1
2784427,18232,8,0
1806738,33614,17,1
2868611,33043,7,1
2485732,20734,17,1
2559979,38383,9,1
2795155,24852,2,1
2110658,28204,4,1
1857438,25659,4,1
1657563,41950,3,1
1521227,10385,13,1
1989120,42445,3,0
1442707,20345,1,1
2784427,35163,9,0
2329036,33231,4,0
3050656,6142,6,1
1474388,18465,7,1
2491906,36127,1,1
545902,44142,11,1
1231050,9383,12,1
482771,37158,6,1
1210519,27966,2,1
2053562,45007,2,1
1676253,28092,7,1
3159065,34358,10,1
2449351,37646,12,1
809920,16823,22,0
159485,4367,24,0
3106064,30574,23,1
919796,1181,5,1
748189,36695,5,1
2686941,17994,3,1
1607431,14335,10,1
2067696,2309,4,0
1117104,47912,31,1
2010460,46979,13,1
270320,32478,8,1
202033,46149,1,1
155892,14897,3,1
2530803,14875,5,1
1395632,6758,11,0
3283228,23457,2,1
2248112,10932,13,0
3197136,33176,3,1
1173240,44661,7,0
2870580,48205,5,1
239592,13176,2,1
1673670,31181,20,0
2048259,24852,1,1
2232755,649,6,0
1147586,38028,9,1
1711653,4562,11,0
2298080,5991,10,0
859568,26483,14,0
1339862,37067,21,1
1969105,34259,4,1
1737531,28199,15,1
1249817,31223,23,1
1476041,30353,21,1
1702465,46194,24,1
2717830,10749,16,1
488480,17151,6,1
2232755,6128,7,1
1800023,5115,12,1
3071827,47616,8,0
596265,15905,2,0
2037521,3696,11,0
1334784,31964,8,1
3125951,21810,5,0
2563762,9689,2,1
1565450,40332,18,1
2985348,13176,8,1
3106064,39468,4,0
1676102,19057,4,1
1951002,13176,13,0
947765,34128,3,0
688175,24535,5,0
1231050,40363,9,1
488480,35336,3,1
2547130,9076,2,1
1041690,9954,2,0
893488,44632,9,0
1550842,41714,1,1
1028724,18070,9,1
800287,7862,2,0
2027167,2552,2,1
1483567,24852,9,1
2154641,25340,2,1
1375389,26856,14,1
928387,46125,15,0
2521485,34243,2,1
1899313,32810,2,0
2563762,47766,1,1
1644594,21903,4,1
2704542,35507,4,0
3396111,30306,12,0
1424875,47626,1,1
867610,7559,25,1
997007,11304,4,1
3410496,27323,13,1
1946763,12624,8,1
3029879,23153,16,0
1191492,10070,11,1
73939,22849,4,1
1475735,28715,5,0
188023,25138,1,1
444660,11839,1,0
2246291,12980,18,1
3140442,22935,22,1
1240216,43320,5,0
1058493,17634,24,0
3407187,11367,6,1
2498920,25941,10,0
718275,26246,1,1
2140510,20876,2,1
3159335,9810,1,1
1424875,19895,11,0
374148,14875,11,1
2427011,37766,12,0
1641265,46513,4,0
1238015,10070,5,1
2181668,11250,1,1
139320,26283,4,1
231475,47766,9,1
832587,36418,19,0
1946736,24441,10,0
1294036,47766,3,1
1749896,24852,23,1
188303,47209,4,1
2784427,14467,12,1
1690886,43122,2,1
1402703,5077,12,1
2563762,37646,8,1
2297930,39877,11,1
1845470,365,6,0
1855033,33401,9,1
309543,33120,9,1
1406269,26648,2,0
2437216,48031,1,0
2795155,21938,3,0
937452,11662,4,0
2298080,24184,6,0
764518,40174,10,0
2404972,4812,9,1
3019237,28849,3,1
1790072,31506,7,0
32916,27022,9,1
386283,38185,24,1
3363387,16797,5,1
3277561,8518,21,1
2474227,19057,5,1
2733134,28963,3,1
1050290,8143,2,0
586497,23288,11,1
675433,36212,6,1
140931,46931,4,1
1846047,29285,11,0
1211665,16797,4,1
2473729,32446,17,0
1715870,7521,1,1
2563762,40310,11,1
2219841,13249,4,0
2359134,33000,10,1
2696681,18465,10,0
2702856,29615,2,1
1536955,6680,3,0
383311,20876,2,1
991772,32691,10,0
176114,38051,10,1
1424875,39922,12,0
1683669,22093,15,0
254415,40348,7,0
844890,30315,1,0
2877607,11859,12,0
2881431,21903,4,1
407922,44987,5,1
1586472,39877,3,0
3189826,22089,17,0
1635300,14947,5,0
1240216,27966,7,0
1565135,31640,9,0
436969,47626,3,1
1175871,42701,18,1
2917865,907,2,0
2842283,4210,7,1
310846,25890,5,1
1106114,13176,10,1
2050816,38273,38,0
1045353,1700,3,1
2303859,41220,5,1
408929,24852,6,1
2929106,22124,21,0
3050656,9459,3,1
168002,14947,1,1
2230476,31102,3,0
1801142,25005,2,0
1357273,40706,4,0
2480876,28934,4,1
1406830,25146,1,0
2158709,30658,15,1
2620231,11182,1,1
2271176,28373,4,1
2563762,35547,22,1
2658106,42475,1,1
153033,47788,2,0
464218,16436,3,1
1165962,19337,6,0
2689252,36714,10,1
522396,8518,11,1
1476041,40348,7,1
226192,45064,2,1
1964718,48255,14,1
199346,17461,8,0
2824989,20577,14,0
1879873,17706,16,1
478112,23102,3,1
3144865,6359,5,0
386283,43928,29,1
959410,44570,11,1
812827,18441,7,0
384250,397,4,0
3228592,36670,4,1
1052714,47570,5,1
2987784,23288,3,0
890832,25705,7,0
394428,1729,1,1
1468913,27521,3,1
2788699,24852,5,1
1781025,22825,9,0
2376926,18531,22,1
858265,18091,24,0
1905929,21903,9,1
2485732,32864,20,1
210336,13870,6,1
607499,41111,15,0
2475764,46906,9,1
1357273,40604,5,0
1769145,28031,1,0
2371282,37107,12,1
2037521,3959,1,0
2156507,38970,24,1
2235395,33787,4,0
2120886,35206,4,0
2733134,1529,6,1
2181668,35948,16,0
1052772,37349,7,1
426262,4203,11,1
3287074,14947,11,1
196354,27966,15,0
2571020,13388,10,0
2812591,2636,5,1
1214991,21616,14,0
1498859,20906,6,1
2208428,23088,1,1
443247,15902,12,0
628385,24852,2,1
2783750,26094,1,1
1214991,11408,2,0
1995094,23765,1,0
2517025,27790,1,1
751704,47793,4,0
3106064,24595,16,1
2130948,27966,5,0
3006370,22594,4,0
2430243,45066,9,1
267491,42265,15,0
1521227,27344,8,1
1299060,36557,2,0
1951002,11182,6,0
1498305,33548,21,0
785385,12060,8,0
1737531,23537,4,1
1711527,41290,5,1
1090807,18531,5,1
1124874,34358,12,1
2735618,38159,10,1
3067396,29487,6,0
1651271,21325,24,0
2374107,39275,3,1
3056559,47209,7,1
2870910,2450,17,1
1651271,44422,5,0
764518,2651,6,0
2807097,2078,6,0
1512816,43192,5,1
1731787,5024,5,0
1052714,44629,16,1
2232755,34050,1,1
2906880,33845,3,0
2158709,22277,18,1
2135040,13251,15,0
2626608,14467,4,1
650296,32429,10,0
3371845,21543,4,0
143782,45840,1,0
147827,13176,2,1
1395632,46266,1,1
2342655,27344,3,1
3283228,34243,8,0
1815792,32747,2,1
2788699,27086,3,1
713135,47601,7,1
1599586,30135,6,1
2278915,43692,3,0
2739767,16290,14,0
926869,22035,5,1
1749896,42736,15,1
2475764,35510,17,0
702422,46906,29,1
1058497,26209,2,1
677294,37288,9,0
2704542,25839,11,0
2380346,44925,5,1
1083906,29662,9,1
332084,17140,7,0
1231050,6361,19,1
916795,34050,14,0
392223,12779,7,0
2445119,39275,5,0
2360078,5794,3,1
3140263,37065,10,1
2975261,6550,7,0
2160534,13984,6,0
87310,24852,1,1
1671844,20082,2,1
2773969,277,12,1
477360,6184,2,1
280254,8575,30,1
427139,23662,1,1
343485,3397,16,0
978700,45563,4,0
2007012,17731,3,0
978849,13219,1,1
2063863,10908,7,0
926869,34458,37,1
2788699,16676,18,1
1083906,14168,14,1
1409734,16953,12,0
1815912,15700,5,1
741661,39370,7,0
2318060,8424,2,0
2420073,32734,2,1
568908,20039,22,1
3242410,20573,6,0
177873,35561,6,0
2704542,1940,9,0
1868479,5484,3,0
650147,40376,8,1
1634192,46979,10,1
1392788,12508,11,0
1753259,13176,3,0
3029205,33572,14,1
769669,1930,3,1
386673,812,18,1
2563762,8174,12,1
2795155,16145,12,0
740447,9839,7,1
1105774,17273,14,1
1243373,27323,6,1
1565450,49235,10,0
832587,18987,8,1
2825121,41149,11,0
928387,31562,14,0
525135,35628,8,1
752046,30428,3,0
3411798,19450,19,0
2158709,15251,14,1
372017,9076,3,0
1036185,14421,16,0
2766238,39772,16,0
308327,24952,1,0
2480065,40706,7,1
231475,30336,3,1
197549,3919,3,0
343485,4605,31,1
2550592,21195,4,1
1873651,47589,27,0
998879,8834,4,1
310520,38439,30,0
1702465,34824,27,0
2835751,45254,11,0
2815894,13176,2,1
1357273,37892,8,1
374148,12019,31,1
1219555,26104,2,1
812827,42265,16,1
1322202,38108,11,0
310520,45066,11,1
3159065,25272,9,1
384530,44449,3,1
3333096,10243,15,1
349684,22935,1,1
2053562,35467,13,1
2671730,47890,2,1
1044651,43891,8,0
3159065,35221,16,1
2102312,5450,15,1
139248,16823,2,1
1455635,21137,10,1
1800023,48679,15,1
34163,12782,3,1
147827,519,4,1
1279171,4264,1,1
3367254,39276,21,0
1833382,27086,9,0
1815912,24841,10,1
283421,16349,7,0
672927,3528,4,1
2684951,24852,4,1
2981157,432,4,1
783381,31805,1,0
2835751,28207,23,0
2905646,39719,7,1
210336,18107,7,1
2238376,16882,13,0
2360909,26932,4,1
913743,45747,8,1
2906880,22298,2,0
1382360,6606,3,0
3067585,31141,2,0
299547,46667,1,1
2246291,13885,5,1
2785172,10527,12,1
2094728,36397,5,1
1543723,28836,5,0
759988,38739,5,0
1483567,7781,6,1
3125052,12206,6,0
22352,32478,1,1
2457821,12811,22,1
545645,12624,3,0
3017970,31717,2,1
374148,25798,23,1
1731473,10017,11,1
787925,34530,12,0
2825121,21616,30,0
1708367,4357,12,1
2334360,21903,11,0
372193,17915,12,1
882714,46522,8,0
3415641,4799,1,1
1369853,40386,7,0
1018207,42736,1,0
1651462,30570,6,1
2733134,31506,4,1
1409253,24810,9,1
3367450,8843,2,1
1708367,32285,10,0
683065,46820,4,1
1953378,8518,2,0
1949159,46979,12,1
1109826,13176,2,1
867998,34459,6,0
2133756,27966,3,1
1326299,41220,6,1
1230334,44683,14,0
2135040,39275,9,0
1346906,37646,12,0
153877,17807,1,1
1073064,35389,1,1
832587,41844,15,1
1134630,11817,6,0
2790111,17341,14,0
699269,27388,1,1
1052714,2708,28,1
867610,9106,10,1
39845,7361,9,1
813117,35167,7,0
1287180,24269,4,0
1803119,42475,5,1
318770,22035,1,1
3088554,38768,1,1
532393,5212,4,1
1870540,35561,1,1
252753,47863,1,1
2046414,17253,3,1
2555851,32018,21,1
2478624,31439,3,0
386283,40709,4,1
959410,47788,18,0
1346906,41065,8,1
1043033,48642,13,0
1635300,47209,2,0
68839,14385,6,1
378419,12341,3,1
336423,39430,34,0
231475,33754,5,1
3414109,24303,2,0
3315383,12050,10,1
2739767,38129,2,1
1667163,11826,1,1
177873,42252,3,1
1134630,3539,4,0
3364168,37646,3,1
3089685,28842,16,1
568908,22367,5,1
2360017,14161,4,0
3130206,7413,6,1
742608,21661,23,0
1334784,20119,6,1
675433,47977,1,1
1884842,39040,14,1
896359,27521,1,0
1434437,18594,1,1
2428914,37158,37,1
793263,24009,4,0
3375524,46145,10,1
193499,44799,5,1
134944,25146,2,1
1730526,7131,5,0
147343,18531,1,0
2375492,5818,5,0
210638,14863,7,0
2795874,34968,15,1
55435,15902,1,1
372017,4724,6,0
1592008,38488,6,0
2752035,33000,9,1
2500056,29934,9,1
1104559,42828,4,1
785488,25919,10,1
2688053,37462,31,0
2655361,11563,2,1
1474388,23029,13,1
1983311,329,1,1
2531749,1938,19,0
318770,5240,10,1
587154,9067,6,1
3087033,24852,7,0
2336048,44632,7,1
1846047,49555,12,0
512157,14280,4,0
2951304,47107,8,0
167185,45603,11,0
386673,23622,16,1
144193,31263,2,1
662363,45603,2,1
543973,25544,9,0
3419435,35782,5,0
2271176,22326,7,1
504518,44632,2,0
2009922,6991,9,1
1384155,4462,15,0
3171407,21243,9,0
2555851,39877,17,1
1121318,4605,16,1
2404972,33719,6,1
2659608,5818,5,0
1586472,13176,1,0
136621,44033,15,0
2677350,6107,6,0
139415,20869,5,0
2248112,27625,18,0
1669079,44381,1,0
1231050,34969,18,0
1917349,4332,2,0
1191492,14366,10,0
2394392,43182,9,1
3106064,18027,19,0
488480,25422,10,1
188303,5769,8,1
3337809,42342,2,1
1313934,27966,9,1
62539,13176,1,1
1051559,40086,2,1
1580895,25170,14,0
3119375,3318,12,1
2179555,49235,5,1
141549,45007,5,1
1893924,33000,2,1
159485,2825,6,1
430129,16234,1,1
1725202,41950,11,1
1518716,31808,7,1
311076,16521,4,1
1170256,13733,9,0
311076,3381,7,1
785488,30962,5,1
1803119,12899,1,1
1838961,24765,2,1
374148,27801,27,0
3279181,27845,9,0
1759819,40706,6,1
1648905,9550,10,1
2200793,6286,4,0
1080826,34379,8,0
2530803,45149,7,0
2534756,42342,5,1
356781,22451,8,0
46409,46969,11,1
991772,24852,5,1
2033904,31635,21,0
1047497,36011,1,1
1346906,28985,1,1
2157222,44632,1,1
464408,8247,18,1
96751,8424,2,1
2659697,18288,7,0
1278498,712,3,1
1737531,13440,24,0
1990467,34294,5,0
1138351,16965,3,1
3367254,46811,10,0
828278,17821,2,1
2975449,39275,1,1
2235395,42796,9,1
2399369,40310,11,0
531970,22872,14,1
1288137,23769,23,0
791701,45687,1,1
2309126,38539,7,0
1759819,13176,31,1
1673065,13629,10,0
2889454,9076,16,1
755452,27292,5,1
1480365,21903,3,1
1134927,2657,6,0
1718682,36962,7,0
1253527,16797,3,1
1013742,21903,3,1
359852,41844,5,0
1553517,25647,5,0
1322202,23457,7,0
1571982,17341,2,0
2078585,9076,8,0
2094728,5322,8,1
1676253,39719,13,1
764341,40348,14,1
1080826,5612,5,0
1232327,27086,20,0
1460198,17264,8,0
523965,28441,8,1
2199407,5073,3,1
2172000,26604,1,1
409481,20378,6,1
29486,35383,1,1
1091347,10423,9,0
249748,10957,2,0
1769145,26040,17,0
3272670,46979,11,0
1267694,20378,1,1
1504514,30881,15,0
707995,33120,3,1
1465989,3822,24,0
2478624,36112,5,0
254415,18257,10,0
1214991,33231,1,1
2544353,49273,1,1
75013,9337,14,1
2104535,6128,6,1
1376096,33129,12,0
1879873,13292,9,1
2766238,5603,18,0
358895,18641,3,0
2842283,44072,5,0
140839,41625,2,1
2689252,39886,11,1
2378374,7021,12,0
3323641,43744,7,0
330860,28610,2,0
2704542,25146,1,0
1319390,13113,21,1
1464717,31288,4,1
1593956,13790,4,1
464218,31747,2,1
2253463,14419,1,1
882997,30233,11,1
171574,22935,1,1
2480065,44560,4,1
148866,35535,19,0
2062543,35417,9,1
1465229,26604,3,1
3218966,45886,14,1
2476007,24852,1,1
2157222,47156,9,1
1295441,44245,13,1
2895034,41065,15,0
1700580,16848,1,1
2779437,14715,15,1
497500,38985,6,1
188023,38274,4,1
267491,45535,17,0
1230334,39619,8,0
3159065,19584,4,1
3118113,16797,5,0
2905646,9294,6,1
525318,1069,3,1
33331,26790,5,1
2852498,22234,1,0
978700,47866,5,0
1965865,39993,15,0
3004791,228,3,1
1109880,21461,2,1
2156507,5785,1,1
280254,31701,18,1
2835751,18135,10,0
2811757,42617,2,1
1455635,39275,2,1
1806738,44234,16,1
1718682,16882,4,1
700878,25308,6,0
1379909,4605,14,0
691356,30233,3,1
338988,37067,7,0
442153,32360,2,1
2784427,24830,5,1
3189826,5479,7,1
763355,39108,5,0
718275,43170,4,0
984136,432,1,1
1465989,45603,17,1
857255,8424,10,0
915979,25837,3,1
623638,43154,1,1
2310286,47626,6,0
2475764,47209,13,1
882714,4374,10,0
1231050,32331,1,1
1290822,20660,14,0
478112,4461,26,0
734017,48823,2,1
3322409,11777,16,1
3373457,11520,1,1
70932,13176,3,1
3414214,36397,2,1
1764235,34448,3,0
1857438,48104,3,0
2868034,45368,5,1
2199033,30638,13,0
1727430,3957,1,1
1731473,43908,8,0
79331,47209,3,0
2932939,44799,16,1
1455635,21938,28,1
280254,22963,29,1
2512776,42585,7,1
2062543,4942,10,0
1322202,329,3,1
1498859,16570,21,0
1644017,3849,2,1
285231,5991,12,1
1247612,30633,1,0
997929,10374,1,1
254415,196,4,1
867998,2425,20,0
1905929,21386,1,1
1749896,25890,19,0
1286683,34024,4,1
882714,429,3,1
1334784,14947,3,1
3367254,21709,29,0
70932,38248,8,1
2988047,40723,3,1
3277561,22312,24,0
2094728,47766,2,1
587154,19678,1,1
34163,4517,4,1
2728477,21137,7,1
755030,31422,8,1
1369416,24382,29,0
1990467,41950,14,0
3339983,11113,7,1
27487,33198,5,1
1077081,32197,17,0
2018860,42265,14,0
1043033,41570,8,0
3415417,28,15,0
1262456,5134,5,0
1288137,24184,17,1
259284,39160,5,1
48038,2120,7,1
1934396,38383,4,1
2826735,48745,8,0
180808,5637,16,0
2156507,781,2,1
2988047,41544,6,1
3373457,1112,9,0
3411798,26128,7,0
612632,41665,5,1
3400506,33231,22,0
139415,16726,4,0
926869,6104,35,1
2399369,28204,15,1
3277561,21463,2,1
310520,12440,18,1
2495611,514,14,0
2517025,36910,10,1
415554,48301,23,1
1228213,12980,2,1
145541,39275,7,0
401748,20345,3,1
1155473,24964,18,1
1471750,13176,11,1
2359134,7485,2,1
1097707,11422,3,1
2340751,22067,11,1
2825353,10385,7,0
2877607,30039,1,1
1593956,40199,9,0
2460683,46654,11,1
2396536,26209,17,1
3367254,41658,20,0
1607431,47209,4,1
1780688,44449,2,0
1476041,18721,17,1
1232327,2552,19,0
226192,5788,9,0
1362942,30487,7,1
400576,8277,13,0
345323,43195,1,1
1747590,45787,1,1
1483567,37646,7,1
1354909,9028,3,1
2841323,21715,4,0
2486087,17915,7,1
968730,49314,5,0
1730526,46886,4,1
1845470,18886,9,0
2517956,43961,6,1
1304448,19660,4,1
1669079,11152,8,1
1940934,41950,1,0
2129060,3957,1,1
1371837,42536,16,0
867610,20307,15,1
188023,45208,19,1
2825353,45104,19,0
2235395,3717,1,1
1651462,34565,16,1
732000,21137,13,1
309543,40604,4,1
3119885,18198,11,0
371933,4605,7,1
1608098,9741,1,1
1586472,26221,17,0
2642472,24852,1,1
2657193,25422,1,1
1064200,20765,15,0
608475,3583,6,1
2323080,22619,1,1
2554464,23313,1,1
2350937,36389,12,0
2323518,21795,4,1
3130206,31737,2,1
2382288,26604,15,0
411595,46575,16,0
2219841,2962,2,1
79331,7500,4,0
2893888,13176,2,1
158241,10089,2,1
675433,44799,7,1
1156256,26751,13,0
1026077,37634,6,1
787870,18434,6,1
1465989,1940,4,1
90627,42706,10,0
186921,38003,2,0
2497140,20869,24,0
2191145,37158,7,1
479124,22028,9,1
525135,35199,10,1
1058497,15937,5,1
815342,44912,5,0
1845829,9472,5,0
2560500,19894,21,1
1297684,26209,4,0
1953378,31717,10,0
2050816,26604,35,0
1288137,32710,12,0
3228592,36962,21,0
3120961,34358,7,0
155267,13919,18,0
392223,44704,1,1
512157,10153,5,0
2397451,23323,18,1
2410485,48034,7,1
2932939,5375,25,1
2599300,43961,4,1
2323518,44142,2,0
3419634,44393,17,0
522660,10984,8,0
3162717,47766,2,1
280254,45106,28,1
2181522,12003,1,1
2396536,4367,13,1
1282203,43768,11,1
147343,21938,4,0
1800023,10749,13,1
3415417,19051,14,1
142429,17915,11,1
974654,27690,2,1
1395773,34243,8,1
1747590,19202,2,0
1252827,18441,16,1
2939651,24852,1,1
3277561,27881,18,1
63586,45007,8,1
59628,42736,9,0
2378374,24583,15,0
1290822,38249,3,0
3202236,19076,10,0
3027309,28156,7,0
1228213,13870,3,1
3088554,17157,8,0
737090,36809,1,0
1676905,16696,9,0
340663,42701,6,0
2733134,15392,10,1
3056559,27966,5,1
1988865,45200,2,1
3272670,45073,22,0
916795,23622,5,0
707995,45066,4,1
1393193,6878,5,1
2932939,15976,15,1
3056559,35530,6,1
2795874,40047,18,1
1752226,44375,17,0
1279771,19660,1,1
2072131,40678,7,0
404164,13431,6,1
2642472,19678,11,0
174976,26497,12,1
386673,29405,20,1
700878,29158,15,0
3228592,10641,3,1
386673,44628,32,1
1037027,21405,3,0
1634192,47144,5,1
1412551,34448,18,0
812827,29544,2,0
188303,34126,1,0
32916,47766,1,1
926869,42342,36,0
1077081,33198,16,1
1270865,16797,5,1
2818632,46979,6,1
699269,26510,22,1
1859270,32772,1,0
2135040,19173,10,0
1716383,24082,13,1
2560500,17872,16,1
1879873,24852,1,1
1087344,45106,16,1
63586,1695,11,1
1781025,812,11,1
2238136,19382,1,1
2717830,18072,14,1
3334139,24852,1,1
3278532,33294,23,1
33331,17794,10,1
1474388,47766,1,1
3323559,46361,3,0
2929106,45364,7,1
2717830,15290,6,1
2441349,28204,9,1
3178710,2238,5,0
2636642,17461,7,1
926869,18352,24,1
2821303,15680,3,1
318770,16384,2,1
1616264,38777,1,1
2606989,4210,6,0
1941179,32455,8,1
641489,20842,1,1
3159335,36436,10,1
2689252,37067,9,0
748189,24830,6,1
1884842,28985,4,1
487015,27156,3,1
2172000,3265,2,1
68408,28993,12,0
3299159,24852,9,1
2825748,29553,8,1
878107,7644,7,0
3156699,16797,9,1
2497140,605,15,1
2290762,7969,2,1
1903418,36106,6,1
2010460,25138,4,1
2982082,21376,2,0
992989,48679,3,1
991772,48823,7,1
3278532,5876,1,1
2069580,18389,4,1
478112,10246,17,0
1197569,42356,1,0
280254,47008,26,0
545645,21616,5,0
2323080,4313,3,1
1079090,39035,10,1
3130206,41844,10,1
2508780,48812,10,0
1577438,44449,1,1
3156699,45066,13,1
1238015,33198,10,0
2401188,19057,10,1
3119885,5528,8,1
2323518,2295,6,1
94677,46906,3,0
1498859,35221,15,0
1290822,28458,16,0
478327,32018,10,1
812827,7632,26,0
407922,27012,4,0
155267,32177,10,0
1976060,29468,4,1
2560500,14573,9,1
63586,24852,4,1
318770,37646,14,1
1173240,42701,18,0
437145,48230,4,1
1392788,46347,4,0
177873,3298,1,1
777036,39890,14,0
700878,21183,1,0
1701939,23025,3,0
819481,47141,7,1
1544996,15842,8,0
330830,48865,7,0
1361133,43045,3,1
823366,47280,9,1
3390842,30771,3,1
2959404,17341,7,1
1855033,16521,10,1
1167887,44112,5,1
1398622,37637,5,0
2573806,14095,4,1
2218370,29893,4,0
1316906,46802,5,1
129389,23288,5,0
2571020,27086,12,1
2965401,15290,12,1
1657182,4799,9,1
906163,40152,22,0
259284,45865,18,0
2037521,5199,6,0
2376926,44765,41,0
3214697,14999,1,0
3135670,44479,2,0
1064200,21938,27,0
90985,15995,2,1
2052149,21903,1,1
676207,5380,1,1
85969,6972,1,0
2439875,838,14,0
2497140,29987,16,1
1858627,4920,4,1
2363164,23909,17,1
180808,18027,19,1
1460198,47847,1,0
699269,42299,39,0
2873566,3585,2,1
1361469,7736,4,1
1990467,13720,10,0
867998,28632,11,0
2475764,47626,3,1
1738170,8790,11,0
1498859,44632,14,1
1348540,698,4,1
1395773,18880,13,0
2027167,37141,4,1
276016,34487,1,1
1316718,35221,3,1
1279771,35121,2,0
305867,5750,2,1
386673,12341,9,1
1395632,39275,12,0
2642501,47610,33,0
832587,42664,4,1
2942047,29987,3,1
989744,6000,2,0
2025409,37029,20,1
864802,47766,2,1
1290822,47258,23,0
2564447,37067,1,1
3067396,47209,9,0
1073064,260,3,1
1845470,5822,25,1
1730526,44632,2,1
384250,416,1,0
591840,31912,3,1
1705842,32433,6,1
343485,28199,25,0
3322409,17449,21,0
1424875,24852,5,1
68408,11520,7,1
55278,24838,23,1
142507,7557,12,0
1840937,9076,6,1
473758,49111,2,1
2199033,23740,9,0
1737531,12955,28,0
965870,1234,6,1
586497,41277,2,1
3089685,7388,9,1
479124,22831,3,0
699269,29432,17,0
1934396,11182,3,1
2084838,41149,17,0
3103414,44987,2,0
1219325,30064,3,1
2773969,33720,8,1
2199033,19734,15,0
1385193,3808,4,0
2158622,31371,4,1
2073675,17867,9,0
2063863,7615,5,1
1745499,38739,2,0
33785,10421,9,1
2048259,41690,11,0
1313934,21616,5,0
100302,24964,1,1
1654776,1263,6,1
1319390,24778,2,1
33427,48628,14,0
2016405,37646,4,1
2382288,21330,14,1
500705,44359,9,0
1288137,16759,7,0
3048832,24841,17,0
3400506,45288,16,0
2297930,17429,6,1
3334139,34969,11,0
1737531,8424,22,0
917307,33636,2,1
1471750,7948,2,1
3410496,34252,8,0
2508780,40199,1,1
700878,46979,12,1
1469840,23770,1,0
392223,4605,6,1
2921844,6341,5,1
1095049,5819,7,1
2607055,10473,3,1
568908,39061,15,1
1983294,22227,15,0
177873,40199,2,1
812827,34190,32,0
3019237,49683,11,1
858265,49007,23,1
2062543,20327,8,1
32916,45394,4,1
2495611,41665,5,1
1935957,46839,1,0
2602164,4957,9,1
1905929,27966,4,1
155267,23265,9,1
1654776,43188,1,1
1671844,35968,10,1
2631301,49075,4,1
2531749,47672,25,1
1815912,47766,27,1
543973,43205,8,0
1230334,1529,12,0
174976,13772,11,1
545902,6383,13,1
1742072,30489,17,1
2295939,8859,1,1
3218966,1616,16,1
2248112,39561,14,0
374148,22128,7,1
3037228,2838,3,1
1274211,46584,6,0
1754089,39620,22,0
2891810,28156,7,1
124814,196,1,1
1175871,27521,3,0
237108,21903,4,1
2316788,42265,3,1
449989,31134,12,1
2439875,18708,6,1
1753259,45013,8,0
1384155,37119,10,0
1362942,516,16,1
2156507,48679,17,1
1845470,3061,10,0
1705842,47788,16,0
3135670,31343,1,1
3056599,35264,6,0
2993445,13636,5,0
2309126,19451,4,0
2815894,32578,8,1
298480,19057,2,1
1789088,8758,13,1
3339983,4274,5,1
3048832,33314,9,0
1840937,1398,7,1
2627826,46847,1,1
1329074,38453,7,0
1763628,38644,4,0
586523,14540,4,0
621372,26348,1,1
1044651,37738,12,0
1471750,42768,13,0
2359134,39692,8,1
2474227,8174,17,0
2430243,26209,11,1
2378344,41593,9,0
2504445,42265,7,0
531970,46131,13,1
2608193,24852,7,1
188023,37687,6,1
2199033,12081,1,0
1780688,15576,3,0
2750166,47630,3,1
33785,1511,17,1
1941179,44142,18,0
2688053,25985,12,1
937452,5047,8,0
1873651,46979,48,0
2751379,7401,6,0
2323080,6825,7,0
65818,45570,5,1
2399369,30391,19,1
2396536,45123,15,1
33427,9779,13,0
449989,45007,23,1
2993458,35761,5,1
26681,6000,4,0
1516617,20119,7,1
1051559,4347,12,1
1043033,42768,11,0
2897081,24838,3,1
791701,7333,9,0
2084838,46654,5,0
211750,41408,22,0
2531749,46906,16,1
2975261,41488,2,1
3035695,16411,2,1
2788699,39911,14,0
1803119,6848,4,1
1696797,15290,18,1
2975702,7877,1,1
3148338,20119,1,0
557003,19156,9,1
2584332,7751,7,0
1587280,10644,6,1
1498305,46842,11,0
1037027,21137,9,1
3119375,27966,3,1
299911,8153,1,1
3392692,16868,6,1
959395,1999,16,1
809920,32347,10,0
305867,26738,5,0
1607431,38557,5,1
779191,38293,1,1
239592,16462,15,1
1090807,8518,4,1
1091347,42625,10,1
1745499,40136,5,0
779191,48745,7,0
3367254,24097,13,0
2642501,27104,19,0
3071827,8057,16,0
2088399,26720,4,0
211750,47626,5,1
2378344,45570,3,1
3130853,24852,10,1
211762,24852,2,1
1371837,22537,9,0
2445119,26604,7,0
2394392,44632,1,1
2010460,44882,15,0
1147586,26425,6,1
2497140,21267,3,1
2001987,19005,3,0
188023,21506,18,1
1155473,47766,9,0
835893,11777,4,1
2154641,23339,14,1
400576,20995,4,1
259284,12258,12,1
1912518,15872,6,0
1375389,43735,22,0
2495611,45424,9,0
1040679,10702,3,1
2475764,44632,20,0
1523038,38264,15,0
587154,20842,4,1
2380346,29230,17,1
675433,6252,4,1
1455635,24489,15,1
2498335,47626,5,0
404164,33572,3,1
1845470,12505,33,0
56384,34358,5,1
3063904,20574,10,0
3171407,4317,10,0
1892383,46881,5,0
959395,21560,14,1
3089685,19678,10,1
1661890,15460,19,0
414029,7450,5,1
867610,44201,19,0
140931,19660,1,1
1523038,21461,3,0
1360843,30020,25,0
3339983,36735,6,1
9932,21573,3,0
2460683,42625,3,1
246129,24838,2,1
1073064,39276,5,1
1310901,43352,5,0
1173240,32734,10,0
737090,47492,8,0
1935957,18564,2,0
3275606,36735,27,1
2824989,38890,21,0
779191,25138,11,1
1362942,29657,12,1
2659697,11837,8,0
305867,32655,3,1
2893888,16283,3,1
232274,38689,1,1
310520,21616,34,0
1232327,24019,15,1
2152455,26209,13,1
2282529,46979,26,1
1745499,15100,4,0
3030462,36164,3,1
2414805,31964,7,1
1179981,40199,6,1
424567,32645,3,1
2297930,3376,21,0
3005093,41006,5,1
2158709,47521,23,1
2766238,28634,7,1
2238376,667,10,0
1095049,1467,8,0
3396556,30776,4,1
232274,32689,10,0
3384204,42828,3,1
1083906,37654,21,1
103513,47522,6,0
2259301,34112,16,1
2766627,5025,6,1
1988365,28746,7,0
2949376,34739,10,0
1047497,46676,12,1
629867,22933,3,0
1233999,42768,15,1
186921,28682,6,0
2555851,21709,3,0
111516,39028,14,1
2949712,32213,7,0
702422,9689,24,1
1012014,32429,4,1
1468913,31927,9,1
1546802,42110,2,1
1626604,40910,1,0
2313657,21137,8,1
11646,27243,5,0
532393,30995,2,1
210336,32650,4,1
1946736,27966,15,0
2179555,34358,11,1
2690126,196,1,1
416161,26976,5,0
1990467,46979,12,1
1795016,47626,5,1
952434,432,5,1
2341376,42450,7,1
3286265,46802,1,0
147343,3233,15,0
952434,25890,3,0
2600858,32331,7,1
1127459,4367,6,1
1044651,34969,21,0
2309126,32782,2,0
1961020,42242,15,0
2378374,25659,3,0
1011691,32115,19,1
411595,31717,10,0
2498335,5025,4,1
1249722,27966,3,1
2208428,32864,20,0
55435,37158,12,1
1815912,15455,34,0
3415417,32747,9,0
1140230,21879,1,0
1961020,39922,13,1
867610,9663,14,1
1873651,14197,40,0
1058493,40723,18,0
48038,20665,5,1
75013,21910,7,1
1498305,21501,24,0
1017916,46654,1,0
1091897,11440,18,1
2877607,13733,13,0
3132860,13072,3,0
3322409,42504,2,1
2319083,3376,18,0
1175871,39812,11,0
111159,31589,10,0
3375524,13802,3,1
3048657,48697,16,0
111159,43279,2,0
3323559,40600,2,1
33785,26459,25,0
2504445,31343,11,1
1593956,4778,10,1
1505841,41523,14,1
2007056,8518,6,0
2090821,7615,14,1
2188005,34584,9,1
1091347,23803,6,1
772763,47912,3,1
3202236,12792,3,0
359852,44107,1,0
2893609,14575,7,1
2377841,17131,2,0
63586,9339,12,1
2441349,29574,7,1
2025409,22035,21,1
2517956,5653,4,1
2109995,37687,4,0
1282203,22417,20,0
2457821,13870,21,1
859568,30827,16,0
1401083,47209,11,1
1241386,25706,3,0
2487759,15261,2,0
2631301,32747,2,1
2378374,7414,14,0
2497140,23165,20,1
812827,581,33,0
142429,29627,13,0
69182,11549,8,0
3228592,17699,19,0
568908,2245,8,1
3279702,5258,2,0
1290822,32717,25,0
2502010,21267,6,1
1279771,42450,9,1
1745499,4605,3,1
916795,4920,12,0
3005093,26209,4,0
779191,15937,8,0
1572139,12939,3,0
3323641,43165,9,0
3178485,17008,4,1
171574,27241,17,1
1312063,6978,4,0
2396536,49517,14,1
2232755,29312,8,0
3019237,5373,14,1
139248,28849,3,0
1203160,5876,1,1
2306745,21137,4,0
857255,24009,19,1
2208428,26209,21,1
1650972,2745,5,1
1172424,21053,17,0
62539,7412,8,1
1947128,49683,3,1
449989,38996,33,1
2248112,45066,17,0
445115,24852,1,1
3309959,40706,11,1
936635,38838,10,0
1745499,25985,13,1
247227,36107,3,1
1931693,15290,6,1
502962,1463,4,1
2167135,10673,2,1
2342655,5785,1,1
2576387,24735,2,1
1896008,30489,3,1
167185,14429,23,0
2064438,28398,2,0
1963154,33129,11,0
2397451,21709,13,0
211750,29234,12,0
1153735,8390,1,1
3130206,26604,29,1
1873651,49683,4,0
24778,16014,18,1
1147586,29487,11,1
33785,27548,16,1
2368144,24852,5,1
1091347,39276,21,1
1297444,10091,12,0
2766238,9623,4,1
1676905,35004,8,0
111516,43942,3,1
206205,38635,4,0
1024277,35121,7,0
343485,12581,4,1
652209,29388,11,1
1494987,19057,2,1
3375524,45194,6,0
1759819,14660,20,0
1362942,26709,15,1
3246286,43122,5,1
686547,10246,18,0
2218370,196,9,0
371933,24009,10,0
864802,47626,7,1
314432,27730,8,1
1091347,1396,5,1
2135040,7963,12,0
2868191,21137,1,1
1094484,25340,9,1
148866,13380,12,1
2084838,5876,19,1
336423,24186,7,1
675433,9076,16,1
90825,22935,7,0
2485732,16249,14,1
997007,3917,2,1
1481108,38988,5,1
672927,49621,5,1
1401083,48679,2,1
525135,43659,13,1
2378374,27848,4,0
2161852,35269,2,0
33427,37233,11,0
1565450,11454,8,0
2185930,19348,1,1
1739738,42825,23,1
190203,8518,9,1
886188,33245,8,1
2733134,32734,5,1
2788699,33768,16,1
2120886,11422,12,0
2062671,43263,1,0
1980091,31506,6,0
3086475,24852,3,1
2278915,28199,7,0
2073675,35752,15,0
3287074,7035,9,1
2766627,42265,4,0
531970,14901,10,1
952434,30720,4,0
3419435,44422,2,1
142507,24184,5,1
372193,42445,1,1
285231,6508,9,0
3120961,470,6,1
1435162,7987,5,0
920936,42450,1,0
1941179,35973,34,0
139320,13176,2,1
2368144,29941,14,1
2993458,33504,2,1
1682682,21243,27,0
832587,5375,18,1
1633370,17794,5,1
2415305,23537,1,0
2508780,14715,9,0
3089685,17835,19,0
459505,27344,4,1
3189826,42342,8,1
75013,4562,13,1
3106064,44632,2,1
1177941,36876,5,1
1049654,22164,4,1
1634936,35270,6,1
2659697,20378,16,0
1599586,41319,7,0
1650972,32842,10,0
828278,10172,6,0
1249817,3634,14,1
769669,40174,2,1
3400506,32689,23,0
2140510,48616,9,0
1369416,11265,25,0
2246291,34358,15,1
903107,30949,8,1
2428914,27690,9,1
1949159,27104,11,0
1609317,8193,7,1
1402703,40350,19,1
2007056,46667,1,1
462204,42741,5,0
310520,28204,15,1
2078348,32650,7,0
2563762,15290,3,1
408929,27845,3,1
2563762,12614,5,1
928387,48720,12,0
1673065,48595,6,0
254415,19840,9,0
2014989,19057,5,1
1731430,12756,9,1
713073,10749,5,1
2997645,33120,4,0
1695091,33709,8,0
3343386,12159,16,1
487015,25890,4,1
2889454,24852,3,1
374148,45099,25,0
2464931,5646,3,1
2208428,26131,10,1
1058079,34947,2,1
2688053,21553,21,1
1312063,13909,2,0
1571982,13936,8,0
1241815,24184,4,0
2628112,11481,7,0
1965865,30021,19,0
2902983,34969,1,1
385508,3957,5,1
1789088,32402,1,1
2378344,47672,8,0
684121,45709,4,0
2766627,38557,17,0
882997,28378,20,1
1274211,25530,2,1
2084838,15937,15,1
2495611,6348,4,1
2866821,46979,3,1
1167887,39083,2,0
3302929,329,1,1
659268,46842,6,1
3343386,35234,14,0
2993445,11516,1,0
2131946,32837,2,1
1989664,47209,11,1
2208390,45608,3,0
531970,12793,7,1
2246291,35221,9,1
2368144,7156,18,0
2728477,27012,2,1
2127202,24852,2,0
1867718,22025,2,1
424063,29007,3,0
2642501,5337,14,1
147827,30307,5,1
1045353,34,4,0
2167266,13984,2,1
3331406,6852,1,1
270117,8506,1,1
57889,33043,4,1
629227,9092,21,1
3063904,47766,3,1
1711653,34243,13,1
590255,15842,2,0
1054417,43154,1,1
942724,23165,6,0
1109826,44359,13,1
1881338,196,1,1
3407187,37229,10,1
3130206,36316,12,1
882997,47049,22,1
2788699,21174,13,0
345699,41972,3,0
738520,5428,2,1
2156507,18362,7,1
1941179,5077,4,1
686547,26209,20,0
1155473,389,8,0
1469840,42174,11,0
2157222,13176,4,1
1745729,30745,3,1
254342,47943,5,1
1795016,48278,2,0
3400506,16920,2,1
2975702,25837,3,1
1594427,11495,6,1
1022964,5419,25,0
85974,18534,6,1
1476041,13108,24,0
57889,49628,6,0
2034115,37646,20,0
1706342,6452,6,1
1605621,47209,1,0
751714,21849,4,1
1077081,30548,9,0
2428914,21405,5,1
1079090,19886,11,1
1480365,12157,2,0
97868,35887,4,1
3004791,23744,10,1
812827,5876,28,1
987279,5161,9,1
1227572,30949,11,0
113839,12935,1,1
2342655,32655,2,1
3414214,32139,15,0
1402703,44590,17,0
276016,13230,2,1
2399369,21137,17,1
1702465,27521,7,0
2951304,14897,11,0
1156256,18814,21,1
1064200,42004,6,0
1434437,43037,13,0
3167642,18441,12,0
2959404,47209,1,1
466910,5883,8,0
652209,28862,9,1
345699,20250,1,0
2806039,6291,7,1
906163,21903,6,1
991772,18187,9,0
414029,37848,23,0
1889679,47734,20,1
1086806,23383,1,1
1673670,16525,19,0
304846,13351,2,1
2133551,2054,3,0
1465229,49111,7,1
1227989,45007,12,1
2717830,10017,17,0
1022964,45290,12,0
2498920,3704,11,0
1889679,11865,24,1
1754089,21288,28,1
79331,23008,1,1
3411798,47167,4,1
73647,42026,3,1
3197136,4210,7,1
1565450,30304,1,1
1795821,11365,2,1
562031,7736,8,1
2531749,22935,7,1
2460683,4119,4,1
2824989,17288,19,0
2414805,24427,10,1
926869,30192,19,1
176114,30561,6,1
3380494,34249,4,0
2783750,23800,2,1
3086475,26209,5,0
1706342,21653,15,1
2244768,12232,2,0
568908,47144,7,1
2043945,31292,2,1
1873651,2099,30,0
1013742,21288,6,1
902794,13424,9,0
2340751,31525,10,0
1679047,27845,2,1
3419634,38849,2,0
1097707,45535,1,1
228658,33731,16,1
2752035,17630,1,1
1282203,47209,4,1
3004791,8412,7,1
742608,23081,18,0
1441461,13176,3,1
1596587,13176,2,1
1060550,44359,10,1
3275606,45210,28,1
226192,14147,13,0
2445119,6933,3,1
2868611,43713,10,0
386283,14277,19,0
1580895,32271,18,0
2512776,2581,18,0
2428914,28745,4,1
1651462,37646,7,1
178543,20463,1,1
3144865,24532,8,0
2130085,45260,5,0
2671607,39464,5,0
373658,34243,13,0
3309959,4605,3,1
1893924,6184,3,1
1961692,9755,4,0
832587,12087,12,1
3027309,36070,4,0
1419294,8953,1,1
1023988,280,1,0
1045842,30588,4,1
3396089,4793,3,1
1917563,22681,10,1
1058497,14647,12,0
675433,20955,17,1
2255970,9389,2,1
867998,35184,17,0
531970,27966,5,1
2870580,47966,6,1
2359134,18660,16,1
1386193,44580,2,1
699269,39224,30,0
1179981,21292,4,1
1011691,34862,14,0
1800023,45084,6,0
659268,42162,10,1
3194842,3990,6,0
2428914,24489,20,1
1587825,26283,1,1
3283228,24954,10,0
500678,30450,9,0
1050290,29650,1,0
1288137,9092,6,1
3267757,8174,2,1
2127202,18926,3,1
2380346,30910,7,1
2542094,47209,19,1
1308278,44799,9,0
1706028,24852,5,1
449989,47477,30,0
2932939,13187,17,1
1172424,36724,25,0
1840937,25495,11,1
2671033,16797,2,1
629227,41259,18,0
1090427,3807,6,1
867610,27104,16,1
1580135,625,9,1
1354909,33911,4,1
572658,24059,16,0
2313657,9076,12,1
1297444,14579,8,0
3082039,44075,2,1
3272670,41220,14,0
3287074,45282,10,1
33785,21165,6,0
2397451,33587,14,1
34546,42719,1,0
527237,36975,5,0
374148,9752,19,0
1083906,45064,1,1
2478624,1984,8,0
1041690,4105,4,0
2891355,43409,8,0
1313934,39928,10,1
2959404,15477,13,1
3408821,38658,1,1
1577438,25767,6,0
2521485,22935,10,0
1899313,32030,6,0
1070138,11090,4,1
1124874,47626,6,1
443247,39561,11,0
1705842,24622,11,1
2779437,29941,1,0
1465254,8460,7,1
1379909,17828,8,0
966334,46913,3,1
1297684,37107,8,0
3367254,42803,26,1
1412551,46906,17,0
2034115,48104,14,1
1041690,32141,1,0
1855033,38684,14,1
2391097,4971,10,0
543175,27104,3,0
68839,16683,3,1
2567955,8357,5,0
1580135,13194,28,0
2154641,18460,11,1
2835751,32717,6,1
2842283,42475,2,1
1867422,40063,2,1
1622830,5612,3,1
2278915,44142,9,0
358895,47209,4,1
97868,10831,1,1
1661890,34503,7,0
2236390,11488,2,1
3056559,781,9,0
997929,46409,6,1
903107,44765,11,1
414029,31338,7,1
1310901,33147,3,0
2319083,31961,13,0
410902,24852,34,1
1219325,6384,9,1
1013742,12341,1,1
2255970,2409,3,1
3416719,31287,1,0
2574095,14766,1,1
188023,44961,12,1
1867422,21333,4,1
2809547,21903,26,1
1483950,9397,3,1
139320,6873,12,1
2702856,38563,5,0
2655361,47226,8,1
246449,6691,2,0
2464931,17878,6,0
2818632,46522,3,0
835893,31734,2,1
1250013,3481,9,1
1917349,5646,8,0
1375389,40604,11,1
69182,6046,4,1
1100907,43713,2,1
2975449,38777,5,0
2336048,47672,5,1
1889679,41665,22,0
3067396,2716,3,1
384530,16137,9,1
3170244,13339,1,1
3239508,19488,1,1
478112,33198,1,1
2497140,18352,9,1
2318060,47966,5,0
922083,28849,3,0
2033904,28521,29,1
2041951,27544,20,0
959410,23734,6,1
1081316,42342,6,1
78067,43248,1,1
2480876,36574,6,1
2987784,3801,2,1
2016405,19068,22,0
3419634,21506,20,0
2205439,12875,6,0
2034115,18234,7,1
2798028,33548,14,1
1749671,12341,5,1
1518716,38548,2,1
2323518,15290,5,1
3029225,49075,1,0
795216,22359,8,1
55278,10644,19,0
1934715,45066,6,1
1000264,13176,3,1
1290822,29487,24,0
2491906,15902,3,1
3363387,48720,22,0
246129,16797,6,1
285231,40604,11,0
1917563,39981,1,1
2060943,45495,6,0
1976060,27464,1,1
2659697,4461,10,0
530658,48775,12,0
442153,30340,3,0
742608,31553,5,1
2133756,47209,1,1
3343505,16012,5,0
2050816,16462,29,0
477360,37710,1,1
1022964,34358,3,1
1739738,21793,19,1
1090427,27104,4,1
3089685,5031,5,1
1673065,18479,9,0
1155473,48395,26,0
85974,31022,3,0
1334784,44632,7,1
190203,1203,7,0
607499,32768,7,0
2818632,1313,1,0
1980091,14678,4,1
676611,25937,14,0
1603437,47912,3,1
1899083,39558,3,1
75013,10749,1,1
415554,27966,6,1
3178992,27086,12,1
208335,34270,5,0
748189,26856,12,1
1571982,26800,11,0
1618547,3376,1,1
1580895,5782,19,0
1374746,7274,2,1
2041951,41220,23,0
494872,25872,6,0
712453,21137,5,1
1523038,39040,19,0
1577438,17980,4,1
1488928,13176,1,0
90627,8381,3,0
1105774,17766,18,1
1369416,22656,1,1
2870910,35535,2,1
3159335,33407,14,0
2073675,41844,14,0
1606343,29176,6,0
2371282,31506,20,1
3070849,41779,5,0
2905646,12212,13,0
1731473,4605,12,1
508989,38108,9,1
2317342,28132,2,0
772584,17794,13,1
1316576,47209,4,1
2279582,28299,7,1
1695091,44461,10,0
1045353,27142,9,0
2889454,37289,6,1
649782,21927,5,1
2089989,25466,2,1
903107,43129,20,0
626215,48595,4,1
2824176,47965,7,1
700878,37975,5,0
423493,31022,5,0
522396,41242,4,1
3415417,49507,3,0
2631301,30806,17,0
759087,30233,2,1
2870580,48357,12,1
2961194,28968,1,1
1284652,39275,9,0
2551964,28682,5,1
952434,20842,6,0
70932,43122,2,1
1983044,21903,3,1
1395632,43352,3,1
3121412,12916,2,0
1252827,41842,15,1
1789088,32818,16,0
3140442,2091,1,1
974903,14114,7,1
2161852,22802,1,1
3063904,48112,9,0
2921844,18523,1,1
155267,25513,24,0
2833445,4920,10,0
715016,32655,2,0
276016,35898,5,1
896359,21903,3,0
2359134,41950,14,1
2219353,8518,7,1
3171407,18104,4,1
1738170,34126,7,1
794064,2985,2,1
2316788,34358,5,1
906163,9387,10,1
508989,1700,2,1
2542094,14379,20,0
2304978,33198,3,1
2218370,11281,1,1
713073,37646,4,1
699269,33129,24,1
1231050,6616,6,1
1505841,14111,2,1
1104559,22935,3,0
2410485,47626,1,1
1965865,23405,18,0
482771,48099,3,1
2478624,38200,1,1
972664,29509,8,1
3118619,40376,4,1
1249817,49610,6,1
1402703,17122,15,1
3337809,29742,7,1
809920,34034,21,0
1683669,4347,13,1
426262,30489,8,1
414029,40338,27,0
1711653,28985,22,1
1232327,17948,18,0
3331406,11909,2,1
1369416,43693,4,1
33785,18043,26,0
1290822,39225,4,0
2014989,11233,2,1
2360909,21195,8,0
1894752,13176,4,0
3037228,24852,5,1
658797,651,3,0
213817,25890,9,0
1607431,1463,8,1
2406823,43394,6,1
626215,12258,2,1
2989158,31506,2,0
1941179,33493,35,0
1375389,48529,19,1
1095049,34466,4,1
1107206,34551,3,0
3114739,15945,4,0
1899313,39877,3,0
73647,7469,7,1
1667163,13398,15,1
3179270,21137,2,1
1326080,43654,4,1
281717,26751,5,1
3396556,19057,3,1
2542094,14168,6,1
1258852,42460,6,1
1833382,11116,10,0
1395632,33249,13,1
1682682,2015,10,1
1781025,47912,5,1
188023,38533,13,1
3373457,49318,7,0
500705,36550,16,0
1491976,15200,1,1
1049654,13838,10,1
1897207,43154,2,1
254342,28123,3,1
210336,31988,1,1
113486,14874,8,1
318961,9967,3,1
3030462,47626,4,1
1176884,22035,17,1
1054417,26759,5,0
192444,38622,11,1
966334,47209,7,0
1455635,26283,35,0
947646,17794,12,1
1087344,6933,13,1
2959404,17600,17,1
2688053,26351,33,1
1087344,22825,1,1
55435,43875,7,1
155267,42551,4,1
125527,46584,21,1
3130206,14739,8,1
2271176,24852,1,1
1651462,32429,11,1
2464931,23516,25,0
340663,48301,18,0
1815912,22825,8,1
2612566,28915,3,1
446127,37646,4,1
237808,31102,4,1
2219353,27966,1,1
2959404,47626,20,1
5696,14874,1,1
2671730,41259,11,0
2893609,31040,22,0
1361133,24699,1,1
650296,9839,7,0
1855033,39275,2,1
2041951,2326,4,1
1873651,40587,18,0
1013005,20583,5,1
3303112,30391,11,1
1036185,13176,6,1
1716383,34584,12,1
812827,13617,27,0
568908,49558,28,1
2487759,45535,4,0
457097,34949,3,0
3396111,47626,5,1
1696797,40490,3,1
772549,23540,12,1
2027167,26701,1,1
2795155,17594,13,1
1079090,28842,12,1
1357273,21405,6,1
1465989,31964,2,1
1464717,37947,5,1
545645,1025,4,0
551046,39928,13,1
167185,1215,7,0
1219555,33081,1,0
3119375,44359,1,1
1261594,16072,1,1
1170256,34969,3,0
1857438,8277,11,0
2689668,29615,5,1
1977792,45007,10,1
2428914,3397,29,1
2376926,16525,40,0
906163,27521,7,1
2825121,31343,7,0
1634192,24852,2,1
3189826,43712,15,0
3005093,39121,2,0
1090134,13176,2,1
1077625,38383,8,0
1673670,18234,12,1
2932939,5450,12,1
1045353,15984,19,0
1278498,8859,11,1
2007012,27966,5,0
1534801,21903,2,1
972664,22409,7,1
1301869,41714,1,1
1091347,32320,4,0
1899600,8968,1,1
1884674,24852,1,1
2809547,32864,29,1
374148,7093,4,1
1725202,26369,12,0
984136,3494,17,0
2792577,16797,15,1
1512816,9521,1,1
2062671,6166,4,1
2282529,18891,18,1
280254,24852,1,1
2441349,20163,4,0
1316906,28985,2,1
1281067,9580,1,1
3121685,47156,14,0
55278,32465,2,0
2584332,46979,5,0
3299159,13536,11,0
1461992,49355,2,1
1873651,10970,28,0
3171285,35163,5,0
1054417,20670,3,1
231475,48835,4,1
1983311,8986,3,0
2205439,22887,10,0
1297684,47766,2,1
2382288,6155,13,1
1776897,44570,1,1
3409559,17634,9,1
2018860,46346,11,0
193499,43295,3,1
450065,18362,10,0
808019,17630,1,1
2400102,34668,1,1
1409734,32747,13,0
1790126,29553,7,1
2833445,22935,4,0
2815894,7628,9,0
2773969,40910,14,1
2615970,40709,15,0
1081316,16797,4,1
2282529,42265,21,1
2949376,48626,1,0
1625937,831,4,0
2968643,18531,9,1
1208538,44303,4,0
2439875,48595,13,1
2681884,14992,11,0
2584332,4920,18,0
2554464,3919,5,1
2735618,41950,4,1
1858627,12572,5,1
1862614,34969,2,0
2512776,27521,6,1
1465229,49683,16,1
2958000,10644,1,1
308327,33709,5,0
1682682,24852,11,1
209779,36011,5,1
1091347,5386,31,1
1240216,27521,8,1
349684,39040,5,1
3048832,13176,1,1
267491,24184,14,1
3385060,33950,13,1
3337809,21497,11,0
1565450,34321,15,0
211750,31078,14,0
781564,13380,9,0
2776754,10312,2,0
3275606,33543,21,1
3103414,21288,1,0
2306745,39275,3,1
1047497,8518,5,1
2126836,20904,3,0
2951304,21709,7,0
3063904,12383,21,0
3419829,30233,1,1
757837,14364,15,1
1892383,7559,4,0
3159065,26410,7,0
1745499,40897,12,0
2932939,18218,21,1
247227,27437,5,1
1392788,28174,2,1
415554,47610,10,1
874923,46049,9,0
2156507,36550,16,1
336423,5041,15,1
2795874,16797,27,1
491724,13176,10,0
3170244,22825,8,0
1087344,1234,10,1
1565135,48828,3,0
2761587,43352,5,1
3121685,2361,13,0
772763,47626,8,1
330830,7388,1,0
1800023,35221,19,1
1382360,5646,5,1
144193,24852,3,1
3148338,37766,10,1
318770,39035,3,1
2340751,16136,9,0
142429,36550,10,1
987279,46962,10,1
1079090,3698,2,1
2052149,32652,4,0
777036,4137,6,1
1395632,33768,14,0
839147,44661,2,0
1790126,19283,9,1
2751101,24701,4,0
174976,38511,2,0
1630931,42828,6,1
314432,6187,13,1
1221895,46676,1,1
1163594,36412,3,1
2019002,6631,13,0
1474388,48637,14,0
487015,4058,5,1
139320,47626,11,1
2985264,43517,5,1
997007,28303,5,0
1789088,47209,2,1
1064200,48299,26,0
3178710,32650,4,1
2199407,46676,9,1
1931693,1559,9,0
3384204,34429,1,0
2559979,44750,12,0
2805948,196,1,1
2090821,32437,12,0
2098794,21616,10,1
3168961,47792,1,1
2825121,9839,21,1
926991,21137,2,1
1737386,20345,10,1
497500,44359,14,1
2795874,20883,19,1
2560500,31130,14,1
2517025,15464,6,1
2238376,34126,6,0
1596587,42796,4,1
572658,29095,5,1
114309,22159,7,0
1682682,13966,8,1
2942114,38273,11,1
1290822,35951,11,1
3004791,27142,11,1
386283,41842,34,0
3323641,39275,10,1
1673670,37067,9,1
262833,14869,13,0
1711653,21903,1,1
1401083,40706,3,1
858265,34862,1,0
155267,36695,19,1
459505,17044,3,0
24778,4044,17,1
1754089,29553,10,0
2870910,39275,14,1
2224522,31632,11,0
2968643,39619,5,0
2604622,31888,7,1
459505,8479,1,0
1476041,24852,27,0
3322557,34024,1,1
1879873,34243,15,1
3159335,33343,6,1
1742072,13031,6,1
3179270,9839,12,1
2825353,31343,12,0
1983294,22141,4,0
1679047,10326,3,0
1644198,2228,5,0
1155135,27966,4,1
1738170,43295,6,0
2191145,44426,1,1
1711653,40310,24,0
813117,6873,9,0
340663,27104,3,0
2223233,859,2,0
449989,38288,7,0
2341376,47766,1,0
3275606,7835,16,1
3345931,16349,5,0
2902983,18432,2,1
1326080,34126,8,1
232274,39928,9,0
777036,23801,22,0
1603903,15592,6,1
3187545,49112,1,1
2098794,38383,3,1
1252827,24535,9,1
2542094,25745,21,0
478112,41408,24,0
2798028,3717,11,1
3159335,9076,11,0
905865,41376,5,0
525135,25936,9,1
1229133,12320,6,0
359942,43961,6,0
1801142,20520,15,0
968545,49293,2,0
494872,44422,4,1
2880744,20569,10,1
1090427,21543,5,1
1335462,23228,4,1
2833445,5479,14,1
1870540,33768,3,1
1227572,37067,5,0
3140442,11199,14,1
2420073,48017,5,0
2253870,9092,24,0
3277561,47405,23,0
906163,35951,13,1
69182,26209,3,1
377315,30489,12,0
1051559,40837,1,0
777036,33370,28,0
2542094,2569,25,0
3367254,10673,23,0
1050041,7948,1,0
414029,39142,21,1
336423,29487,35,1
508989,48335,6,1
3419829,29127,4,1
3168961,35547,8,0
75013,13198,5,1
699269,48004,16,0
2188005,38164,26,1
2998363,47890,1,1
2108361,40709,8,0
1964718,37646,12,1
966099,21903,3,1
1941179,48455,19,0
2053562,48255,16,1
3071827,43908,15,0
1522391,27652,2,0
1826981,48335,7,1
1592008,32330,9,0
2793915,24852,2,1
2949712,13575,4,1
2659697,18411,2,0
2628112,2326,15,0
2671033,8571,3,1
1625937,41099,1,0
139415,33731,3,1
2297930,48865,9,1
1167887,30950,3,1
2600858,26348,10,1
1941179,5025,6,0
545902,43192,14,0
512157,6196,11,0
1977792,45657,18,0
997929,40310,11,0
2586632,35499,1,0
1079090,16797,17,1
2160534,1337,8,0
492086,47144,11,1
193499,9076,1,1
2615970,21376,14,0
2378344,19057,1,0
226192,32271,16,1
3410496,42948,7,0
386032,22124,10,0
1634936,18503,8,1
1530932,27767,11,1
1586472,21019,16,0
1227989,42796,9,1
280254,12732,11,0
1313934,43394,8,0
2893609,19376,28,1
59628,19171,5,1
2391097,29103,11,0
3202236,40199,8,0
148866,34429,16,0
1221895,4799,2,1
3196061,15937,7,1
301335,17596,5,1
1946736,48679,2,1
781564,24852,1,1
1599092,20250,1,1
913743,21709,3,1
1418913,37036,2,0
1238015,44359,15,1
629227,3599,23,0
508989,4428,8,1
1210519,13176,1,1
3125951,42828,1,0
2897081,48360,6,0
3130206,24852,28,1
3140442,6532,4,1
1090807,11777,3,1
937452,27521,3,0
1738170,31893,2,0
1787556,24830,5,1
384530,40545,11,0
423493,36186,4,1
3114739,31683,1,1
755030,32714,1,1
823366,18389,1,1
2050816,3957,18,1
2981157,15429,2,1
858265,8235,13,0
1329074,8309,4,0
1855033,21903,17,0
3228592,40009,14,1
2508780,21288,5,0
2480876,24852,1,1
819802,14891,2,1
2276299,28156,3,1
792744,32638,3,1
819802,6238,15,1
1651271,29881,13,0
1474388,36735,8,1
345323,24535,6,0
1070138,21380,2,1
1227572,28204,2,1
531970,5114,9,1
812827,47900,20,0
2857450,8012,6,0
1498859,21938,19,0
1682682,22028,25,1
2428914,49383,22,1
1327473,31542,1,1
247227,12206,9,1
1759819,41950,26,0
1866506,19068,1,1
2870910,17949,15,1
125527,18301,13,1
436969,24489,6,1
650147,36934,10,1
3385060,3957,2,1
1753259,2413,23,0
318770,14267,6,1
1626604,19333,3,0
2034115,33316,2,0
449989,34946,17,1
2043945,21497,3,0
1718682,3856,2,1
997007,30391,6,0
2550592,19660,2,0
1884842,28476,17,0
3419435,16589,1,1
386673,5456,13,1
488480,8035,5,1
3005093,26165,7,0
1191492,43352,8,0
2959404,41844,9,1
2334360,11758,5,0
2294899,39858,1,1
672292,19605,1,1
173334,16732,5,1
423042,22058,2,1
2835751,43165,26,0
1219325,27325,1,0
6601,25949,4,1
907573,5456,2,0
772549,13176,3,1
410902,43352,35,0
424567,24427,2,1
2427011,24852,8,1
2639837,6589,9,0
963835,4942,3,1
1221102,13176,5,1
1713478,31181,12,0
2574095,43050,2,1
1498859,23634,8,1
1607431,42265,12,0
3119885,4306,7,1
2318060,23909,6,1
386283,47114,21,0
415554,7781,7,1
1450099,6558,10,1
2893609,11123,25,0
3135670,43692,3,0
393,16797,6,1
2704542,10307,17,0
793717,11421,10,1
2027167,48301,6,1
2975449,28204,2,0
2121022,39097,7,0
1090807,49175,13,0
1369416,19429,6,0
2380171,26223,3,1
2219353,79,8,1
1931344,32773,1,0
2429837,27156,10,0
2041951,3896,15,1
3004791,28849,4,1
493190,30233,20,1
2244768,20378,3,0
301335,28600,8,1
1873651,34969,47,0
1846047,48348,7,1
994829,21903,3,1
777964,9631,5,0
590255,9605,14,1
1214991,24184,10,1
3004510,49235,3,1
2498920,42701,18,0
415554,31657,33,0
551046,40723,21,0
2400102,23165,2,1
512157,1132,7,0
3375524,37016,9,0
809920,13829,20,0
3396111,28248,11,1
445115,25659,12,1
2512776,8277,2,1
2181668,42701,7,1
1946736,7485,5,0
1471750,17368,20,0
2825121,24964,12,1
2441349,45177,3,0
1384155,25424,1,0
879214,16920,4,0
2905646,35915,3,1
763355,43352,8,0
1711653,9913,31,1
3419634,20061,18,0
85969,48600,3,1
1340870,9070,5,1
1498305,2922,20,0
2464931,30720,21,1
2460683,29095,8,1
1176918,4724,2,0
3174249,45504,2,1
2374107,43352,2,1
2167048,23029,7,1
1855033,46676,6,1
764341,12576,5,1
1252827,7781,7,1
1011691,26530,2,1
1795016,7969,6,1
357146,38374,6,0
372193,1025,9,0
3343505,23909,2,1
2517538,16953,3,0
3242410,4920,8,1
377315,39984,9,0
254342,22220,6,0
1498859,8075,17,0
2007012,16083,7,1
882997,27690,4,0
886188,27796,11,1
2248198,890,2,0
737090,15528,6,0
1931344,45064,6,0
1498859,21267,3,1
1941926,7600,11,1
2602164,44142,13,1
70932,45007,15,1
1706028,21137,3,0
2420073,38383,10,0
386283,7600,28,1
3071827,27344,6,1
2873566,20574,10,0
2133756,12144,9,1
864802,43768,14,1
2989158,18648,9,1
309543,16797,11,1
3279702,43154,1,1
626215,41290,6,0
231475,30117,8,1
231475,44632,16,0
221481,17948,7,1
2571020,19051,5,1
238665,7026,6,1
984136,43378,15,0
73939,25806,12,0
612632,9387,4,1
3071827,48885,12,0
1339862,18487,18,1
733072,6184,4,1
188023,47893,16,1
867998,3304,15,0
1387411,7326,6,1
1580135,1181,12,1
1011691,8424,9,1
3187545,727,7,0
809920,4957,9,0
529777,31467,5,0
1064200,9851,29,0
2158622,22035,5,1
3218966,14502,20,1
356781,33873,3,0
959395,39812,23,1
2766238,38562,6,1
68219,38693,4,0
46409,41129,8,1
675433,4920,14,1
3331406,2091,7,1
2857450,5748,8,0
2586684,26698,2,0
1990467,4562,2,1
310520,40408,46,0
144193,23910,14,0
1127459,651,7,1
1450099,17316,6,1
2932939,1181,33,0
55278,6292,5,0
1752226,46203,5,0
2282529,15008,27,1
1749896,13500,10,1
572658,43482,19,0
2544353,44233,11,1
1319390,219,3,0
2766238,7419,13,1
1476041,17016,5,1
3279660,37718,6,1
409481,47626,2,1
759087,29898,7,0
1153735,22686,12,0
176114,21513,3,1
2108361,6774,2,0
530658,33198,2,1
2318060,38236,8,1
1119868,11520,4,1
1052772,41273,16,1
2599300,7021,7,1
769669,17794,14,1
1759819,48246,13,1
249748,12513,9,1
1661890,4138,15,0
2784427,37646,6,1
2790111,19348,1,1
2046414,45194,1,0
1229133,41544,7,0
1795016,18380,4,0
2939651,20899,2,1
1191492,47766,6,0
1884674,11520,6,0
586497,13249,1,1
1165962,38890,1,1
1689000,11422,7,1
763355,27714,11,0
1227437,33754,6,0
1253527,24964,1,1
875421,14252,3,0
2814659,16953,1,0
1789088,4193,18,1
1249817,2229,8,1
1498859,35946,22,0
2508780,16797,4,1
1238015,37067,2,1
1121318,34638,6,1
111516,28647,8,1
1369416,40292,17,0
1488296,5550,5,0
2508780,12341,8,1
1481108,15902,7,1
530658,32864,10,1
2378374,44008,5,0
2164338,15290,6,1
1961692,46558,9,0
1081316,30489,7,0
3119375,13203,11,1
812827,13045,14,0
1889679,9421,26,0
905844,22666,6,1
2615077,3474,3,1
136621,13874,10,0
3239508,39858,7,0
1401083,9839,10,1
1070297,45224,1,1
171574,10189,16,1
1058497,42736,7,1
2297930,28535,5,1
492086,42265,7,1
769669,20114,6,1
532393,18288,8,1
3410496,43262,2,0
995278,21150,11,0
1873651,15969,9,1
2419939,32096,3,1
1781025,22827,10,0
1155473,4562,16,0
1241815,32566,5,1
2360078,17721,6,1
777036,21293,32,0
3062050,890,3,0
3377890,26209,1,1
1109826,45208,9,1
338988,7175,13,1
759988,17600,4,1
3228592,7240,17,1
568908,31683,23,1
338988,42193,18,0
3071827,46979,17,0
140886,19660,1,0
176114,18708,14,1
737214,31651,2,1
1173240,4920,1,1
3275606,44580,30,1
2584332,25890,11,0
1210519,34126,3,1
2866527,27668,1,1
1488296,5785,7,1
2530803,40310,4,0
3400506,41273,14,0
1749896,43129,12,1
2690791,31040,1,1
2537293,7146,4,0
2464931,28226,11,1
1988344,24852,2,0
2704542,9007,10,0
410902,39966,31,1
781564,44570,3,0
166425,12427,4,1
1505841,14183,9,1
1432450,35561,5,1
2880744,21267,4,1
1340870,36070,7,0
1013005,651,9,1
867998,19904,21,0
516142,21137,8,1
1530932,28601,3,1
210336,12658,8,0
1079090,41950,6,1
2158709,11230,33,1
864802,10749,8,1
2531749,41787,13,1
1781194,33000,15,0
1464717,43961,12,0
2052864,31651,2,1
2088399,14233,2,1
31478,14401,2,0
232274,32655,3,1
196354,29307,17,1
2795874,15895,30,1
2378374,6015,6,1
596265,35551,4,0
3247591,24852,2,1
2762247,18382,1,1
2271176,26209,9,1
905844,12409,9,1
1227989,28985,7,1
777036,31355,23,0
1091897,38777,1,1
2130140,3376,17,1
2584332,30720,6,0
2428914,45007,19,1
1308278,45619,2,1
777036,15993,21,1
488480,14715,7,1
1839858,20738,2,1
1231050,27796,25,0
2604622,23288,2,1
2472313,38400,3,1
3272670,8555,19,1
2282529,18926,13,1
446629,17565,1,0
2902983,15290,17,1
607499,4920,8,0
1000264,31915,4,1
318770,44359,9,1
1641265,7644,1,0
1884674,49683,3,1
738520,5450,4,1
336423,44229,14,1
2670992,14032,1,1
737090,42242,11,0
2504445,9422,10,0
3337809,19511,9,1
1571982,20561,1,1
2413551,26348,2,1
280254,41026,22,0
2562608,40706,2,1
2825353,22825,17,0
2012554,33237,6,1
1221004,34969,6,0
772549,14645,10,1
3410496,6873,15,0
991772,14130,1,1
947646,18234,4,0
340663,37141,17,1
211750,41041,10,0
992989,4605,4,1
748189,8518,3,1
2787322,33672,3,0
2376926,1158,43,1
543973,44475,4,0
785385,14084,7,1
882997,45570,12,1
2831476,24531,3,1
2046414,3618,4,0
3119885,30169,9,0
576862,11265,1,1
1934715,30391,15,1
2627826,38890,8,0
3125951,47144,2,0
2414805,24954,1,1
2615518,12341,5,0
1940934,39469,7,0
783505,39107,6,0
2041951,17706,3,1
2078348,20842,1,1
2787322,6274,4,0
3275606,37754,14,1
1592008,16185,11,1
73647,40136,2,1
9059,21137,4,0
1737531,34243,21,1
1465229,30489,13,1
676611,34949,7,1
2167048,40706,4,1
116124,24852,2,1
2824989,14947,17,0
1889679,11408,12,0
1214991,34358,5,1
2985348,4938,3,1
3384204,3957,8,1
1070138,28199,5,1
159485,19820,1,1
1676102,12341,7,0
408929,16759,7,1
2323518,44632,3,1
1230334,47630,10,1
3367254,20883,18,1
1815792,12392,3,1
2825121,33731,32,0
2686941,46822,5,0
1455635,24964,34,0
1346080,25965,2,1
2517538,32211,4,1
1648905,24964,2,1
2542094,6046,9,1
1701033,38629,9,0
2761981,5450,4,1
557003,36011,5,1
1790126,46979,4,0
24778,22228,16,1
2103650,22400,1,0
139320,38383,22,1
2534756,25138,4,1
1988865,27960,8,1
1580895,13866,17,0
1689000,41220,14,1
210330,9292,2,1
1453815,31553,5,1
2341376,5612,6,0
2795874,30391,11,1
2788699,10106,12,1
380217,1860,2,0
3070849,1034,4,0
2689668,40838,13,0
1395773,16797,5,1
1241815,24852,3,1
3130206,11361,22,1
2750166,35769,2,1
1634192,21903,4,1
411595,33198,1,0
1893924,20955,5,1
3159065,42265,5,0
2798028,20896,12,1
1334784,21709,2,1
1165962,21137,21,0
384530,40397,8,0
2664620,46768,1,0
903107,14161,5,0
1892383,28931,7,0
356781,9071,9,0
3315383,1197,1,1
2766627,24964,10,1
777036,22875,35,0
1557429,31678,5,0
1334784,35221,5,1
1695091,24906,2,0
875421,12916,4,0
1524113,14715,8,0
2119883,2449,6,0
859568,11408,7,0
556236,10273,3,1
1453815,26367,1,0
1737531,45544,32,1
2127202,31730,10,1
2376926,6297,31,0
2688053,31596,3,1
2046208,10235,3,0
1316906,21903,1,1
1121318,34466,3,1
2131946,26416,1,1
2078636,35762,7,1
3279660,19948,11,0
1781773,10246,2,1
742608,21403,6,0
629227,10749,12,1
1516617,47990,13,1
3275606,2716,29,1
335109,32877,1,1
2319083,26475,5,0
421936,22677,1,0
3118619,29628,7,1
2792577,32293,16,1
2082012,20161,2,0
1703282,37299,2,0
3272670,18441,3,0
1036185,22788,4,1
2257798,21903,4,1
3415641,30489,6,1
130722,7058,13,0
2487759,35973,5,0
2825748,34230,7,1
1943542,15404,1,0
2109995,8048,3,1
2573806,42585,5,1
2359134,2579,11,1
2671607,15925,2,0
712453,20186,7,1
445115,42768,6,1
3278532,8239,22,0
2457821,5322,8,0
1119868,23909,1,1
2319083,47626,1,1
1705842,5618,12,0
147343,15649,9,0
1705842,4564,13,0
3400506,24852,21,1
2689252,33725,16,0
1494987,33216,3,1
2531749,30391,3,1
707995,24810,5,1
3385060,45279,4,1
1977792,19309,15,0
114309,11710,5,1
557003,4920,8,1
1278498,49113,9,0
2559979,37067,5,1
411595,13176,5,0
2734430,45282,2,1
1471750,4799,23,1
2278915,21096,12,0
1357273,27881,7,0
2873745,39275,3,1
336423,2658,26,1
1346906,3869,13,0
1393193,41220,6,0
448423,23527,7,0
2642501,28547,35,0
147343,47672,5,0
2376926,34666,1,0
1156256,47766,30,0
254280,45290,4,0
2041951,21137,13,1
2605255,42392,1,1
1176884,47788,12,1
699269,24053,14,1
586497,25625,3,1
285231,20114,2,1
1155135,6358,5,1
2814659,40210,7,1
795216,31683,5,1
2628112,33251,16,0
270117,41665,5,1
2902983,24852,10,1
2824989,39877,4,1
2870910,38293,18,1
2681092,27966,3,1
1232327,1463,6,1
2010460,33731,12,1
965870,44948,14,1
400576,33438,8,0
3167642,18394,13,1
1711653,24954,5,1
1297684,9387,7,0
2517025,44359,12,1
1867422,25466,5,1
3315383,27476,7,1
2789499,29487,10,0
1191492,24489,1,0
39845,41004,3,1
713135,6182,4,1
1295441,43772,7,0
81475,8021,18,1
3087033,2658,10,0
2815235,39993,5,1
58438,2618,8,1
1806738,35257,9,0
1705842,34024,2,1
2230476,41276,2,0
678310,27936,2,1
340663,34720,8,0
1737531,8518,27,1
997929,8762,9,1
947646,26497,9,0
85974,35002,8,0
333900,210,1,1
2671730,13603,5,1
859568,42342,5,0
2363164,10690,4,1
274693,8230,3,1
548452,18811,1,1
1969105,38312,1,0
125527,1234,2,1
2717830,11710,15,1
3396089,35824,8,1
2062671,17986,6,0
2563762,21903,15,1
1530932,25272,4,1
372193,22935,7,1
2534756,35911,14,0
2130140,24838,1,1
1175871,16759,7,0
62539,39275,2,1
793717,41950,5,1
1176884,9337,9,1
1963154,30696,6,1
55278,30489,28,0
3171285,21137,4,0
358895,32935,20,0
2380171,26184,6,0
314403,18523,1,1
3119375,43742,22,0
1297444,10761,3,1
812827,21194,8,1
2892893,47144,1,1
2752035,18465,8,1
922297,20564,3,1
1229133,35004,8,0
1127459,24236,4,1
1346906,35898,9,0
2866527,17615,7,1
1249817,40063,4,1
1043033,46979,12,0
2689668,37931,15,0
1240216,9421,3,1
867610,36076,20,0
2652966,25138,1,0
899039,13176,3,1
748642,30909,1,0
1197569,12962,4,1
1172620,13176,2,1
3179270,8239,8,0
3063904,17948,15,0
1083906,48321,23,0
1873651,27344,8,1
2224522,47526,5,0
1671844,7781,6,1
1060900,13198,6,0
840808,5785,1,1
1787120,196,1,1
2130085,30827,1,1
1119868,30489,2,1
818092,43352,3,1
1220243,27744,2,1
462204,17550,6,1
1064200,14992,25,0
130722,32465,1,1
482685,17207,2,1
1689000,14084,2,1
3377890,40354,2,0
2959404,14992,14,1
213817,45535,6,0
415554,43961,21,1
783505,21497,4,1
2359202,8247,1,1
1121318,29557,17,1
2094728,19376,7,1
980530,26620,2,1
1087344,21137,19,1
675433,24852,15,1
508799,15290,2,1
2088399,27799,5,0
3419634,36639,21,0
2534756,41953,1,1
684054,43343,12,1
1087344,25535,8,1
3001104,18838,2,0
867610,21903,9,1
3333096,45679,8,1
905844,14355,2,1
408929,8174,4,1
1857438,21903,5,0
97868,22025,2,1
259284,10369,9,1
2795155,28985,7,0
2199407,25718,12,1
1104559,47626,9,1
772584,12743,2,1
1424875,12980,3,1
1356160,21616,4,0
423042,30489,1,1
650296,9337,2,1
2652966,4781,3,0
791701,43122,10,0
1731430,12384,2,1
1290822,31575,10,0
691356,24852,2,1
2968643,12320,4,0
879635,48900,5,1
2959404,45066,10,1
2480065,20113,2,1
1249817,36857,3,1
174976,20119,10,1
2378344,14947,13,1
1754089,4889,17,0
1884219,24852,1,1
1546802,29798,12,1
328745,5843,10,0
397675,17872,8,0
2866821,44359,6,1
2040363,16797,1,1
1738170,2361,3,0
995368,42342,7,0
626215,48219,13,0
221481,40377,3,0
2734430,27413,13,0
531970,12905,17,0
114309,44989,2,1
1167887,30021,1,0
284437,12276,12,1
990074,20957,2,0
57889,41950,9,0
2313657,28420,10,1
2677350,14168,3,1
357882,35898,11,0
646266,5876,2,1
2659608,28842,6,0
1731787,22935,3,1
3415641,7751,2,1
2961194,2240,2,1
919796,47144,10,1
1464717,41437,9,1
2158622,10840,13,1
1716383,432,1,1
1892383,12894,1,1
1731473,37646,13,1
1121318,39911,11,1
3363387,13535,16,0
1395773,17794,7,1
3063030,33326,3,0
280254,45965,34,1
9932,4913,6,0
148866,38164,10,1
55435,7412,19,0
3174686,36162,4,0
2773969,19069,24,0
1498305,18947,9,0
3148389,46979,10,0
867610,3896,33,0
1480165,18531,4,0
1515808,15703,4,1
1644017,36695,5,0
2544353,10827,13,1
1963154,7969,10,0
47552,1940,3,1
823366,6046,2,1
3410496,34969,16,0
1077081,8859,11,1
73647,1458,6,1
1375389,17316,3,1
2826735,4853,11,0
959395,1231,15,1
1307787,2708,2,0
839147,27966,5,0
262833,36651,10,0
2248112,21070,2,0
2016405,1498,16,1
691356,29447,1,1
840808,34449,3,1
2052149,46979,2,1
2127202,27695,5,0
2600858,13287,4,1
144193,5098,16,0
764341,703,8,1
2229373,34547,16,0
3385060,22569,6,1
2636642,19057,6,1
423042,32869,8,1
2534756,14267,11,1
1742072,39619,14,1
1749896,38890,14,1
259284,38689,1,1
2257798,6184,5,0
1040679,5876,1,1
557003,21709,6,1
1701939,26209,2,1
1409734,17328,9,0
3178992,14462,6,0
1828527,48841,15,1
2158709,6587,20,1
683065,49075,14,1
2037729,36793,4,0
2789499,37065,9,0
1175160,38928,1,1
1117104,26604,22,0
1284652,43772,11,0
1367879,25138,1,1
2287679,22007,1,1
2001987,12516,4,1
3130206,45747,18,1
2089989,46485,1,1
1335462,28572,1,0
1327473,27505,5,1
3050656,2846,4,1
2530803,10695,16,1
358895,24010,2,0
759087,22963,6,1
1290822,28537,8,0
1634936,13176,1,1
2784192,23782,13,0
675433,43772,18,1
1233999,35769,6,0
2560500,12206,11,0
1401083,26369,14,0
919796,24852,11,1
1764235,46616,4,0
1764235,19057,10,0
1557429,17862,9,0
3414109,41372,11,0
328745,38739,12,0
1483950,22128,7,1
913743,49191,5,1
1151977,17957,15,1
629227,17872,8,1
109143,41787,6,0
2102312,12031,5,0
828278,35168,3,1
2167266,1529,4,0
565392,196,2,0
24778,18451,12,1
748642,43129,2,0
357146,12276,4,0
742608,17794,10,1
2893609,28535,20,0
57889,5031,5,1
3067396,12409,10,0
826427,42736,4,1
1214991,47766,12,1
2397308,41837,2,1
3331406,47626,8,1
1401083,39928,12,1
3302929,21137,5,1
2835751,25919,13,0
336423,28328,20,1
1424875,19024,9,1
1711653,13740,25,0
2050816,22888,23,0
2428914,47042,7,1
1000264,39180,2,1
1230334,9076,3,0
2495611,7644,2,1
2961194,24852,7,0
699269,27323,25,1
2608193,45007,10,0
1465229,7503,6,1
2050816,3951,9,0
1976060,20957,2,0
867610,42828,34,1
46409,22220,3,1
2098068,23622,2,1
2628112,43504,18,0
772584,17008,14,1
2717830,11408,9,1
713073,1360,3,1
3343386,4447,5,0
464408,18104,16,0
1329074,28465,2,0
1867718,1202,4,0
808019,38273,12,0
29486,31404,5,0
1369853,49355,5,0
1958379,15392,1,0
500705,192,2,0
906163,7622,14,1
1233999,13733,18,0
1346080,28353,5,0
2932939,4313,1,1
3408821,17482,2,0
1052714,37940,24,1
1354909,11512,2,1
1043033,26668,10,1
1946736,32177,4,0
812827,18140,22,0
3159065,28985,8,1
1946763,26769,6,0
221481,28842,15,0
1258852,32331,7,1
2988047,27113,8,1
141549,1063,11,1
1412551,39877,16,1
249748,47366,3,1
70932,39275,9,1
2457821,18418,3,1
2560500,40849,22,1
2628112,11088,10,0
2476007,21137,2,1
1297444,27845,4,1
2831476,5932,6,0
1455635,6238,16,1
2893609,18926,5,1
2181796,36857,3,0
2095540,47766,6,1
2530803,21868,28,1
1755771,9762,4,1
2949376,23064,9,0
2988047,39275,19,1
1604594,14947,2,1
3121685,12700,1,0
1106114,19660,9,1
3418597,19691,1,1
3415641,47893,5,0
2475764,38689,4,1
2798028,5124,6,1
543973,4347,3,1
2975261,18432,3,0
2160534,46667,4,0
1488296,17600,4,0
33785,39993,22,0
2207639,15200,6,1
57889,3464,7,1
819802,46226,11,0
1379909,17355,3,0
1369416,17328,18,1
1727430,15861,9,1
221481,15630,13,0
65818,46906,6,1
2877607,23734,6,0
867610,12969,22,0
111159,22882,9,0
90627,25138,4,1
2368144,42265,7,1
1886248,14867,4,0
2497140,30776,10,1
3006370,1935,7,0
2929106,43192,11,1
2208428,27307,4,1
826013,45581,4,1
2067696,49338,2,1
2009922,33198,12,1
450065,27336,7,0
1699361,45066,5,0
2464931,13829,19,1
3369424,18583,2,0
476247,22035,6,0
3089685,9018,3,1
310520,33705,39,0
2130140,18465,12,0
47552,21288,9,1
2761981,25931,2,1
2078348,2536,8,0
3367172,44683,8,0
2823875,42500,2,0
2615077,536,4,0
2130948,19376,3,0
2841323,6878,5,1
1290822,14699,7,0
2988047,1940,1,1
2491906,39558,7,1
556236,15904,9,1
1988365,790,3,1
1326299,18594,12,1
1409734,29993,14,0
1780688,48720,4,1
2457821,22035,24,0
1117104,14218,24,1
228658,22935,12,1
3409559,24082,3,1
1324075,1194,3,1
3068101,17547,1,0
905865,13702,3,0
2987784,47734,6,0
1371837,3957,8,1
2870580,1181,4,1
409481,276,15,0
478112,10749,15,0
400576,37687,10,1
2988047,19678,18,1
2376926,27900,4,0
2930044,47626,4,0
3156699,34969,14,1
1107154,16953,1,0
764341,13176,11,1
2404972,4692,3,1
2571020,32235,1,1
1873651,2846,5,1
1731918,32019,2,0
972664,29061,2,1
2062543,35383,12,1
3039231,36412,9,1
22901,14867,9,1
1580135,6278,22,1
1696797,47209,1,1
662363,15518,1,1
1047497,21903,9,1
338988,29668,4,1
1702465,28289,10,0
3379405,11543,2,0
492086,24964,10,1
2188005,21616,22,1
2788699,48335,17,0
357882,39877,15,1
1764235,14084,27,0
2652966,633,5,0
2130140,27156,16,1
3239508,30353,3,0
2531749,27695,8,1
819802,30776,6,1
1435682,12341,1,1
2942114,19019,6,1
2380346,43663,8,1
2545747,11520,9,0
1455635,38777,12,1
1307787,26604,6,0
3120961,2078,3,1
3119885,501,10,0
2531749,31915,1,1
1701939,14678,4,1
1409253,47626,5,1
1815912,42383,13,1
1406269,2024,1,0
399528,37524,4,1
1329971,196,3,1
1432450,30406,8,0
2137849,5025,4,0
1279771,45223,8,1
723854,30450,2,1
2870910,19048,3,0
398692,43788,3,1
3189826,36216,6,1
2752035,26790,7,1
2826735,4298,16,0
1284652,5535,3,1
2942047,20113,7,1
221481,24489,8,1
1483567,5206,1,1
1475735,38693,1,0
800287,16797,1,1
2078636,26052,9,0
2733134,45664,11,0
2959404,16797,2,1
377315,32691,11,1
1476041,6698,9,1
530658,21195,9,0
3415641,24489,13,1
3384204,27845,2,1
607499,49683,10,0
2119883,32156,3,1
1815912,21903,25,1
254280,35652,3,1
1931693,33370,8,0
3407187,17615,7,1
1744633,48697,5,0
2790111,37215,2,1
314403,33787,2,1
2615945,21137,9,1
3228592,19137,16,0
345699,34358,8,0
1516617,33572,15,0
748189,26800,11,1
1781025,8309,4,1
2599300,21137,1,1
2406823,47626,2,1
2763318,9077,3,0
1634192,26604,8,1
3343386,9225,1,1
1754089,48524,14,1
859568,39812,12,0
2158709,2067,3,1
3130206,29034,3,1
864802,19057,11,1
840808,49098,7,1
2460683,39083,10,0
291642,14874,2,0
2621260,35628,2,1
1455635,35363,29,1
723854,20345,9,0
2835751,38164,25,0
1634936,21463,9,1
2295295,5258,1,1
568908,4313,1,1
1476041,22021,8,1
491724,3827,4,0
46409,42445,5,1
1673670,46979,7,1
857255,24964,4,1
2873566,20081,12,0
1480365,5025,1,1
2689668,11679,2,1
2303859,44396,8,0
2290762,4210,1,1
684121,207,5,0
2380346,38200,11,1
2012554,24605,1,0
723854,13378,4,1
1543723,31573,9,1
2993458,16696,4,1
2298080,17948,9,0
238665,2480,4,1
1156256,32734,12,1
1460198,26497,10,0
629227,32864,5,1
1251668,20510,1,1
896359,35535,2,0
3037228,48722,8,1
233858,33352,4,0
3170244,35108,10,0
1731473,3464,6,1
278157,32952,1,1
1455635,30391,4,1
3035695,27325,5,0
1682682,15424,4,1
1946736,15937,3,1
2498920,26201,16,1
2788699,41658,15,0
1156256,39812,9,0
1831045,37449,3,1
1179981,6184,2,1
262634,9076,5,1
1846047,5047,6,0
113486,37647,5,1
1392788,12544,7,0
3363387,31970,14,0
1377891,26795,8,0
357146,32854,5,0
2401188,22825,20,1
2156507,35042,10,1
1045842,31805,3,0
65818,24852,1,1
1702465,5652,9,0
502962,31257,9,1
3106064,8912,5,0
386283,37158,10,1
1983294,47766,2,1
785488,15290,4,1
815342,8087,1,1
1739738,22959,5,1
1593956,31847,6,0
2866821,47209,7,1
2824176,17080,3,0
2133756,19468,12,1
2034115,5539,16,0
1249817,2960,24,0
1453815,4605,3,1
922083,40396,1,0
2393611,32689,4,1
310520,41716,38,0
2560500,432,1,1
3410496,17008,10,0
314403,5785,3,0
1238087,35269,2,1
1104559,23622,13,0
1654776,38995,10,1
2253870,18362,12,0
686547,2078,11,1
3309959,32902,13,0
2108361,18531,14,0
764341,45948,13,1
3392692,46667,2,0
1969105,9387,7,1
1375389,38452,33,0
2824989,4461,22,0
130722,5337,9,1
414029,25804,3,1
2415305,38289,3,1
2880744,47280,3,1
1838090,12576,2,1
2312946,17471,6,0
662363,877,3,1
2226626,18362,3,1
2062543,46524,11,0
1949159,21137,3,1
3278532,1468,13,1
1941179,17691,21,0
3396556,24852,2,1
2037521,19404,10,1
1983294,17027,14,0
345323,38579,3,1
301752,2002,5,1
922083,12962,5,0
199346,39024,5,0
2078585,16797,9,1
3396111,8153,7,0
1689000,30027,16,0
445115,8006,10,1
652209,8467,5,1
1711653,44359,6,1
1961020,2966,14,0
136621,39812,6,0
55278,14150,14,0
2179555,4605,6,1
527237,16327,4,0
2046208,36534,4,1
2616558,24852,4,1
882997,26209,24,0
959410,27509,13,0
545902,22963,7,1
916795,41844,8,0
2199033,49326,14,0
2615970,1244,6,0
3121015,28993,3,0
2295295,14966,3,0
2550592,5258,1,1
197549,44245,4,1
6601,9210,10,1
2073675,15613,6,1
2988047,38618,10,1
2378374,44142,9,0
1828179,20084,4,1
1828527,18606,4,1
2391097,24617,8,0
2282110,5876,7,1
283421,39928,5,0
676207,40593,8,0
373658,43849,15,0
2090821,24512,11,0
753317,34429,1,1
1326080,5876,5,1
2602164,7485,20,1
298480,32177,3,1
3411798,38299,14,0
2133756,13176,2,1
2497140,1158,25,0
2809547,47616,21,0
1873651,25727,13,1
210638,46397,11,0
1131189,2611,2,1
357882,8193,9,0
3407187,47365,1,1
1117104,31343,29,1
2380442,29166,2,0
1140230,5618,4,1
1022964,21616,19,0
1731787,30391,6,0
2835751,48455,15,0
2659697,31248,25,0
2823875,6848,1,0
1596587,23579,6,1
1091897,11005,17,1
2545747,40233,3,1
2542094,21150,14,1
1608098,1559,4,1
1941179,15664,30,0
1858384,1215,16,1
675433,4377,21,1
1667163,42834,16,1
3119885,12508,5,1
478112,4920,23,0
171574,28985,8,1
2376926,31343,5,0
1682682,31299,19,1
1087344,26131,11,1
2530803,1541,8,1
1037027,29987,8,0
2877607,14176,9,1
1951002,26317,5,1
359852,24852,2,1
2460730,46667,3,0
304846,24954,1,1
1036185,39507,2,1
3277561,33731,16,1
3032311,34067,14,0
890788,47766,6,1
262833,21938,5,1
987279,39265,11,1
3337809,12674,8,0
2942114,33000,9,0
1894752,26165,1,0
70932,47888,11,1
3119375,24852,4,1
1412551,36482,3,1
968730,16797,7,0
2016405,18019,19,0
1806738,25985,7,1
188303,16185,10,1
22901,38622,10,1
1780688,37067,10,0
1905929,16757,3,0
1603437,29487,10,0
2773969,5259,18,0
1238015,45948,17,1
446127,13517,2,0
1230334,28204,7,0
1109826,46313,15,1
3086475,49683,2,1
1580135,23734,15,1
2341376,47211,4,1
3118619,49517,9,1
2188005,22025,15,1
2181668,2180,13,0
1249817,8025,20,1
1252827,29127,3,1
210336,13535,3,1
1702465,33731,14,0
3070849,18531,8,0
509825,25837,1,0
3156771,16185,17,1
2814659,32253,8,1
1603437,30827,11,0
280254,8277,10,1
3159065,2825,2,0
1934715,40706,11,1
22901,8912,8,0
1676102,42356,2,1
2787322,21137,9,0
858265,12427,4,1
457097,23,4,1
1988365,34600,6,0
1516617,21137,22,0
1543723,4647,2,1
1633370,8021,4,1
1702465,25659,30,1
823366,36735,8,1
1375389,43545,1,1
2430243,15937,1,1
1474388,260,5,1
1087344,26521,6,1
90825,38739,16,0
1077081,30391,18,0
298480,39877,4,1
2248112,19660,8,0
3062050,6343,4,0
509825,24799,10,1
2350937,36956,11,0
464218,6296,15,0
2319083,4605,2,1
1785631,2776,2,1
2497140,40706,18,1
2282110,5578,5,1
2715919,42625,3,1
1262456,18434,7,0
2376926,39228,8,0
464408,7606,9,0
2893609,34429,13,1
764341,16797,4,1
1815792,21137,7,1
793263,22151,5,0
1708367,24852,13,1
1083906,23375,15,1
2997645,32230,1,0
3197136,33488,6,1
508799,29244,1,0
2811757,28745,7,1
3050656,21316,2,1
787870,46670,5,0
1899313,19003,5,1
2616809,7557,3,1
1295441,49235,3,1
2104535,16920,1,1
3140263,30353,7,1
677294,43961,13,1
1375389,26919,7,1
68219,19660,6,1
1731473,34243,14,1
1288137,44359,8,0
2304978,34069,1,1
675433,4889,13,1
239592,16083,4,1
233858,39928,1,1
1439711,36322,6,0
2497140,1387,26,0
1040679,28281,9,0
33785,33754,19,1
781564,24964,6,1
415554,4812,31,0
478112,11140,8,1
1774589,47141,2,1
2835751,33080,9,0
2108921,34027,7,1
2491906,23909,2,1
1918772,36029,3,0
2870580,47144,7,0
867998,28092,4,0
1873081,18724,1,1
2137849,10995,10,0
3415417,21641,19,0
196354,17794,7,1
3030462,44683,1,1
180808,17948,9,0
100302,24680,2,1
1989120,445,6,0
2880744,29970,7,0
2696681,42828,8,1
2659697,12914,24,1
3367172,8670,1,0
2208428,5212,2,1
2163140,35951,4,1
1621444,15904,2,1
97868,25647,7,0
1702465,45664,21,0
211762,27020,1,1
1316718,24852,4,1
114309,10301,11,0
2464931,18564,7,1
111159,10421,7,0
2805752,49520,5,1
650147,38495,13,0
974654,9598,10,1
3300995,46570,6,1
2807097,41844,2,1
336423,5025,38,0
449989,40490,10,1
2702856,45149,7,0
87863,9623,2,1
1870540,32303,6,0
1290822,31662,28,0
545902,4564,18,0
2681884,46979,6,1
211750,9438,17,0
3214740,47209,6,1
1946763,31040,13,1
1360052,16797,5,1
75013,32642,12,1
2949712,11759,3,1
199346,9450,2,0
1117104,27104,26,1
838496,37050,9,0
1599586,5194,5,1
141549,5876,8,1
2825353,27596,18,0
3048657,23586,10,1
2919525,38689,1,1
2088399,10255,3,0
1654843,5876,8,1
2248112,17118,12,0
1460198,27323,6,1
2025409,28204,1,1
487015,8075,1,0
2784192,37229,2,1
1553899,49111,2,0
947646,29487,7,1
1172424,8424,23,1
937452,2632,2,1
2659697,30021,11,0
1052714,7600,17,1
213817,4605,1,1
167185,432,4,1
3214740,13176,3,1
700878,44375,13,0
1963154,26282,5,1
2168213,33095,5,1
2135040,3464,11,0
3411798,31717,13,0
1958379,12614,6,0
759988,43713,10,0
3148389,13512,8,1
759988,27323,7,0
1745729,21361,4,0
493190,17144,18,1
437145,11087,2,1
1964718,14651,16,1
1140230,24852,3,1
769669,39527,16,1
2809547,47759,17,1
3048832,39578,3,1
491724,1090,13,0
1990467,38080,17,0
2642472,24032,12,0
3367254,43183,19,1
1369416,18599,11,1
122891,18418,7,0
2396536,12845,21,1
3400506,39844,25,0
2696681,19002,15,1
1867422,40825,10,1
1367879,20995,9,1
238665,598,1,1
785488,4920,11,1
1790126,11203,5,0
2413455,48812,2,0
997007,21288,1,1
1017916,19019,11,1
2014989,38558,8,1
2528265,7503,2,0
1326170,39275,2,1
210330,24852,5,1
2615970,246,5,1
218966,26932,2,0
397675,47788,10,0
1288137,44987,22,1
2428914,14966,43,0
1060550,21903,6,1
2584332,31040,16,1
1651271,20919,15,0
3239508,42887,9,1
3189826,9203,3,0
2932939,39982,8,1
2016405,22788,18,0
2298080,28601,4,1
262833,23165,9,0
2728477,32,5,1
777036,42169,34,0
1512816,39928,14,1
2037521,24361,12,1
280254,43768,15,0
120566,39461,2,1
130722,39180,6,0
2837244,21903,4,1
3379405,13780,12,0
2469848,13198,1,1
3345931,47626,2,1
2156507,6772,18,1
1106114,31215,11,1
2491906,5876,9,1
486501,34448,4,1
3148389,48745,11,0
1884842,22594,19,1
3130206,43409,24,1
1648905,46049,14,0
3029205,24852,11,1
2248112,24186,9,0
1769145,23241,13,0
1361469,34503,2,1
3371770,23612,1,0
867998,1313,13,0
1645226,21903,2,1
2473729,37385,8,0
3323641,46616,8,1
3169755,36855,3,0
1523038,37067,1,1
522660,1675,6,0
2542094,24303,17,1
1369853,5450,2,1
1787556,37158,4,1
997929,22309,7,1
867998,24535,19,0
1079090,41290,1,1
2671730,4920,3,1
812827,34584,5,1
3045532,38739,1,1
384530,43933,5,1
787870,18465,3,0
2659608,22504,9,1
281717,21903,3,1
3079208,40396,5,0
2868611,43735,3,0
1673670,21938,6,1
2098794,48679,15,0
1815912,27104,31,1
3351503,18288,1,1
1759819,47144,16,0
744812,34466,4,0
1682682,22809,5,1
1297444,39216,9,1
651025,14126,1,1
2094728,15892,12,1
2642501,42697,32,0
2939651,27086,4,0
1156256,35914,25,1
2790111,6142,8,0
857255,17568,7,1
738520,5876,8,1
494872,4247,7,0
3369424,40396,8,0
1044651,5841,11,0
1667163,3696,17,1
542414,44750,7,0
1845470,43867,20,1
3167642,41972,7,1
262833,39040,8,0
3168961,19057,3,1
859568,42585,15,1
1252827,42803,19,1
2567955,14084,6,1
310520,31040,25,1
522396,44632,20,1
2627425,45957,2,0
3140442,19816,15,1
2427011,5785,7,1
2313657,47766,7,1
1731787,11408,4,0
3214740,13877,4,1
2766238,39928,1,1
755373,9390,1,0
500678,24852,3,1
997929,39276,5,1
1176884,35921,1,1
2428914,33731,14,1
9932,11759,2,0
75706,31759,1,1
996728,2086,9,0
2988047,12941,12,1
2428914,40706,16,1
2014989,21137,6,1
33331,38689,6,1
3414214,21841,4,0
757837,21903,20,1
884290,36316,6,1
572658,47977,9,0
2870910,7185,10,0
1651462,38996,9,1
2951304,15937,12,0
2791414,31506,4,1
772997,3298,2,1
1480165,21783,6,0
999822,4724,6,1
886188,22790,4,1
1689000,8277,6,1
1523038,2108,2,1
1295441,24248,15,0
308327,13263,8,0
1375389,41950,21,1
2567955,12845,9,0
3367254,40174,6,0
2795874,32710,23,1
1592008,8193,2,1
2098794,3376,6,0
2334360,34190,7,0
2082012,29867,10,0
2773969,22249,13,1
1329074,5699,9,1
531970,38479,3,1
2642501,21938,12,1
2464931,29295,13,1
336423,37231,33,0
1332924,41414,11,0
231475,9203,12,0
713135,30639,5,1
1252827,11777,29,0
1664513,41276,1,1
356781,35045,11,0
2773969,16305,3,1
2787322,33959,1,1
1335462,19468,9,0
2271176,21616,6,1
1845470,29553,32,0
2399369,3464,20,1
1471750,2063,15,0
3125951,21137,7,1
1406830,32303,2,0
1208677,13497,3,1
111516,25890,13,1
1241815,19173,11,0
963835,21174,5,0
1607229,4461,9,0
1238015,26604,14,1
2562608,21903,11,1
1090807,13176,1,1
809920,18157,17,0
1089265,17027,5,1
1565135,47144,8,1
1673065,48094,2,1
2363164,25146,12,0
410902,47630,12,0
64319,43295,2,1
303567,2433,4,1
2688053,45771,18,1
2531749,41540,14,1
2013175,49683,3,1
2621260,44359,6,1
2814659,12288,6,1
56384,17794,4,1
310520,29370,13,1
1781773,15290,6,0
68219,42612,12,1
1221102,21137,7,1
1176884,26209,5,1
2253870,4605,22,1
3128381,28609,1,0
1060900,45007,5,1
992989,1830,2,0
497500,2825,10,0
1156256,46667,6,0
2975449,5876,4,1
2238136,35547,4,1
87914,20114,8,1
6601,1511,5,1
1648905,38777,8,0
1886248,5134,5,0
1044651,49260,15,0
1831565,31242,1,0
2789499,44761,8,1
2642501,26209,8,1
926968,13263,2,1
449989,32211,3,1
626215,1468,12,1
1282203,13176,8,1
55435,22908,17,0
879214,45698,3,0
211750,7893,9,0
174976,16568,9,1
3089685,46979,2,1
2530803,4591,12,0
974654,20995,16,1
984136,19508,24,0
159485,34969,7,1
1319390,45495,6,0
377315,24830,1,0
2199407,41840,2,1
2763318,38557,5,0
2474227,21903,13,1
330830,41149,3,1
104688,3040,2,0
302725,31651,1,1
777964,27845,1,1
545902,24184,3,1
586497,9076,10,1
1058493,27966,10,1
1249817,37141,22,1
1985061,45007,1,1
1790072,7335,2,0
155267,46750,8,1
1713478,13380,9,0
292489,27966,5,0
3364168,28156,1,0
90985,33731,1,1
48038,33010,1,1
359942,9595,8,1
2793915,7916,13,1
1969105,46755,11,1
1080826,4461,1,1
103513,10866,2,0
3189826,28842,13,0
285231,36418,8,0
2932939,17858,20,1
1692830,42495,1,1
338988,5134,19,0
1361133,45687,2,1
1745499,24852,1,1
1845470,43632,13,0
2704542,25613,13,0
905844,29195,1,1
1609317,40474,3,1
878107,47611,9,1
1127459,46979,9,1
24778,6195,3,1
3134942,27845,2,0
2383849,31927,4,1
926968,14870,4,1
166425,10819,2,1
2319083,48230,17,0
2013175,23685,5,1
2975702,30489,2,1
285231,7398,13,0
777036,7948,16,1
2063863,20583,1,1
310520,5337,19,1
1252827,30391,17,1
2429837,4605,11,0
2219353,13176,2,1
1045353,27156,6,1
2877607,35193,4,1
2158622,9825,6,1
2053562,13031,4,1
972664,41377,1,0
1022964,28427,6,1
2495611,14335,15,1
318770,21137,4,1
3189826,45223,5,1
562031,1217,6,1
683065,23765,2,0
1607018,7325,4,1
987279,27104,5,1
3419158,36011,1,1
430129,36137,4,0
2921844,36127,9,1
2427011,46584,10,0
69182,42269,2,1
525135,17600,1,1
148866,35108,17,0
1091347,16882,25,1
1669079,45965,7,0
1873651,39551,23,0
415554,47766,2,1
675433,5450,11,1
2104535,27325,3,1
1117104,28785,15,1
1737386,7559,9,1
1725202,26196,1,1
140839,36735,9,0
2461427,34429,10,0
3272670,10108,5,0
1764235,1099,17,0
1367879,13176,11,1
2627425,26315,1,1
1695091,26208,1,1
2530803,28450,26,0
3367254,30396,16,0
232274,26717,5,1
1727430,21083,13,1
2790111,20126,7,1
492086,27521,2,1
543175,21385,2,1
2785172,43086,9,1
3194842,24649,10,1
1265766,412,9,0
62539,45007,9,0
2439875,35951,4,1
2188005,22474,1,1
3037228,27325,4,1
2120886,38596,7,0
1316906,45965,7,1
159485,24830,10,1
1903418,39614,9,1
763355,24518,10,1
2949376,14439,7,0
1764235,5134,6,0
1806738,22656,11,1
700878,47209,10,1
1024073,39013,1,1
3119375,27243,27,1
1565450,33129,7,0
1634192,13249,1,1
2841323,37489,15,1
310520,13517,21,1
386283,9755,30,1
1082064,7966,13,0
373658,343,16,0
1081316,40229,12,0
2329036,39464,8,0
426262,46206,6,1
2033904,48057,25,1
2207639,13378,3,1
2418508,21292,4,1
2339067,46149,1,1
2688053,42450,10,0
952434,47809,1,0
34163,21011,6,0
551046,49481,18,1
2461427,36117,1,0
3010082,38883,2,0
2082012,41065,12,0
2382288,27275,9,0
1964718,28985,7,1
2602164,24184,17,0
551046,47626,1,1
1667163,2144,18,0
1920158,33147,2,0
890788,29088,2,0
1718682,41679,5,1
1788324,19886,6,0
3032311,23102,4,0
3063904,49683,16,0
2313657,28985,2,1
2528265,30489,1,1
87863,40549,4,1
3189826,5456,14,1
1840937,1940,20,1
984136,31717,6,0
545645,33768,12,0
144193,9996,20,0
1706342,8424,9,0
611769,44088,2,1
466910,24231,4,1
928387,23769,5,0
122891,11679,2,1
81475,36865,2,1
2376926,16083,3,0
893488,9219,7,1
3130206,30353,15,1
192444,1090,6,1
966334,42389,5,1
1279771,2722,3,0
1512816,19311,15,1
2399369,1463,1,1
1412551,46512,9,0
2154641,22720,10,1
781564,6948,7,1
3140263,40396,13,1
1064200,24427,21,0
1052772,8309,9,1
922297,19057,5,1
2735618,30391,3,1
2163140,48789,6,0
1990467,5818,7,1
3029205,5450,8,1
1946763,39775,14,0
349684,35004,6,0
76443,6473,6,0
3087033,29820,1,0
511309,28521,3,0
358895,41749,14,0
2154641,29852,17,1
509825,16797,5,0
1376096,29307,5,1
2545747,13176,8,1
1546802,20226,11,1
2449351,49235,15,1
386673,5785,11,1
1742072,41844,4,0
2060943,31562,9,1
1676253,8811,20,1
1156990,6184,2,1
3119375,15902,10,1
2072131,7922,5,1
2779437,38662,7,1
751704,34487,6,1
1946736,49683,1,1
55435,31504,11,1
677294,19678,6,1
267491,15962,13,0
1781025,11374,3,1
1229133,24838,1,0
1249817,36844,11,1
745548,21137,2,1
2016405,10032,9,1
2282529,1935,23,1
1980091,39040,9,1
2929106,11777,9,1
2959404,30353,18,1
70932,11130,19,0
2160534,38456,1,1
167185,9839,14,0
1764235,19691,9,0
1695091,45762,7,0
684054,33810,5,1
2877607,22767,8,1
1917563,35176,12,1
1231050,12023,14,1
2602164,30391,21,1
1011691,12872,8,0
813117,31343,14,0
3048657,22935,6,1
1308278,13423,3,1
2573806,27104,1,1
1369416,27360,22,0
3317683,4920,3,1
1147586,1775,4,1
3287074,5128,2,0
3106064,20842,14,1
1790072,20323,6,0
1077081,35535,4,1
378419,19660,1,1
2841323,10476,12,0
3322409,48364,23,1
646266,19048,1,1
2806039,23909,5,1
356781,8518,5,0
1607229,11619,7,0
1673670,35951,2,0
310520,12341,28,0
1468913,47990,6,1
2363164,29487,11,1
85969,45139,2,0
3334139,43961,5,1
2041951,9339,12,1
3121685,35199,15,0
675433,21970,2,1
2655361,33313,4,1
740447,17122,5,1
2602164,33754,7,1
1377891,34449,2,0
301752,38720,7,0
823366,21955,13,0
2157222,40396,8,1
2932939,13176,4,1
1176918,16797,3,0
2642501,39275,37,0
2798028,29577,2,1
2461427,21903,15,1
385508,7021,1,1
3323641,48121,12,0
1375389,31717,32,0
1518716,33090,13,0
1800023,26283,22,0
1279171,35939,6,1
1498305,33060,18,1
1091897,11512,4,1
2394392,20995,4,1
809920,47209,1,1
3287074,1939,3,0
1604594,17706,5,1
3347608,43967,3,1
1395773,3952,3,1
2798028,44566,3,1
737090,47325,7,0
2959404,4920,30,1
3062050,9018,2,1
1233999,7179,5,0
1231050,24964,10,1
486501,29987,7,1
2102312,45819,11,0
158241,2187,1,1
2130140,36865,11,0
1839858,43713,6,0
1961692,47626,3,1
1375389,37385,27,0
2084838,14992,11,1
2734430,42827,10,1
1238087,45920,3,0
1530932,44795,10,1
2007056,48032,8,0
1191492,18391,9,0
1332924,18071,7,1
2544353,27945,8,1
386283,27510,11,1
3098466,30486,1,0
1608098,45066,2,1
2209627,39758,1,1
33785,16797,7,1
2250748,23405,3,1
1227989,28204,6,1
372193,40310,6,1
3300995,39108,1,1
173334,42500,6,1
1737531,9020,18,1
3367172,45116,2,0
1441461,3798,6,0
314403,39450,6,0
130722,28849,19,0
957284,14419,2,1
488480,28911,15,1
2841323,16349,8,1
2208428,8277,12,1
1209888,7035,2,0
785488,34786,15,0
1109826,10678,12,1
2461427,35547,14,0
33331,10017,8,1
1369416,25495,15,0
1081316,6489,9,0
2573806,13496,7,0
1384155,48595,5,0
772584,48825,15,1
1274211,13176,7,0
2959404,16759,8,1
1028724,20226,7,0
2037521,48299,8,1
2018860,5876,3,1
3056599,47209,2,1
1052714,5041,4,0
68219,21386,7,1
1657910,31701,2,0
1316906,35535,8,1
2806039,24852,3,1
2671607,11463,21,1
1232327,19002,16,1
314403,11123,4,0
3130206,42437,1,1
2108361,25195,10,0
2877607,24852,2,1
812827,37891,24,0
2785172,79,4,0
1117104,24852,12,1
1339862,38383,3,1
410902,10749,7,1
2397451,28476,9,1
1037027,36695,2,1
1051559,27238,9,0
3071827,37215,1,0
942724,18656,1,0
1521227,5450,12,0
764341,29900,6,1
808019,21137,8,1
338988,19505,6,0
3169755,31506,10,1
1105774,4920,5,1
2893609,47626,15,1
2728477,5646,1,0
449733,16797,3,0
2891355,39108,9,0
211750,48513,8,0
2094479,23756,2,0
808019,43961,5,1
2152455,22888,8,0
426262,13176,4,1
3147849,41774,13,0
3148389,20710,3,1
1064170,4920,3,0
2809547,11069,28,0
875421,14858,7,0
1371837,30233,5,1
1941926,49235,1,1
3287074,41591,5,0
2191145,35206,4,1
1544996,9092,4,0
3106064,29557,6,0
3266888,651,9,0
62539,9839,11,0
548452,13259,2,1
384250,39275,6,0
2246291,4605,14,1
90985,28204,6,1
2500056,21380,6,1
2628112,21137,6,0
511309,22196,5,0
2987784,12797,4,0
1340870,7615,4,0
2502010,11865,8,1
2567955,28576,3,0
1455635,39699,14,1
652209,38834,12,1
772549,43631,6,1
284437,47977,5,1
1749671,13176,1,1
1058493,26152,20,0
1319390,43961,13,1
2158709,38164,29,0
702422,10960,25,1
3159065,42736,3,0
1424875,21607,8,1
3371770,25397,2,0
1920158,25017,3,0
493190,31714,13,1
75706,11759,2,1
1249722,13176,1,1
650147,1023,14,0
3334139,47766,4,1
2895034,24764,5,0
3339983,31635,1,1
1607431,48679,6,1
1153735,36882,7,1
1753259,6128,16,0
2011953,260,24,1
1504514,8277,12,1
919796,260,4,1
2199407,33120,6,1
2809547,43295,13,1
2628112,37478,9,0
874923,14577,15,0
764518,40878,9,1
147658,5785,3,1
3218966,2178,17,1
40247,24489,2,0
2457821,28597,27,0
2615518,24810,7,0
130722,44570,10,0
1912642,37317,3,1
1471750,47492,18,0
3375524,19484,8,0
2050816,8574,6,0
649782,31502,8,0
1737531,10112,2,0
686547,41950,5,1
2007056,13984,4,0
55435,141,14,1
1371837,17224,6,1
2959404,1511,3,1
516142,35163,7,0
2734430,40659,3,1
819481,9046,6,0
2542094,28299,10,1
2807097,23405,7,0
2108361,2722,12,0
826427,77,5,0
3140442,34448,2,1
1867718,22298,3,0
298480,44795,5,1
1787556,27104,2,1
1450099,10488,9,0
2294595,44014,3,0
1377891,35221,6,0
1990467,13176,3,1
1013005,19816,2,1
190203,38383,6,1
2474227,9839,12,1
2062543,26751,6,0
2319083,27156,14,0
823366,18288,5,1
3068101,49139,8,0
130722,43295,4,0
2870910,25796,19,1
493190,1942,2,0
1432450,17313,1,1
699269,36664,37,0
1604594,42110,10,1
523965,47144,4,0
372193,13176,3,1
1221102,23198,13,0
2480065,49185,12,1
167185,22234,2,0
781564,19057,2,1
2815894,5212,13,1
965870,30233,8,1
343485,26351,14,1
51913,5450,6,0
3050656,49680,8,0
1346906,27845,3,1
2826735,11136,17,0
607499,29741,19,0
2906880,24852,5,1
153033,8571,3,1
1657182,27086,3,1
1091897,24221,14,1
758118,47366,2,1
336423,32133,41,0
2371282,49235,16,1
2751379,3952,3,1
2082012,30305,5,0
1124874,33184,10,0
125527,2371,4,1
1873651,29078,12,1
2229373,35378,12,0
2631301,45613,11,0
3121685,26452,17,0
3396111,19677,4,1
1873651,28911,26,0
136621,14242,13,0
2253870,21137,5,0
839147,26604,6,0
78067,37687,2,0
364411,47322,1,1
2375492,38739,3,0
759988,27845,1,1
424063,17468,1,1
3140442,43122,6,1
340663,21137,21,1
3068101,41708,5,0
882714,27156,4,1
511309,41276,9,1
2615970,8650,2,0
1376096,45938,9,0
2868058,34358,7,1
1419294,33147,2,1
259284,16617,16,0
1731918,10957,4,0
937452,49352,1,0
683065,47672,3,1
373658,35951,1,1
857255,19875,6,1
1083906,11899,4,1
2487759,27086,3,0
68839,46088,4,1
436126,18441,7,0
1526749,5438,1,0
3148389,45989,2,1
328745,43352,3,0
1518716,39891,4,1
1565450,24097,13,0
1282203,22504,15,1
3419634,27845,10,1
2130948,45013,7,0
1700580,26021,2,1
2766533,24852,1,1
3380494,7923,5,0
1754089,11009,8,1
492086,9124,12,0
1794436,6046,4,0
1163594,13646,1,1
443247,45007,6,1
3062050,4138,1,1
2342655,26209,12,0
2949376,21926,8,0
1946736,28289,20,0
1060900,2876,1,1
947646,7021,19,0
1828527,36493,7,1
2319083,23165,8,1
1176884,26315,3,1
545902,24765,20,0
2037521,15785,9,1
926968,28465,3,1
1398622,44667,4,0
3409559,7515,10,0
713135,27521,2,1
1012402,25691,2,1
423042,27729,5,0
280254,44422,32,1
1339862,47209,20,1
3029205,10132,12,0
2297930,18609,19,1
1727430,13176,2,1
1081316,44514,5,0
2317342,21137,3,1
2495611,44368,10,1
1547907,33279,3,0
90825,44632,3,1
247227,12129,6,1
386673,11712,8,1
2795874,24852,2,1
2951304,29615,1,0
1764235,35503,1,1
310520,1103,8,1
1463803,26894,4,1
590255,49508,18,0
2621260,5785,1,1
684054,48364,11,0
2250748,5460,2,1
1346906,9741,5,1
1147586,47766,13,1
261647,15995,3,1
926869,36772,20,1
995278,45698,5,0
2094728,23537,15,0
359942,43713,9,0
1307787,39275,13,1
511309,37849,1,1
1952959,17949,7,0
2671730,2295,15,1
1409734,5025,5,0
3106064,21294,11,0
69182,8153,12,0
1833382,13176,6,0
2508780,14161,6,1
63586,46979,7,1
122891,9098,8,1
104688,33184,4,0
2965401,16797,14,0
2577537,19803,3,0
386673,45437,35,0
1941926,47226,10,1
3063904,33043,24,0
1752226,7751,16,0
508989,10017,3,1
1650972,41242,12,0
1087344,44204,4,1
3147849,41793,6,1
2294595,12113,5,0
357882,29987,4,0
778664,26900,2,1
449989,45717,20,0
1754089,23763,7,1
2807097,5296,10,0
3407187,39719,8,1
607499,40279,14,0
1912518,27966,4,1
2368144,40941,3,1
2245971,43279,2,1
104688,1887,3,0
826013,20842,1,1
301335,49543,4,1
759988,4792,19,0
1683669,4306,1,1
886188,12285,2,1
1716383,36316,8,1
1274211,27344,8,1
411595,14727,7,0
1683669,2979,9,1
2297930,18656,24,1
1943542,14536,8,0
1769145,19389,16,0
2835751,30391,7,1
675433,2663,20,0
147343,10603,11,0
1718682,46656,3,1
2826735,45,9,0
2826735,42445,15,0
1988865,44008,7,1
2010460,21616,5,1
1889679,48679,16,1
757591,41774,2,0
1512816,23270,3,0
139320,37766,5,1
2229373,40279,17,0
345323,2124,8,0
1565135,14277,6,0
1155473,38689,5,1
907573,2495,1,0
2530803,32399,17,0
1696797,24184,6,1
675433,31954,12,1
1952959,5450,4,0
3079208,42701,1,0
1147586,1032,18,1
258778,13176,3,0
959395,34608,8,1
2068743,18918,4,1
1763628,40706,3,0
1705842,1181,18,0
142429,19782,7,1
1896008,8478,2,1
2376926,15405,10,0
2428914,18441,27,1
1231050,36443,23,0
1214991,48871,4,1
1011691,4313,15,0
2154641,23541,12,0
1727430,46720,10,1
785488,27953,16,0
1425816,20392,1,1
3334139,23765,3,1
712453,11520,2,1
2179555,26497,13,0
1657182,24852,4,1
1682682,6166,17,1
1673670,41220,14,1
1230334,24852,11,0
2734430,4162,6,1
1504514,4920,10,0
2130140,22935,5,1
2921844,21938,6,1
2246291,43735,10,0
2547130,43352,1,1
360319,49247,3,1
2157222,890,10,1
238665,27885,3,0
3063904,13409,11,0
358895,38751,11,0
1339862,22025,19,1
2530803,45588,34,0
772549,17600,11,1
629867,20842,4,1
1117104,34050,11,0
1208677,7493,2,0
545902,30391,8,0
2897036,39157,9,0
2428914,47766,2,1
3228374,12341,1,1
3171063,20169,2,0
1505841,16014,1,1
2500056,8490,7,0
1441461,651,1,1
2424254,11494,1,1
2868611,20899,5,1
787925,39812,4,0
886188,38579,7,1
995278,38949,2,0
1043033,40360,18,1
2751379,33636,5,1
903107,3464,18,1
2542094,46106,18,0
1284652,25704,5,1
2833445,26209,9,1
779191,9839,5,0
568908,12496,31,0
2616809,12341,4,1
1050290,26940,4,0
1682682,100,26,1
2011953,21267,6,1
1227989,22935,8,1
3367254,36025,9,0
1667163,4138,6,1
1731430,22935,6,1
1209888,10709,1,0
1988365,44632,4,1
1737531,25552,1,0
1516617,26634,10,1
1831838,49440,3,1
1516617,17038,4,1
1764235,31506,19,0
2602164,27695,12,1
357882,13176,7,1
423259,17016,4,0
1105774,49235,15,1
2795155,3376,4,1
1753259,3207,22,0
1140230,19389,8,1
1412551,2238,22,0
374148,44177,3,1
2530803,31670,11,0
1949159,18689,7,1
2857450,22282,5,0
748189,44449,16,1
2627826,24041,7,1
1250013,10305,2,1
2642472,21150,3,1
2282110,44750,1,1
1435162,49235,2,1
1109826,3479,1,1
1630931,6274,2,1
984136,30391,9,1
155267,44359,23,1
2485732,44787,5,1
1156256,45007,14,0
3371845,36287,1,0
1064170,41950,5,1
1650972,25691,11,0
3333096,23848,6,1
3004791,18761,1,0
249748,35665,10,0
2604622,22150,4,1
1360843,248,6,1
1295441,3919,9,1
1884674,7503,4,0
2876345,20919,5,0
2998363,4920,7,0
607499,9714,3,0
1079090,36854,21,0
1252827,44303,4,0
997929,43707,14,0
488480,39844,20,0
73647,20191,13,1
233858,39877,2,1
2457821,47966,29,0
3156699,42300,6,1
1752226,39441,4,0
3400506,3868,6,0
921950,40002,4,1
270320,17619,11,0
2497140,10112,28,0
3404430,30135,5,1
1900649,27881,4,0
2334360,44632,1,1
2253870,22395,10,0
1278498,35951,6,1
1764235,28286,5,0
134944,31693,1,1
81475,38890,7,1
1934715,34466,9,1
783505,34312,10,0
3171407,31717,14,1
308327,19318,6,0
2163713,32467,5,0
737090,13114,9,0
1505841,4694,8,1
333900,21376,7,0
1241386,25952,7,0
142507,11874,4,1
2474227,9339,1,1
3145116,17957,1,1
874923,2985,12,0
2949376,15424,6,0
1706028,21903,2,1
3226250,7628,1,0
75013,26317,6,1
2156507,8053,22,0
1326080,21137,11,1
1297444,27454,10,1
125527,26587,10,1
2537293,9434,2,1
2864229,8012,7,1
2034115,41950,18,1
777036,23405,11,0
779191,22210,16,0
2866527,26397,11,0
111516,31888,12,1
2902983,17333,5,1
2702856,30424,6,0
777036,31618,12,0
1360843,21009,20,0
1117104,48205,13,1
158241,18594,5,1
1011691,25686,10,1
2893609,31717,12,0
2681092,25466,4,1
879116,8437,6,0
1946763,47357,19,0
819802,18027,16,0
276016,36316,7,1
769669,1640,8,1
1475735,24231,3,0
1460198,40348,5,0
1725202,38689,5,1
76443,34126,8,0
298442,7781,5,0
2504445,21903,5,1
3039231,27344,7,1
1885962,40338,1,0
2512776,47766,5,1
302725,30494,3,0
3333096,26201,3,1
1696797,37113,13,1
1769145,43928,5,1
2943385,3957,3,1
2253870,17915,13,0
1845470,40354,24,1
3396089,12341,7,0
3117201,21572,6,1
1037027,8955,4,0
2642501,7628,28,0
2007056,24489,7,1
2476007,12276,6,0
1249817,22935,19,0
292489,30391,4,1
1946736,32689,6,0
1070823,41593,2,0
1740558,18232,14,1
2521485,23765,7,1
166425,49098,7,1
449989,34559,14,1
587154,5677,8,1
2164563,30720,2,1
2428914,30827,12,1
55278,34605,27,1
85974,45007,10,0
759988,35887,12,0
485099,23801,4,1
1107154,20940,7,1
1464717,26915,14,1
590255,519,16,0
1648905,35993,3,0
336423,33138,12,1
1706342,25890,17,1
1221102,26940,15,0
2292077,4605,1,0
1879873,6402,7,1
2761587,21137,4,1
1884234,5450,3,1
2133756,26604,6,1
1580135,8506,13,1
2921844,41273,7,1
2413551,13966,4,1
1012014,16797,3,1
2681884,49683,1,1
1941926,27464,4,1
1227437,22124,3,0
1815912,22035,4,1
1800023,20015,9,1
1790126,18019,3,0
2259301,10612,17,1
34163,20378,7,0
1651271,17164,27,0
3125052,4210,7,0
652209,20345,10,1
2420073,46823,13,1
206205,43565,1,0
3246286,18224,1,1
3179270,27344,5,1
1512816,34590,6,0
1947128,9387,1,0
1633370,8277,11,1
1455635,47209,30,1
2218370,20762,7,0
2303859,21019,10,1
2825353,37029,6,1
2424254,35951,7,0
3171407,41570,19,0
1731473,5491,17,1
1064170,14999,1,1
1172424,4605,2,1
2893609,4799,19,1
1650972,27179,22,0
426262,20009,13,1
1977792,29628,16,0
1840937,11777,2,1
1083906,19488,16,0
1529257,25890,6,1
336423,34393,37,0
2833445,17794,5,1
1893924,18441,6,0
3400506,24622,24,0
372193,44359,10,0
994829,12341,4,1
2784192,18632,11,0
2889454,10495,1,0
1176884,21137,8,1
384430,23165,4,1
1104559,49235,1,1
249748,30795,6,0
586497,3318,5,1
2989234,46424,3,0
386032,33754,8,1
114309,27470,13,0
1753259,38200,7,1
1963154,17634,15,1
1941179,39019,25,0
1257106,41259,9,1
280254,28985,4,0
2133756,17149,7,1
522660,24819,9,0
699269,32573,31,1
87914,27521,5,1
1673065,35503,1,1
1983294,26629,16,0
1395773,39247,19,0
808019,16185,3,1
1739738,16695,24,0
485099,21137,9,1
267491,37220,8,0
3277561,33352,9,1
2965401,38051,15,1
1607431,37067,1,1
2688053,8193,16,1
1801142,8197,14,0
2715919,49194,4,0
3171285,27104,6,1
2050816,13802,1,0
11646,26373,10,0
1395773,37892,17,1
787925,1529,3,0
3371845,44422,5,0
2485732,24852,1,1
1671844,8174,4,1
2461427,1408,16,0
2464931,9339,4,1
130722,5618,12,0
1090832,45161,1,1
2102312,31040,2,0
239592,30391,7,1
2415305,30305,6,0
1476041,33894,18,1
343485,8518,30,1
2798028,15872,5,1
142429,30610,8,1
2627826,14901,4,0
572658,35909,11,0
3351503,2132,4,1
3100406,23719,4,1
1855033,47766,1,1
166425,36768,3,1
144193,25985,10,1
430129,48779,2,1
1682682,32211,2,1
3179270,35628,4,1
2788699,11193,10,1
359942,47616,2,0
1094484,16766,8,1
757837,18288,23,1
1977792,11075,8,1
2464931,260,16,1
1753259,46842,15,0
874923,24893,3,0
140886,38571,5,0
2616549,34126,4,0
2505627,10509,2,1
916795,37067,1,0
3363387,44422,17,0
1682682,12817,12,1
1912518,8277,5,1
903107,28289,14,1
2571020,28748,14,1
56384,39475,10,1
2094728,5134,16,1
2790111,22520,12,0
1303781,46979,1,1
2009922,16797,5,1
3351503,8277,8,0
1801142,14471,16,1
1153735,26209,5,1
1739738,5067,21,1
711923,40382,6,0
2919525,162,6,0
140886,14651,4,0
1931693,42913,4,0
2574095,44632,5,0
2340751,28785,14,0
3089685,21903,15,1
832587,21137,21,0
2559979,18610,1,1
1450099,3481,8,0
686547,34867,1,1
1725202,27966,2,1
3385060,31960,12,1
1700580,48527,4,0
1941179,13249,2,1
1518716,19977,5,1
2094728,44422,17,1
1043033,18483,16,1
813117,24852,11,1
1731473,162,4,1
2105603,14744,3,0
832587,23375,32,0
1316906,38777,3,1
2554464,46406,12,1
2989158,6850,7,0
1172424,4562,13,0
2340751,1396,8,0
31478,42144,1,0
2041951,5646,22,0
1941926,47569,14,0
657357,781,6,1
1873651,48158,14,1
1731473,32204,5,1
1058493,24852,1,1
3063904,16249,14,0
1737531,41787,12,1
1339862,5642,15,1
809920,20995,14,0
2078636,19348,1,1
27487,31506,1,0
1387411,11281,4,1
1393193,45224,8,0
386283,21573,26,1
2382288,12811,11,1
1900649,6860,5,0
3119375,11362,8,1
2689252,14452,5,1
1949159,9896,13,1
919796,4086,7,1
2788699,8516,11,1
1047497,7021,7,0
1504514,30668,2,0
1769145,40261,11,0
1079090,13945,19,0
2876345,7969,9,1
772584,34648,4,0
3385060,18580,8,1
1282203,37257,17,0
56384,13819,8,0
2478624,27398,4,1
2815894,30305,10,0
959410,16970,16,1
905844,9186,3,1
1739738,40062,14,1
882997,25832,1,1
2294595,28289,2,0
57889,28928,2,1
464087,29223,7,1
1534801,46900,4,0
492086,33731,5,1
90627,10385,6,1
2628112,13885,4,1
2200793,47877,2,0
2235395,881,6,0
3246286,9521,6,1
998879,25272,1,1
1634936,7948,7,1
2593935,24852,1,1
2278915,11777,2,1
1504514,22828,4,0
2282529,39877,6,1
1621444,42992,5,1
1676253,28473,21,0
2259301,31318,7,1
1179981,25588,1,0
2671607,29487,16,1
509825,44632,14,1
2019002,21573,5,1
1091347,30406,18,0
1249722,35535,16,1
996728,18288,6,0
2728477,11777,8,1
177873,12271,4,0
3315383,23288,11,1
3277561,14678,5,1
2248198,12797,3,0
1947128,28204,2,1
987279,43371,15,0
2394392,46969,7,1
2016405,16290,8,1
1106114,13560,8,1
917307,8277,1,1
2671730,24852,1,1
22352,41352,2,0
1356160,8518,12,1
26681,13176,2,1
1303781,43888,2,1
2690791,10246,5,1
702422,5578,11,0
1392788,23046,12,0
3282546,28842,5,0
3242410,44819,7,1
1175871,5479,13,0
2098794,21267,11,0
1361469,1940,6,1
1498305,27239,7,0
3337809,17949,4,1
859568,34969,6,0
1587280,24852,2,1
1845470,12087,7,0
1241783,7503,1,1
1258852,34991,3,1
590255,32102,6,1
1781194,8571,10,1
1505841,21376,10,1
386283,1117,8,1
2889454,2742,2,1
2696681,4920,2,1
742608,41488,30,1
1354909,3092,1,1
2893609,19057,10,1
987279,27142,8,0
1294036,46654,5,1
1753259,10341,10,1
1070297,39119,5,1
1702465,43768,12,0
2397451,5047,17,0
1227437,33787,4,1
2824989,28993,1,1
85974,11461,1,0
1402703,40376,9,1
1105774,21903,4,1
867610,4920,30,1
1654843,32877,3,0
2498335,24852,11,1
916795,46516,6,0
24778,37454,1,1
1654776,4138,9,1
2457821,24427,23,1
764518,16965,11,1
1465989,35578,6,1
2474227,4920,8,1
1917349,45161,7,1
917307,33754,4,1
1453815,23165,4,1
2164338,9852,8,1
1667163,18397,10,1
1846047,36689,9,0
702422,39619,23,1
445115,11712,2,1
2376364,39534,3,1
2037521,38000,5,0
3119885,46473,15,0
2303859,42265,3,1
657357,24852,4,1
2932939,48894,27,1
2341376,17803,2,1
1934715,15290,5,1
2397451,30563,15,1
1505841,22886,15,1
516142,44422,10,0
2495611,28106,11,1
2989234,13217,2,0
2932939,47788,31,0
2457821,30623,28,1
211750,23879,11,0
2818632,22920,2,1
1227572,47672,8,1
3404430,9804,2,1
2295939,33198,2,1
3063904,42557,12,0
97868,27966,3,1
819481,44267,1,1
6601,34969,13,1
3187545,30771,5,1
2752035,10816,11,1
1969105,37646,8,1
449733,41372,4,1
310520,19370,45,0
449989,3880,19,1
3082039,29871,3,0
995278,18104,10,0
2689252,34005,6,1
1117304,33037,4,1
1041690,43704,10,0
1249722,5450,13,1
1262456,6238,4,0
2815894,12980,6,1
1091897,2099,10,0
147343,13877,3,0
1409734,24519,4,0
3048657,6721,17,1
32916,23322,2,1
1105774,24852,2,1
688175,40604,3,1
1209888,18727,5,0
1336012,13176,1,1
2340751,38739,13,1
2790111,31506,16,1
587154,42471,2,1
937452,31553,12,0
2137849,36772,3,0
3194842,44471,9,1
267491,44625,6,0
2108921,7629,5,1
1227437,45066,12,1
545902,8239,9,1
1651462,25630,17,1
3029879,45603,6,1
531970,16254,4,1
2172000,33720,4,0
1173240,25340,3,0
2396536,21903,6,1
1737531,38141,31,0
1024277,18070,4,0
3408821,5428,3,0
2739767,5025,6,1
1032465,32689,11,1
2399369,26209,14,1
2185930,27086,3,1
2961194,30849,8,0
270320,7478,5,0
1599092,5038,5,0
2310286,13629,1,0
572658,14161,14,0
2429837,15892,5,1
3228592,46979,15,0
947646,24964,3,1
1988865,36929,9,1
2545747,33640,2,1
808019,43821,7,1
2928528,46667,1,1
586497,24101,6,1
1040679,27344,4,0
1917563,16013,6,1
2734430,17319,4,1
2792577,24852,3,0
1651271,49131,26,0
1468913,14161,4,0
2460683,44840,7,0
1238015,20113,11,1
1749896,40706,17,1
2517025,44799,2,1
2078585,22481,4,0
1469840,29805,12,0
2868611,38689,1,1
436969,24852,13,1
486501,10163,3,0
414029,27415,2,1
386673,10100,29,1
785385,5456,1,1
1998208,2983,3,1
357882,10176,14,0
2011953,47766,4,1
2050816,44910,31,0
2359134,17795,13,1
1064170,33029,6,1
2639837,22959,1,1
1077081,34243,19,1
202033,15164,2,0
2334360,27451,2,0
3343505,39275,13,1
1402703,46522,4,1
997929,19533,15,0
446629,28273,2,0
1951002,13646,9,1
542414,48104,1,0
3411798,18811,1,1
2102312,24852,13,1
893488,27885,1,1
190203,35939,3,1
1356160,47626,7,1
1109880,2091,4,0
3063904,38689,6,1
959395,23165,25,0
1362942,534,4,1
238665,25926,7,1
1346906,43961,6,0
1109826,11896,7,1
424063,5479,4,1
478112,47626,9,1
2936470,23734,4,0
699269,26604,10,1
2602164,33787,8,1
2167048,13176,5,1
3147849,48957,3,1
1683669,2800,12,1
303567,11885,1,1
777036,18523,1,0
2360078,10957,5,1
1634936,46969,4,1
148866,26209,2,1
545645,39812,7,0
1776897,44641,2,1
373658,38739,12,0
343485,21137,24,0
176114,24852,5,1
2298080,28204,2,1
1249722,20186,6,1
3118619,13944,8,0
448423,1387,3,1
2424254,26604,8,0
2371282,14992,2,1
1387411,43423,7,1
2414805,46676,4,1
800287,39275,3,1
3134942,19057,4,1
58438,44987,10,0
343485,18095,10,1
1024277,11913,3,1
2156507,19048,12,1
1117104,21267,28,0
2615945,35249,11,0
959395,34126,9,1
785488,1408,8,1
1385193,16046,6,1
211750,1194,3,1
1328446,16797,3,1
1498305,6265,3,1
2877607,42518,7,1
2642501,16823,34,0
1151977,30827,18,0
51913,13702,1,1
1155473,13646,15,0
1474388,3717,11,0
742608,43014,17,1
29486,23288,6,0
551054,7131,1,1
1077081,16797,13,1
68408,30391,3,1
1052714,21501,15,1
2179555,46979,14,1
1654776,9462,5,1
3392692,7662,1,0
2809547,34126,9,1
1650972,24864,18,0
2659697,8204,1,0
3334139,45066,2,1
755373,24506,3,0
2789499,5818,6,0
2739767,27881,10,1
292489,10863,1,1
1211665,7751,6,0
3267757,36287,4,0
11646,2651,6,1
3323641,44359,2,1
1702465,48523,25,0
1455635,2078,19,1
436969,34584,9,1
1650972,25896,13,0
1676905,26360,13,1
525135,24841,7,1
415554,37141,16,1
2073675,32156,5,1
2439875,46802,9,1
750294,39475,3,1
1047497,8424,4,0
284437,12508,25,1
3275606,23165,11,1
607499,49522,2,1
407922,8988,7,0
2815235,26620,6,1
1090427,27336,8,1
68408,13176,1,1
1249817,13870,12,1
1043033,10423,9,0
1607431,17794,11,1
2752035,40723,14,0
2642501,24221,3,1
1050290,34243,3,1
3406316,11344,2,0
1036185,38200,14,1
1884842,24852,15,1
965870,21137,4,1
2033904,27336,24,0
1279771,15950,10,1
2033904,9766,12,0
3278532,27999,9,1
270320,42867,12,0
11646,7175,3,1
1233999,26209,10,1
679841,15290,5,0
1983311,7379,5,1
228658,10831,5,1
1153735,19691,3,1
1044651,43295,1,1
2642472,28204,7,1
2514824,4422,5,0
2702856,14147,4,0
551046,26604,15,1
2376926,23288,33,0
2359134,13939,12,1
1899600,24830,2,1
928387,5479,3,1
2790111,39351,17,0
2205439,1217,2,0
2987784,27086,5,1
1117104,32177,10,0
2959404,33129,23,1
3384204,27086,5,1
2864229,13944,10,1
262833,32818,11,0
2420073,21903,16,1
3144865,38768,3,0
2188005,7781,11,1
1153735,37192,11,0
1661890,3873,10,0
650296,13870,5,0
551046,47209,12,1
626215,39275,15,0
3343505,27966,12,1
502962,27336,10,1
2053562,9177,18,0
374148,40354,33,1
759988,40706,6,0
1334784,45066,1,1
764518,45061,12,0
1731430,21405,16,0
2658880,32650,2,0
2717830,19660,2,1
2790111,12916,5,1
2500056,24852,2,1
1580135,32710,26,1
280254,14481,2,1
2809547,9595,23,1
2378344,26604,5,0
3322557,14335,10,0
3299159,40348,12,1
259284,16185,13,1
1434437,38182,14,0
1221102,41177,6,1
1375389,44359,30,0
1045353,26209,17,0
2167266,12276,10,0
942724,35503,8,1
1738170,26283,9,1
2376364,4724,6,1
1165962,24852,16,1
2495611,11182,6,1
2809547,37011,8,1
174976,32605,6,0
1091897,47788,12,1
2394392,21137,10,1
3156771,37193,4,0
2102312,6873,9,0
2271176,21137,2,1
1434437,45097,11,1
2103650,27104,5,0
777036,20513,33,0
345699,19389,7,0
1091347,40198,26,1
1941179,25312,36,0
2473729,17037,6,0
1409734,28993,6,0
1367879,28476,7,1
3385060,34678,22,1
3117201,6184,5,1
1308278,40261,11,0
2671607,40068,14,1
1070823,3339,3,1
1412551,40709,11,0
1644594,16965,3,1
1998208,32579,4,0
1682682,23909,3,1
414029,4920,9,1
2089989,14084,5,1
308327,5973,2,1
3385060,4753,11,1
55278,32433,6,0
2574095,49075,4,1
3130853,10637,11,1
410902,8424,13,0
357146,29898,2,0
2181668,7948,11,0
2154641,31954,16,0
1899313,31563,11,1
1265766,27142,3,1
2932939,7170,19,1
1800023,15399,5,0
56384,40604,7,1
226192,18987,5,0
210638,6920,8,1
1988865,7673,4,1
193499,47962,2,1
109143,22417,14,0
1673670,39877,11,1
167185,28020,5,0
1754089,11777,27,1
2555851,20520,10,1
1657563,38920,8,1
3032311,33701,12,0
1172424,1468,5,0
516142,45535,2,0
987279,8174,2,1
1580895,13536,12,1
2750166,3988,5,1
173334,38928,2,1
2397451,25718,12,1
3419634,27966,7,0
1483950,22843,1,1
3266888,13646,8,0
2801193,11266,2,1
2259301,27852,2,1
2232755,13814,9,0
180808,24489,5,1
2818632,8460,5,1
1512816,35951,4,0
2243802,26810,4,1
1249722,47209,4,1
3369424,20549,11,1
3140442,27104,21,1
81475,28963,26,0
145541,43352,1,1
926968,26894,1,0
2929106,10715,2,1
2062543,33731,2,1
3202236,7628,1,0
1109826,16772,20,1
712453,44359,15,0
1596587,33911,3,1
1963089,40706,3,1
1104559,37646,2,1
2870580,24852,1,1
3167642,28595,10,1
2475764,23165,12,0
921950,26369,1,1
1227437,6567,8,0
174976,16826,5,0
2795155,8022,18,0
3168961,8021,5,1
338988,28849,9,0
1740558,18531,10,1
3029205,40709,2,1
2717830,13231,22,0
2805752,34582,8,1
2795874,18468,31,1
2376926,42265,13,0
2485732,39560,13,1
3411798,24489,8,0
1036185,35752,15,0
748189,42265,7,1
3134942,41950,1,0
1109826,1084,6,1
1795821,35951,3,0
1580895,32299,7,0
357882,41950,21,1
2866527,32478,4,1
1475735,44910,4,0
2739767,38739,7,0
858265,25544,19,1
208335,30756,7,0
55278,6692,3,0
1322202,40550,4,1
3056599,10017,1,1
2376364,10246,1,1
1739738,14159,26,0
2932939,31689,22,1
2152455,8518,9,1
1037027,24964,10,0
1367879,26842,10,1
497500,4288,5,0
2304978,3957,6,0
1577438,18531,9,1
1369853,39252,6,0
208335,26104,10,0
2555851,21927,8,1
1257106,9477,6,1
1846047,20561,13,0
759988,1158,17,0
1175871,31717,10,0
1022964,26312,14,0
3415641,21137,8,1
1369416,32338,9,0
3089685,3376,21,0
1604594,41593,18,0
22901,14858,12,1
2167048,31504,3,1
2688053,38562,14,1
3029225,10621,2,1
1011691,43568,6,1
2906880,12811,9,0
415554,46979,14,1
1990467,21405,15,1
2615077,130,2,1
813117,28934,4,1
715016,46906,3,0
984136,46802,13,0
3171407,10145,6,1
1091347,5025,8,1
1191492,40593,7,0
206205,5077,7,1
1912518,27336,2,0
3315383,21781,2,0
3030462,46979,9,0
1270565,10957,1,1
1119868,32839,3,1
707995,21295,1,1
249748,3318,1,1
24778,17616,6,1
281717,5876,2,1
113486,39275,3,1
3409559,16415,8,1
178543,5450,5,1
2464931,44422,31,0
3156771,13838,7,0
301752,16182,3,1
3185505,49279,8,1
1651271,20561,17,0
1313934,18362,3,1
500678,27548,4,1
1705383,36076,6,0
809920,23881,15,0
3364168,27521,2,0
650147,39953,11,0
2905646,31533,11,1
2893609,13409,4,1
1739738,12218,2,1
959395,14096,26,0
2445119,3951,11,0
628385,49235,1,1
618261,8230,2,1
1683669,33129,7,1
2636642,26369,1,1
155267,26486,7,1
718275,196,5,0
2866527,23446,5,0
3246286,33055,10,1
1607431,39984,13,0
464408,552,8,0
194393,5769,1,1
3148389,30707,6,1
1191492,5460,2,0
33427,46979,8,0
1011691,32734,13,0
522396,20114,17,1
2728477,48287,4,0
1155473,2450,4,0
991772,9076,6,1
2826735,34126,13,0
2485732,45310,23,0
3067396,24852,8,0
2218370,20370,6,1
2041951,48007,14,1
280254,10762,23,0
678823,37766,2,0
1705842,10108,15,0
2229373,28913,8,0
968730,34915,2,1
3343386,32915,3,0
1838090,34335,10,0
147658,42445,1,1
1594427,13884,5,1
87863,38949,6,1
1673065,48953,4,1
221481,24964,12,1
1958379,17795,5,1
942724,41950,4,0
819802,31717,14,1
1593956,46572,12,0
2795155,25926,11,1
2606989,27243,4,1
2815235,31663,2,1
1737386,45066,12,1
111516,39581,11,1
1241815,17758,1,1
2472313,3999,2,0
1990467,44661,13,1
2968643,44449,3,1
24778,46979,14,1
1109826,22828,4,1
3343386,16797,6,1
1379909,28071,23,1
141549,46676,4,1
1375389,37524,18,1
1060550,47626,7,1
2659608,39993,4,0
2773969,41406,1,1
1151977,8380,8,1
2766627,26604,15,0
2567955,46304,4,0
626215,48437,14,0
713135,20247,10,1
2464931,5769,23,0
3029205,19660,1,1
742608,45066,15,0
2628112,3991,3,1
1090427,29662,15,1
864802,45504,3,0
751714,15424,6,0
2751379,35951,1,1
2752619,9421,5,0
3343505,7962,6,0
3400506,24905,30,0
2825121,34126,18,1
2158622,35503,3,1
555343,5991,6,0
176114,39216,4,1
777964,19660,2,1
2427011,14678,6,1
1153735,8138,6,1
2164338,29529,4,1
2498920,46425,9,0
2238376,41463,8,1
712453,41950,12,0
659268,39581,4,1
2599300,28278,12,1
2084838,8518,1,1
291642,46294,3,0
1990467,18531,8,1
1173240,21405,9,0
2920031,95,8,0
2034115,18531,17,0
2563762,34565,17,1
377315,24838,13,1
2475764,40310,5,1
1286683,6550,5,0
1091897,26369,5,1
1409734,38399,3,0
96117,397,4,0
2037521,12218,13,1
1384155,19904,6,0
155267,24964,15,1
180808,35951,1,1
1012402,47196,1,0
1965865,10613,3,1
1165962,16202,23,0
356781,26096,1,0
206205,5951,3,0
1604594,42701,17,0
393,30591,8,1
2137849,45007,5,1
142507,22935,8,1
1800023,7916,23,1
699269,31848,28,0
3019237,5618,4,1
1499836,15438,6,0
359942,4920,11,0
55435,31282,4,1
284437,6473,11,1
2420073,23537,7,0
3400506,19374,11,0
1815912,4920,11,1
2248198,35855,6,0
1873651,43461,20,0
159485,21137,3,1
935870,33198,1,1
3196061,10070,2,1
2428914,46906,35,1
1941179,21951,24,1
1740558,30995,1,0
1676253,12564,17,0
2689252,27845,1,1
532393,47626,1,1
2563762,18113,18,1
1840937,25146,4,1
1625937,3880,5,1
2078636,47611,2,1
3408821,21255,6,0
2154641,23646,19,0
1867422,23734,3,1
1329074,26201,8,0
2429837,31683,2,1
73647,41912,11,1
2084838,19048,10,1
1534801,43248,3,0
683065,39097,1,1
3056559,27845,1,1
1951002,35221,10,0
2188005,6188,24,1
1673670,48679,16,0
2825748,29921,9,1
2864229,5876,3,1
96117,2735,2,0
407922,43086,1,1
275130,46742,2,1
2318060,44683,4,1
874923,20822,8,0
2034115,3376,21,0
74625,27966,1,1
688175,7948,6,0
2428914,46979,34,1
210336,35390,12,0
2253870,30563,20,0
2404972,37385,4,1
649782,22963,1,1
345323,13166,2,1
3197136,5198,5,1
1645226,5785,1,1
1465254,22395,3,1
69847,11068,1,1
1371837,1103,7,1
96751,27705,6,1
3334139,2825,8,1
1586472,25588,6,0
2363164,44799,18,1
926869,34126,13,1
211750,4086,20,1
2350937,40789,4,0
838496,42445,5,0
3279181,27267,3,0
561925,28309,2,1
2428914,812,26,0
111516,4006,6,1
2576387,3481,3,0
1983294,16145,11,0
3156771,28071,2,0
3207271,19677,2,1
1884842,7350,10,1
2048259,46979,10,1
193499,13733,7,0
2033904,37067,17,0
2824989,41302,23,0
1058493,14715,13,0
81475,19348,1,1
1409253,48845,17,0
1840937,9935,25,0
997929,33698,2,1
90985,794,10,0
1903418,6016,7,0
336423,32877,18,1
2636642,40709,11,1
3266888,16617,4,1
3347608,37552,1,0
3178992,25936,9,0
2085383,2270,1,1
1599586,33352,3,1
285231,39190,6,0
2428914,15290,39,0
2751379,21903,8,0
1941179,28473,27,0
446127,35898,3,1
318770,1199,17,1
2068743,24838,3,0
1124874,1776,13,0
596265,47324,6,0
3019237,47626,2,1
310520,2996,4,0
3170244,10173,13,0
867998,34878,2,0
3414109,31937,3,0
857255,40289,5,1
1279171,27336,3,1
2497140,42719,5,1
2011953,42940,1,0
785385,13176,3,1
2634727,280,1,1
3396089,21903,9,1
1676102,6361,5,1
1499836,28745,2,1
436969,26128,7,1
527237,26209,1,0
3171063,46527,5,1
2033904,20754,30,1
2921844,47209,8,1
155267,38739,12,1
1692830,17461,2,0
511309,14372,2,0
819802,26209,5,1
1602552,44548,5,1
2424254,21903,15,1
2376926,8193,11,0
2209627,26985,3,1
1172424,28204,10,1
3202236,21938,2,0
2949712,31651,1,1
1565450,39758,20,0
1307787,5597,7,1
1831838,18770,2,1
380217,7464,4,0
2018860,31562,2,1
867610,44310,17,1
2766238,1938,15,0
1221102,43654,16,0
1441461,27156,8,1
1106114,22151,15,1
1702465,46979,17,0
114309,13765,10,0
2313657,8518,5,1
68839,41131,2,1
1708367,21607,9,0
1524113,21195,6,0
1738170,33891,10,0
2733134,33731,7,1
2287679,30776,2,1
1788324,33746,7,0
1227437,27231,2,0
464218,24508,14,1
47041,14872,9,0
448423,42445,2,1
2406823,38544,4,1
3286265,11286,3,1
1946763,28599,9,1
2119883,2515,8,0
1173240,33672,16,0
2989234,9878,4,1
1889679,21938,8,0
2798028,14952,9,1
2037729,8670,3,0
3363387,45007,7,1
867610,22825,3,1
2701129,10957,1,1
2282110,35939,4,0
2401188,248,19,0
2752035,24852,2,1
464408,7350,19,0
1091347,41751,2,1
1165962,19156,7,0
2897036,26562,7,0
2428914,23339,24,1
1249817,24838,27,0
1483567,21376,10,0
1079090,26497,16,1
2154641,38400,8,1
2870910,37067,12,0
718275,12743,3,1
356352,46206,2,0
310520,25093,27,0
1173240,7806,5,0
1644198,14732,3,0
1828527,42840,11,1
2131610,17207,2,1
1651462,21137,13,1
2701129,17631,2,1
2158709,47866,12,1
1505841,7606,7,1
502962,45066,6,1
1943542,10521,3,1
1543723,20985,10,1
1740558,20734,13,0
1627476,33129,8,1
3396111,40344,14,0
658797,7948,2,1
787870,17759,2,0
2199033,37849,7,0
2707154,39121,2,0
1297684,40761,13,0
114309,23334,8,0
879214,2178,6,0
285231,26172,5,0
1625116,31506,1,0
2715919,27714,5,1
358895,2002,17,0
1270865,9076,8,1
167185,43961,15,1
1833382,10385,1,1
2104535,27796,2,1
998879,7943,10,0
659698,12099,1,1
2870910,4799,16,1
73939,27020,1,1
1121318,22224,22,0
2704542,24852,2,1
2551964,32163,9,0
1312063,13768,3,0
1094484,13176,2,1
1769145,8488,18,0
188023,42265,17,1
3303112,18883,5,0
488480,14147,13,1
711923,28836,2,0
462204,34243,2,1
2464931,20478,29,0
3178992,6656,15,1
1580895,18339,8,0
1815792,41290,4,1
206205,14218,6,0
828533,2732,5,1
1759819,29871,2,1
2841323,21019,16,0
1945204,11287,6,1
259284,27845,7,1
1475735,44406,6,0
68839,4398,5,1
2621260,21174,14,0
1716383,20943,9,1
357146,37103,1,1
47041,44912,4,0
2121022,24852,5,0
85974,18432,5,1
686547,11712,7,1
100302,10120,3,1
1087344,30385,2,1
1232327,34584,17,1
832587,46766,13,1
568908,46515,12,1
1607229,27086,8,1
936635,17794,4,0
1419294,33768,3,1
1384155,13870,13,0
1434437,7715,8,1
1744143,9283,1,1
2011953,49318,8,1
1100907,46855,6,0
2564447,28199,4,1
1356160,25537,6,1
984136,46962,25,0
1045353,21543,12,1
2631301,45161,14,0
2067696,28571,1,1
410902,28990,1,0
2835751,24852,14,0
247227,45330,4,1
180808,40311,6,0
1246420,2411,7,0
3140263,35939,12,1
87863,48015,3,1
2770916,19627,4,1
3063904,21616,2,1
819481,3594,4,1
2681092,9124,8,1
1625937,32446,2,0
2053562,14643,15,1
2770916,47766,2,1
2156507,19678,8,1
3030462,13751,8,1
1604594,8174,15,1
919796,6286,1,1
3106064,27845,10,1
791537,37355,1,1
779191,30192,15,0
2391097,22835,5,0
2864229,49544,8,1
415429,21903,3,1
1328446,26604,1,0
1754089,8884,12,0
2380346,46226,19,1
1739738,10957,3,1
2441349,21137,6,1
757837,12320,12,1
525135,43961,3,1
959395,35503,5,1
358895,19370,28,1
3277561,40604,17,1
974654,11737,6,1
159485,11481,18,0
968545,49605,3,1
1424875,10369,10,1
2014989,35458,3,1
2199033,3044,10,0
1696797,6631,20,1
410902,47626,11,0
386673,39619,14,1
231475,16262,6,1
3156699,39275,1,1
626215,19053,11,0
2133551,30036,2,1
2531749,45007,22,1
2441349,6187,8,0
3089685,43288,12,1
188023,30489,15,1
1676905,2872,4,1
608475,48679,2,1
567934,10326,3,0
882714,49301,9,0
991772,1217,16,0
1894752,32981,2,1
147343,18891,12,0
90825,5825,6,0
1270865,4920,6,1
1990467,36735,16,1
1521227,12018,9,1
3414109,5621,10,0
1480165,40593,3,0
2864229,40973,14,0
449989,15290,34,1
211762,40255,5,0
792744,24838,5,1
1858627,21872,3,1
1661890,23044,17,0
1787556,24964,6,1
2942114,21616,7,1
1989664,49191,21,1
1233999,47626,13,0
378419,4724,2,1
2340751,19461,5,0
3363387,31506,9,0
153877,432,4,1
2334360,26209,10,0
2785172,23539,5,0
2208428,15613,17,1
2457821,7898,4,1
2120886,33129,15,0
764341,39947,12,1
995368,28465,1,1
686547,8670,12,0
1262456,17324,2,0
1045353,39121,16,0
2034115,23986,13,1
3409559,47766,6,0
1107154,8571,4,1
2895034,33294,12,0
2399369,33754,24,0
2658106,25379,2,1
210638,32624,9,0
1840937,49306,18,1
1941926,16797,7,1
2207639,35887,4,1
2472313,4605,5,1
125527,29136,20,1
1781025,857,1,0
1951002,34358,7,1
2457821,37141,1,1
2988047,48890,17,1
1695091,29382,4,0
338988,19660,1,1
2801507,7762,2,0
478112,18465,5,1
2282529,2078,10,1
2079459,16293,2,0
3218966,6473,11,1
1580895,27841,5,0
178543,37886,4,1
1369416,11563,21,0
530658,14084,11,0
2512776,15984,13,0
2413551,22028,1,1
2011953,47042,14,0
3147849,13031,1,1
485099,1546,5,1
764341,25706,7,1
143782,35221,3,1
2593935,29594,3,1
1730526,34127,3,0
2728477,44229,3,1
1340870,34969,9,0
2659697,1247,26,0
2733134,34358,9,1
1013005,27845,6,1
2573806,40724,2,1
2371282,47626,6,1
525135,12341,5,0
3246286,23879,11,0
48038,45804,6,1
2445119,2295,13,0
3414214,31040,16,0
1483950,7751,9,1
332084,21158,3,1
992989,19505,8,1
1044651,32665,6,0
1221895,42265,8,0
262634,24852,1,1
1476041,939,19,1
252753,25284,2,1
2207796,29121,4,1
1676253,15629,8,1
2512776,31635,15,1
1565450,32109,12,0
305867,48099,9,1
3148389,27104,9,0
1977792,28412,9,1
1705383,46906,1,1
1240216,39467,4,0
101598,22025,9,1
926869,24852,2,1
3228592,15976,10,1
3371770,16965,6,1
2936470,25753,1,1
2831476,20788,5,1
1742072,8012,7,0
3367254,9076,1,1
2981157,24852,3,1
2340751,29487,1,1
3337809,31683,10,0
454496,41658,4,1
2342655,49235,10,1
1168535,5262,1,1
328745,41950,2,1
2449351,6069,14,1
343485,13176,23,1
1934715,16570,8,1
479124,6184,2,0
2717830,18234,12,0
1011691,13768,3,1
808019,7088,4,1
772797,32303,1,1
3106064,37766,20,0
525318,30716,4,1
3251307,13176,1,1
1754089,22071,11,0
3147849,23650,2,0
1000264,1940,1,1
1989664,39275,6,1
1032465,16539,4,1
1801142,43343,8,0
2018860,18918,10,1
94677,17579,6,0
1070823,48174,7,0
1651462,45763,2,1
3299159,17758,1,1
2011953,27845,3,0
2766238,49217,20,0
1884674,18880,9,0
478327,26899,7,1
2949376,354,2,0
374148,32478,10,1
1140230,5970,6,1
972664,4787,4,1
2844368,46562,4,1
140931,13514,3,0
1488296,27966,8,1
1699361,4920,1,0
913743,31964,10,1
1884842,44142,1,1
1106114,13380,18,1
2689668,3800,14,0
500705,21903,7,1
770584,20344,5,0
3339983,30489,2,1
2824176,16516,8,0
1873651,20114,46,0
210336,21086,10,0
1441461,9601,5,0
1702465,33768,1,1
1254254,13176,2,1
2009922,29193,6,1
2164338,34969,2,1
2421891,32139,5,1
2508780,2457,2,1
819802,44359,12,1
159485,11512,4,1
301335,7559,7,1
2011953,17789,13,1
3024071,9405,1,1
2905646,8475,10,1
2191145,36441,3,1
959410,2753,17,1
70932,46692,10,1
2930044,22556,5,1
867610,6748,31,1
2200793,23909,3,1
587154,1633,7,1
27487,45747,2,0
464218,3584,13,1
1271003,36070,3,0
1082064,39059,6,1
1060550,40516,16,0
386673,14386,7,1
567934,41787,4,0
340663,25886,11,0
545645,40377,10,0
2120886,33313,6,1
2297930,18918,23,1
819481,25457,5,1
2340751,41565,4,1
358895,26856,34,0
1815792,33198,5,1
2897036,19911,2,0
3331406,14897,10,1
450065,25890,2,0
1897207,12384,1,1
2428914,10246,18,1
1648905,25659,4,0
903107,47766,1,1
249748,42416,4,1
423042,5640,3,1
662363,43580,4,1
699269,5077,4,1
3052449,35951,2,0
2315587,36695,4,1
2793915,2770,4,1
1288137,34466,18,0
1091347,790,1,1
2734430,11006,11,1
2784192,44234,9,0
359852,35584,8,0
1409253,44632,12,0
679841,35221,2,1
2825121,45535,17,0
386032,5782,2,1
358895,17360,18,0
2615518,19057,8,0
1064170,4591,4,0
2733134,11408,18,0
2500056,6046,5,1
2413551,196,6,1
2770916,22227,3,1
1512816,36082,10,1
2480876,4799,10,1
3404430,13805,4,1
906163,9681,15,0
1435162,40199,4,1
1479450,6457,2,0
374148,1875,41,0
691356,27966,7,0
2363164,3696,5,1
2368144,4799,2,1
68408,19348,2,1
1654776,26497,8,1
793717,49095,11,1
2033904,2164,3,1
928387,45249,6,0
1134927,22969,3,0
2376926,3397,30,0
551046,651,2,1
104688,32299,10,0
2717830,34358,10,1
742608,31717,7,1
1685107,40002,2,1
1504514,48600,13,1
3140442,24964,19,1
2041951,27596,16,1
211750,37557,21,0
2870580,19977,10,1
2766627,8424,9,1
1022964,23117,8,1
1504514,31257,5,1
1951002,9515,1,1
659268,49235,8,1
3171063,35065,9,0
415554,49044,37,0
785385,24369,6,1
2988047,16281,15,1
221481,22031,10,0
3147849,47682,14,0
2105603,48894,2,1
1151977,3514,19,1
828533,4931,6,0
173334,34829,10,1
199346,38051,3,0
491724,11005,7,0
3029879,932,13,0
2460683,15290,5,0
139320,27156,13,1
76443,32446,5,0
1912518,48775,9,1
1701033,29142,4,1
2396536,33120,4,1
3379405,26620,6,1
414029,2233,6,1
1940934,13517,9,0
3347608,31467,5,1
3414109,46361,6,1
3277561,11182,10,1
1022964,19151,23,0
1846047,42404,8,0
443247,7821,10,1
2870580,22831,11,1
1634936,39699,14,1
1565135,2452,5,1
2429837,10132,6,1
995278,31883,8,1
113486,10246,7,0
2833445,7461,3,0
239592,10749,12,1
1949159,19678,8,0
3194842,39275,5,1
1633370,2086,1,0
2282529,46676,8,1
1375389,45840,15,1
409481,47601,10,1
1931344,10761,2,0
1990467,36011,6,1
3166316,12113,5,0
2248198,27243,9,0
1682682,23333,9,1
3130206,16797,21,1
1465989,49235,22,1
87914,31717,1,1
748642,32655,3,1
3179270,5652,13,1
645821,4011,4,1
759087,5876,1,1
2053562,5373,9,1
2791414,32433,3,0
759988,38533,9,0
2050816,13431,28,0
2464931,33195,10,1
1013005,20345,11,1
1375389,25986,17,1
2773969,181,21,0
1935957,43295,5,0
812827,79,6,0
2079459,21746,4,0
935870,15008,2,1
2671730,17454,9,1
1661890,34217,1,1
209779,2535,9,0
1711249,31328,4,0
3343386,6623,17,1
1785631,42016,3,0
2094479,9405,1,1
2309126,45535,8,0
1156256,15290,15,1
1107154,12341,6,1
978700,28572,2,0
414029,9976,24,1
1964718,43961,20,0
562031,22045,4,1
478112,28770,21,1
2323518,3808,1,0
522660,27778,2,0
1058497,23734,6,1
966334,29671,2,1
1946736,12341,9,1
386283,27886,3,1
759988,25146,20,1
2102312,6292,8,0
2078585,24915,13,0
834642,47766,2,1
1606343,41395,2,0
2084838,38739,7,0
2717830,10644,19,1
1374746,30868,3,0
1083906,46203,17,1
3351503,10,7,1
1450099,20073,3,1
3056559,47672,10,1
2282529,22124,16,1
373658,13646,6,0
1676253,31958,19,1
2615970,16290,16,1
2489757,46906,2,0
740447,13176,2,1
1465989,48559,19,1
2340751,4605,3,1
2988047,34243,4,1
3380494,21162,2,0
2078585,47144,2,1
1151977,3298,4,1
755373,7948,5,0
2597457,47766,2,1
74625,42598,8,0
2316788,38662,4,1
1716383,33757,16,1
2474227,40310,11,1
147343,26604,8,0
2642501,21903,11,1
1468913,21872,8,1
2016405,26312,5,1
2041951,26096,17,1
3063904,27392,7,0
2163713,27325,1,1
2016405,24852,3,1
464408,12341,1,0
2067696,4091,6,0
1946763,19496,17,0
2735618,47209,8,1
113486,26723,10,0
1657563,4920,4,1
1651271,38475,19,1
2380171,33720,5,0
650147,19800,3,1
1498305,23760,13,0
1523038,4605,13,0
2248112,39877,16,0
1949159,42536,4,0
1667163,45679,5,1
2108921,2144,4,0
1749671,4724,6,1
991772,4681,18,0
1480365,39415,8,0
436969,24082,11,1
2545747,4847,1,1
2965401,10106,8,1
2805752,21333,3,1
959395,20255,19,0
2317342,23801,6,0
2544353,1471,4,1
1468913,47766,2,1
1465254,4202,2,0
978700,45616,7,1
85804,19660,2,1
675433,28766,9,1
959410,47792,2,1
125527,24142,11,1
596265,13070,3,0
1592008,47923,1,1
2700350,18460,4,1
1227437,7371,9,0
2430243,47766,6,1
1375389,35503,9,1
397675,14233,1,1
1483950,32478,10,1
659268,4137,9,1
111516,48440,15,0
209779,18479,3,0
1920158,12732,4,0
2246291,23237,17,1
590255,27760,9,1
2399369,18441,8,0
3117201,196,7,1
1745729,8230,1,1
777036,21903,37,0
2397451,39203,11,1
386283,311,35,1
2642501,34551,24,1
2050816,39977,4,0
2127202,7806,8,1
1077081,22935,20,0
445115,42736,11,1
2474227,9390,15,1
672927,21516,2,1
180808,49075,12,0
3156771,41149,8,1
1037027,37067,1,1
310520,28199,31,0
2608193,24830,4,0
1170256,40185,6,0
1498305,25232,12,0
400576,18362,1,1
2942047,21903,5,1
2544353,32394,6,0
1238015,11520,6,1
144193,29778,17,0
2457821,26209,5,0
1498859,47209,7,1
1375389,42265,4,1
2243802,31373,7,0
2401188,4605,16,1
2942114,48174,5,0
2642501,24852,1,1
1522391,27429,1,1
1546802,41687,8,1
522396,3952,2,1
374148,38291,22,1
1818714,28199,2,1
1831045,45007,1,0
366041,5876,4,1
1706342,42585,5,1
1753259,30021,20,0
408929,26915,2,1
24778,34449,13,1
684121,9743,1,0
686547,19678,16,1
572658,32605,3,1
2565895,37710,1,1
1290822,22677,15,1
3086719,36178,2,1
192444,36772,5,1
2033904,25588,16,0
1592008,29814,7,1
2835751,3143,31,0
333900,24852,9,1
130722,5769,17,0
231475,24852,11,1
1214991,22935,7,1
213817,2024,7,1
2895034,35166,13,0
3171285,46979,3,1
3121685,14126,16,0
675433,8138,3,1
2292077,8479,6,0
281717,22224,4,1
1243373,12909,3,1
750294,9076,1,1
1097707,34450,8,1
1671844,36216,9,0
3303112,27966,9,1
2542094,36086,3,1
840808,49683,2,1
1889679,42972,2,0
1504514,40001,6,0
532393,36961,3,1
318961,40648,2,1
1233999,9786,16,0
2218370,38483,8,0
984136,46359,20,0
858265,20919,15,1
2841323,44359,11,1
2457821,18362,32,1
679841,13646,1,1
1753259,13152,17,0
3275606,41588,26,1
2279582,8501,4,1
90825,14986,19,0
1434437,24838,3,1
478112,48595,22,0
2497140,13176,1,1
1024277,43740,8,0
2219841,2966,5,1
2833445,28849,2,0
167185,38875,10,0
11646,35108,12,0
2401188,21903,17,1
142429,5479,5,1
2188005,31215,3,1
1082064,23236,12,1
1657182,30382,7,1
436126,37464,4,0
893488,27344,8,1
1867422,41435,9,0
1580895,40216,3,0
2560500,9070,8,1
742608,10753,19,1
1530932,31342,6,1
2642501,19057,21,1
308327,26604,4,1
813117,16290,12,0
2684951,26209,7,1
2219353,24964,12,0
3144865,35336,6,0
2040363,23288,2,1
1091347,5985,7,1
2704542,34222,7,0
3029225,32537,4,1
1661890,31506,6,0
3039231,6184,5,1
1905959,2108,1,1
2789499,11461,3,0
1657182,22451,2,0
264305,40329,2,0
2399369,33731,5,1
1833382,9521,7,0
69182,13176,1,1
823366,22504,11,0
1220243,45646,8,1
280254,46802,25,1
1546802,30489,4,1
1964718,13176,4,1
1661890,36724,2,1
11646,45646,4,1
1387411,15424,1,1
1701033,4920,1,1
1012014,24535,5,1
629227,5077,20,1
2208428,13176,6,1
104688,7978,13,0
81475,18953,23,0
2616809,28441,6,1
2209627,46522,5,1
357882,34126,2,1
3302929,30720,6,1
1395773,46416,15,0
2131610,23662,6,0
1455635,37687,17,1
2315587,38777,8,0
1385193,24954,3,0
2684951,46667,10,1
3315383,17950,4,1
1701033,23740,7,1
2181668,9515,4,0
1322202,6935,10,0
1175871,5450,1,0
2750166,12845,4,1
1339862,28373,9,0
2380346,15109,3,1
557003,39275,10,0
233858,49664,3,1
2497140,7021,23,0
741661,22819,1,1
3214740,22825,9,1
1671844,21137,3,1
1496080,30450,4,0
2158709,15698,13,1
978849,22990,2,1
3272670,43392,1,1
699269,45061,38,0
443247,9385,4,1
2158709,41793,22,1
1316718,24009,1,1
2604622,11822,5,1
90825,10423,8,0
1191492,35097,18,0
942724,20583,10,0
262833,21227,6,0
1988865,29600,10,1
1754089,31960,4,1
2275444,46755,3,1
414029,45453,16,1
2795874,37609,13,1
2396536,8193,19,1
2248112,41340,4,0
1751481,18656,1,1
3032311,7969,7,1
3344551,13176,1,1
2188005,32018,13,1
1252827,48775,24,0
1274211,27966,4,0
500705,25659,11,1
3396556,40674,10,0
1682682,4920,16,1
2168213,47674,4,0
139320,41950,3,1
1471750,12341,17,1
3029879,31040,8,1
111516,11827,10,1
464218,14492,1,1
142429,4975,15,1
2103650,37158,4,0
2046414,2022,2,1
1763074,35507,2,1
1705842,260,17,0
1731430,18234,14,0
3322557,13772,8,0
2627425,41566,8,0
55435,43654,3,1
2868058,6274,8,0
270320,18434,10,1
713073,43086,2,1
343485,30122,8,0
858265,19707,10,0
947646,5373,20,0
2474227,23879,9,1
1512816,9621,13,1
2401188,23622,15,1
2135040,37947,4,0
2158709,11130,24,1
1603437,47766,2,1
926869,22825,6,1
926968,23079,5,1
1384155,43165,3,0
3419158,37417,9,1
2394392,33352,11,0
1264286,24773,3,0
2902983,33443,3,1
527237,6385,2,0
1918772,5450,1,1
1172620,13948,4,0
3063904,22451,5,0
2659697,40928,4,0
1156256,33754,19,1
386673,10675,28,1
386283,29471,1,1
1409253,8414,16,1
1058493,9166,17,1
466910,49640,2,1
476247,40604,1,0
2951304,39021,6,0
358895,46990,22,1
772584,8732,16,1
2457821,20153,18,0
917307,17794,5,1
2012554,44536,4,1
3283228,1529,7,0
867610,10982,26,0
2891810,23910,4,0
1496080,46799,3,0
3251307,48857,3,1
2235395,42557,2,1
1745729,5258,2,1
2763318,16696,8,1
2295939,48220,5,1
2606989,32864,3,0
1432450,14979,6,0
2098794,546,4,0
1480165,48110,2,1
2681884,22935,5,0
867610,22142,6,1
2826735,47626,18,0
238665,24232,2,0
942724,9092,9,0
1800023,22281,24,0
3140442,40571,10,1
1800023,21137,8,1
310520,38427,24,1
1977792,30391,12,0
3272670,47209,16,1
926869,6348,29,1
87914,27336,6,1
858265,790,21,0
1580135,32433,8,1
2158622,49113,17,0
1106114,49235,2,1
47552,3265,7,1
1965865,8153,6,0
3369424,22888,1,1
1319390,20323,1,1
1083906,12323,13,1
1745499,21019,18,1
3179270,22035,11,1
3278532,7728,25,0
777036,49235,2,1
2007056,35939,5,0
859568,45264,10,0
828533,1360,2,1
2229373,31296,13,0
3121685,27012,9,0
2766238,17468,21,0
2158622,31683,16,0
2870580,12845,9,1
626215,6631,20,0
590255,1649,10,1
34163,15221,1,1
2787322,39275,8,0
1676253,16103,2,1
772584,27316,6,1
1175871,22963,5,1
1879873,25718,3,1
968730,24852,3,1
276016,47977,6,1
2090821,49439,6,1
1505841,44475,6,1
3286478,13252,2,0
984136,24497,26,0
2421891,15290,6,1
1304448,46149,2,1
3303112,41488,7,1
411595,23405,4,0
2378344,5708,12,0
1769145,39275,19,0
424063,30284,2,0
3196061,19821,17,1
1232327,28132,8,1
2688053,9058,32,0
3130853,34898,7,0
174976,6813,1,0
2825353,32864,9,0
745548,40663,3,1
652209,5334,1,0
965870,27344,3,1
478327,47672,15,0
29486,27344,7,0
2287679,38647,3,1
2082012,25890,1,1
2881431,15541,5,1
1913844,12312,4,1
2812591,38433,1,1
947646,10246,10,0
3063904,8518,19,0
713135,13176,1,1
959395,4086,2,1
3121685,42389,19,0
2360078,26243,9,1
2563762,24799,13,1
3396111,5612,1,0
702422,5876,30,1
2378374,22227,7,0
1702465,884,22,0
2188005,22151,4,1
1749671,21903,4,1
2084838,21903,13,1
2052149,48679,6,0
819802,8518,10,1
2033904,9703,2,0
1716383,28769,17,0
2824989,27966,2,0
1828527,19660,3,1
1737386,47900,14,1
142429,43654,2,1
2078636,36046,8,0
699269,10892,35,0
543973,33709,10,0
959395,26209,1,1
777036,4837,10,1
1220243,40797,6,0
1170256,34005,11,1
448423,27845,1,1
2054288,31964,2,0
450065,45066,8,1
1989664,45007,13,1
1134927,21137,10,1
1476041,6818,12,1
1753259,5047,1,0
1176861,35898,12,0
414029,8204,12,1
1873651,45063,45,0
1036185,10275,11,1
5696,26800,3,0
957110,5884,1,1
1401083,21344,15,0
206205,34969,12,1
3030462,37521,12,0
2975449,42110,12,1
3004791,9662,13,0
772763,10644,10,0
2399369,4793,3,1
2628112,18379,14,0
3170244,30169,5,0
410902,35400,27,0
2495611,45007,12,1
3030462,30305,7,1
1360052,27845,3,1
188303,12638,9,1
3121685,23645,12,1
63586,12312,3,0
139320,6046,6,1
500678,11937,6,1
74625,45116,4,1
2531749,30489,9,1
2208428,19155,22,0
2906880,5550,1,0
857255,47621,15,1
1706028,38689,1,1
173334,1065,13,1
712453,13076,3,1
2864229,9366,12,1
167185,26209,12,0
437145,10895,1,1
785488,22888,9,1
206205,4317,9,1
1780688,30391,8,1
51913,32134,2,1
1297684,40229,9,0
2461427,18288,5,0
1348540,5373,1,1
1026077,33819,1,0
1931344,1295,5,0
1838090,4799,5,0
2318060,43123,7,1
2615970,20580,13,0
3406316,43295,10,0
1920158,26317,1,0
3100406,20955,3,1
173334,32455,1,1
2011953,20995,20,1
1789088,3765,6,1
3415417,27086,10,1
1480365,34126,7,0
3367254,25146,4,1
2428914,17592,40,0
1249817,39097,5,1
3010082,14032,3,0
815342,13802,6,0
959410,7751,15,0
1346080,17530,1,1
608475,22559,9,1
996728,2085,8,0
1989120,39384,8,0
1753259,31471,18,0
1806738,42252,8,1
1241386,30586,6,0
1052714,16953,6,1
3343505,3069,15,0
1892383,1514,6,0
3032311,702,6,1
196354,31717,1,1
1230334,29987,1,0
545902,12779,17,1
2457821,26096,12,1
769669,37825,11,1
3118113,23407,10,0
3411798,25832,6,0
1961020,8728,11,0
568908,46022,17,1
1395632,8571,10,1
936635,22504,9,0
94677,34861,2,0
2792577,5566,10,0
1249722,24489,14,1
3277561,12015,8,1
2809547,47209,19,1
858265,35622,20,1
1147586,42988,8,1
2968643,33000,8,0
1740558,38557,12,0
2084838,26063,20,0
997929,40073,10,0
2072131,1710,9,0
3363387,6187,6,0
2831476,1819,8,0
2891355,24852,4,1
3392692,9339,5,1
2531749,27336,21,1
1795016,13245,7,0
1934396,15343,1,1
423493,11481,2,0
2428914,28204,25,1
213817,3376,4,1
2011953,3631,23,1
1705383,37257,4,0
330830,581,5,0
1941179,25368,38,0
246129,28199,11,0
779191,6541,17,0
109143,21137,4,1
1081316,7228,13,0
2394392,1890,8,1
2464931,14233,27,0
1297684,48123,5,0
3207271,27086,3,1
2584332,11520,2,1
1604594,12144,16,0
832587,43409,14,1
2929106,36906,14,1
401748,34927,8,0
959410,45066,5,1
2152455,8021,14,1
3159335,39720,13,1
2319083,20520,19,0
226192,27323,12,0
2770916,19660,8,1
464218,25650,9,1
159485,8277,14,1
2686941,41131,2,1
974654,27845,14,1
9932,21769,5,0
1134927,13176,2,0
3067396,20114,5,0
2920031,27086,2,1
1580895,33184,6,0
1465989,2463,15,1
2396536,47766,2,1
1028724,40198,8,0
237808,39863,6,0
140839,13176,4,1
2350937,10960,3,0
650147,15599,7,1
2424254,2275,14,0
1384155,32360,11,0
111159,44632,5,1
658797,42824,5,1
3140442,27086,17,1
902794,9585,2,1
415554,23216,26,1
763355,33043,4,0
1604594,29307,12,0
2696681,17652,7,1
386673,23554,31,1
2621260,9839,15,0
1737386,20113,3,1
906163,10172,21,0
280254,17461,14,0
2368144,44008,17,0
1173240,13027,6,0
1518716,4233,15,0
3048657,17948,11,1
1124874,31020,14,0
141549,49683,3,1
318961,41207,4,0
3229331,27683,4,0
812827,21533,34,0
1989664,21137,7,1
1221895,45788,7,0
3367172,24115,12,0
3070849,8670,2,0
3299159,43693,2,1
1252827,25242,8,1
2841323,1160,2,1
2602164,36522,19,1
1401083,10385,7,1
3118619,37766,2,1
2062671,7156,10,0
2243802,22760,6,0
1676253,49363,23,0
436126,34169,1,0
757837,40342,17,1
359942,9825,1,1
1156256,2295,16,0
1153735,27945,2,1
882983,17794,2,1
3166316,25930,4,0
2893609,47630,16,0
2593935,1511,4,1
2717830,25762,13,0
1536955,12935,2,0
2779441,28985,9,0
386673,6069,5,1
3344551,48246,2,1
1556115,13176,1,1
464408,44098,10,0
1106114,42450,14,1
2427011,39921,2,1
415554,34,22,1
2430243,24184,4,1
1316906,9000,11,1
2473729,20015,4,0
2120886,26118,1,0
3396089,6361,5,1
24778,6448,9,1
2045645,19348,1,0
2873566,11440,3,1
2531749,4920,15,1
1941179,3868,37,0
3006370,32655,1,1
1064200,47865,16,0
785488,18234,3,0
2140510,7736,4,1
1683669,15802,5,1
1607018,16349,11,0
2360017,6184,1,1
26681,28465,3,0
823366,25489,10,1
2766627,41950,13,1
408929,8518,1,1
1133069,32115,5,1
1083906,1511,2,1
3278532,46667,5,1
772763,13198,6,1
1840937,33548,12,1
3415417,32573,18,0
357882,13198,5,0
1839858,13176,1,1
995278,49144,12,0
1243373,43530,9,0
2094728,40724,1,1
285231,45,7,0
1855033,38077,13,0
928387,24830,1,0
702422,43789,5,1
1297444,26790,6,0
1845470,1176,31,1
3369424,16185,5,1
393,32403,3,1
2245971,4920,4,1
835893,45646,9,0
410902,45007,2,1
3119375,28571,21,1
3120961,21938,2,0
1546802,18811,1,1
1499836,24184,5,0
1246420,24852,1,1
472154,17341,2,0
1627476,23904,1,1
373658,5818,7,1
180808,43352,7,1
867610,44010,27,0
867998,32689,3,0
1980091,42768,8,1
1989664,19691,3,1
1374746,10673,1,0
1243373,19309,7,0
1747590,39204,4,1
1806738,16234,10,1
532393,33847,10,1
356781,9554,2,0
1117104,11520,23,1
336423,7372,17,1
738520,343,12,1
1634192,8424,12,0
159485,15455,13,0
1879873,2078,8,1
57889,14221,1,1
1941179,3391,13,0
1603903,47766,7,1
1739738,7631,10,1
3063904,8670,23,0
478327,37067,3,1
1052714,43361,20,1
442153,42460,4,0
2825748,35070,11,0
2297930,27156,16,1
713073,21616,12,1
2297930,8518,20,1
2897081,45123,4,1
2121022,10288,2,0
3410496,37065,19,0
373658,21616,5,0
1822335,30967,5,0
415429,8571,2,1
2531749,36550,17,1
2750166,22307,6,1
1219325,38371,5,0
1586472,36082,9,0
2825748,17829,5,1
336423,6845,23,1
1603903,8518,8,0
2011953,7628,9,1
1070138,43961,3,0
314432,19711,9,1
1294036,9076,2,1
2791414,47626,2,1
1220243,34050,1,1
1028724,5876,10,1
2621260,22935,11,1
959410,1215,12,0
2312946,34530,7,0
3406316,42265,7,0
2460683,16459,12,1
2382288,35591,10,1
2121022,37511,9,0
1219211,13176,1,1
651025,18567,4,1
1781194,21903,13,1
2626608,40068,3,1
3156771,21137,13,0
857255,17794,11,1
3148338,26620,2,0
356781,46667,7,0
686547,38293,14,0
1781773,41065,4,0
2560500,1000,18,1
1079090,11827,22,1
374148,44325,18,1
1221102,45948,4,1
1091347,41584,20,1
1580135,16185,24,1
832587,1111,27,1
1455635,14449,13,1
485099,30962,6,1
1648905,30995,11,0
840777,17313,2,0
1858627,21616,6,1
415554,37003,38,0
2826735,44359,5,1
113839,29311,7,1
2631301,41694,18,0
493190,42701,5,1
1941179,35762,12,1
2350937,26165,15,0
1879873,33055,11,1
2025409,15386,23,1
2084838,10243,6,0
2013275,13032,3,1
1903418,44799,4,1
3024071,15429,2,0
1011691,16953,17,0
1230334,38996,6,0
984136,10709,16,0
497500,22141,4,0
85974,21295,11,0
1607229,21841,4,0
1759819,46425,5,1
2689668,21793,9,1
59628,44008,1,1
1886248,24082,1,1
2684951,9839,5,1
1270865,27086,2,1
493190,15741,7,1
3086719,43308,8,1
114309,23291,12,0
523965,43822,2,1
3414214,11437,1,0
1465989,28080,12,1
3044039,40199,2,1
1788324,49610,2,1
826013,44949,2,1
2615945,12034,6,0
3121685,6871,10,0
2689252,45223,8,1
1838961,36808,4,1
454496,884,1,0
2158709,26427,21,1
1231050,32177,2,1
1090427,41149,11,1
409481,24852,16,1
1047497,8670,8,1
3088554,21288,6,1
238665,7350,5,1
1094484,45066,5,1
1789088,20345,15,0
2717830,48559,5,1
1047497,17835,10,1
2498920,13176,8,0
812827,6193,13,1
1622830,39928,1,1
3171407,37113,3,1
1282203,26940,9,1
3272670,15892,2,1
1822335,37234,4,1
2406823,21137,3,1
3334139,21927,6,1
1432450,196,2,1
1633370,27705,9,1
1515808,9119,3,1
1702465,8424,6,0
359942,31766,3,1
1382360,45416,9,1
2399369,13176,12,1
1857438,16349,9,0
3331406,5025,3,1
1858384,22474,1,0
2642472,35946,2,1
1608098,47766,5,1
1151977,19389,2,0
590255,21554,15,1
1091347,9076,30,1
2378344,29328,7,0
258778,17679,4,0
1961020,42987,9,0
906163,37220,16,0
1899600,36522,3,1
155267,32864,21,0
742608,45007,25,1
1917349,5449,6,0
525135,37947,4,1
1946736,1529,8,0
1233999,43920,7,0
1917349,26736,3,1
1580135,5023,18,1
2376926,8277,42,0
1800023,27864,18,1
3400506,29176,8,0
338988,21903,2,1
2068743,19125,1,0
2563762,26604,9,1
464218,46243,16,0
1949159,31635,6,1
2659697,21333,5,0
2397451,24799,7,1
3419634,38425,5,1
965870,45007,10,1
702422,27336,2,1
1625937,38400,3,0
2341376,39721,3,1
318961,37158,1,1
3044039,32478,4,0
1498305,37940,4,1
446629,12402,3,0
1845470,36321,12,0
2659608,39812,8,0
1109880,20583,3,1
759087,1463,5,0
2604622,14140,3,1
2795874,39108,25,1
358895,40011,12,0
1572139,13391,1,1
3385060,47037,24,0
69182,25783,9,1
3119375,45840,29,1
3029205,7762,17,0
2053562,25753,19,0
125527,49044,3,1
2902944,8193,1,1
449989,9076,18,1
1231050,36011,7,1
386283,25246,2,1
171574,11843,15,1
2310286,1999,4,0
386283,6448,7,1
479124,21292,5,0
1090427,41806,7,1
1271003,16759,11,1
2835751,25,29,1
2167048,11005,6,1
1873081,49164,4,0
400576,48395,7,0
2835751,48848,5,0
1879873,45007,14,1
1682682,27104,21,1
2461427,41259,17,0
3343505,1408,3,1
2798445,22620,3,1
1754089,30827,18,0
2735618,48130,12,0
2480065,18352,16,0
1465229,46505,11,1
3087033,7485,17,0
2050816,25371,5,0
2717830,9494,1,1
1523038,13870,12,0
477360,20940,4,1
2545747,34448,4,1
2554464,30233,6,1
73939,26604,7,1
63586,12384,1,1
2082012,43772,4,0
113839,7715,2,1
1058497,17007,8,1
2188005,39275,2,1
1838961,49191,6,0
2751379,27104,11,1
478327,10,14,0
2428914,5451,11,1
130722,17794,11,1
1953378,42508,5,0
2428914,36956,41,0
310846,21137,7,1
29486,8239,3,0
2095540,24838,5,1
2199407,19156,7,1
298442,34126,1,0
1051559,45443,10,0
916795,24964,11,0
1079090,10673,5,1
542414,31717,5,0
29486,11777,8,1
330860,1939,6,0
2593935,10603,5,1
2156507,37094,23,1
1412551,30450,15,0
96751,10862,3,0
2560500,43713,10,1
2397308,9460,3,1
1806738,28930,4,1
491724,1819,12,0
3300995,29095,3,1
738520,16212,15,1
2542094,24981,12,1
209779,25747,2,0
2019002,44628,15,0
2997230,22959,2,1
1058493,35221,15,1
772763,47209,7,1
1785631,6213,8,0
2983102,23288,1,1
1486828,33706,11,0
996728,17201,12,0
2013175,36746,1,1
2627425,21903,4,1
1977792,7663,19,0
2062671,48681,9,0
3222001,49610,2,1
1159468,45368,6,0
2001987,28450,5,0
280254,27845,27,1
1498305,46023,5,1
2413455,15680,3,0
1899083,1215,7,1
2393611,35004,7,0
3414214,21385,19,1
2895034,11598,17,0
3218966,38154,6,1
2282529,23165,34,0
1815912,33135,1,1
3171285,260,9,1
443247,21938,1,1
1301869,47519,2,0
2837244,31915,2,1
867610,26634,23,1
2445119,8574,9,0
186921,24231,1,0
2336048,29112,1,1
512157,11434,2,1
113839,6238,8,0
2998363,34969,5,1
2019002,44375,4,1
1232327,47209,7,1
486501,46969,8,0
2485732,7781,11,1
374148,26861,40,0
1889679,47626,13,0
2779441,4799,3,1
2376364,3298,4,1
3322557,39649,11,1
2421891,38838,2,1
1476041,38200,3,1
1017916,36029,4,0
2833445,27966,1,1
1769145,45619,6,0
1392788,26209,17,0
3196061,19678,9,0
1794436,8424,5,1
793717,28849,4,1
1013005,3952,8,1
1580895,45007,4,0
2597457,28993,3,1
838496,13176,1,0
1801142,35633,5,1
2017680,19213,4,1
2902983,5025,18,1
1768015,44375,2,1
2597457,24852,5,1
1607431,15273,9,0
2567955,33846,11,0
488480,25146,9,1
3135670,37067,4,1
1090427,25138,1,1
1833382,30385,5,0
1265766,5250,2,1
867998,29127,5,0
2019002,47877,10,1
104688,30021,12,0
928387,42356,11,1
715016,29285,4,0
838496,24799,4,0
963835,228,1,0
2793915,7308,10,0
2554464,49235,3,1
867998,13129,10,0
2825121,21010,16,0
81475,26604,14,1
2497140,44359,19,1
478327,7185,17,0
2577537,5258,1,1
2733134,31066,1,0
2478624,36299,9,1
2298476,30154,1,0
1356160,16521,5,1
3048657,10749,13,0
483600,8571,1,1
1483567,28207,2,1
809920,21137,12,0
1339862,2770,22,1
1759819,26856,8,1
318770,5114,13,1
1105774,17706,12,1
1155473,38758,24,0
545645,24184,18,0
787925,5825,2,0
1846047,47977,4,1
3333096,45948,14,1
1706342,27992,14,1
720694,6187,2,0
3048657,24489,5,1
1989664,28171,18,1
1412551,29418,21,0
3414214,7628,11,0
1941926,8518,16,1
2011953,6104,7,0
6601,11046,12,0
425196,5782,6,0
1873651,4924,22,0
2007012,47766,2,1
1058497,13198,9,0
2401188,21614,11,1
2464931,23898,12,1
1961020,29399,8,0
777036,25513,5,0
3070849,14337,3,0
2246291,14277,7,1
3251307,5449,2,1
3156699,24852,12,1
2033904,38689,4,0
2378374,27331,11,0
22901,48679,3,1
500705,23165,10,0
1676905,5385,18,1
415554,27695,4,1
65818,37029,7,1
436969,43768,15,0
1657563,21709,5,1
1060550,27767,3,0
3029205,44910,15,0
2959404,14901,12,1
2798445,26483,10,0
2229373,43154,9,0
2571020,18418,2,1
2360909,33000,6,1
1055060,4920,1,1
1392788,24852,6,1
2825353,46107,16,0
1153735,15355,9,0
2253870,29447,1,0
1946736,44053,18,1
928387,24850,9,0
2793915,2205,9,0
1769145,30696,9,0
2815894,8041,14,1
1151977,34012,3,0
2077812,41220,3,1
1873081,5479,3,1
75013,21137,15,1
267491,24852,3,0
742608,12341,12,0
2895034,45007,14,0
2278915,24852,1,1
838496,34525,7,0
148866,24964,3,1
1326080,35898,3,1
1335462,23734,7,1
3375524,13544,12,0
2253870,30489,21,0
1060550,45007,9,1
2919525,24413,4,1
96117,6236,9,0
3004510,33351,1,1
104688,17008,16,0
928387,25814,8,0
2514824,39993,3,1
258778,7948,1,1
284437,38341,24,1
3214740,39877,8,1
3196061,31766,24,1
1156256,24489,26,0
1572139,16759,4,1
2951304,44683,13,0
1083906,27104,11,1
783505,21158,7,0
1117104,21903,2,1
1124874,7628,8,1
2616558,287,2,1
2009922,2374,13,1
1434437,33768,10,0
1090427,27521,19,1
1295441,24852,1,1
3156771,24852,9,1
1815912,4799,22,1
1288137,18389,19,0
2792577,25544,12,1
1058497,40054,4,1
1375389,11182,26,0
2733134,34969,12,1
26681,26317,1,0
386032,46347,3,1
1839858,40310,5,1
1737531,41198,25,0
1329074,10163,11,0
2795874,23827,4,1
2881431,12341,1,1
2654133,35536,1,1
3322409,41950,5,1
1587280,33290,7,0
2688053,32428,26,1
691356,5450,5,0
607499,31055,1,0
2798445,49232,8,1
190203,31717,4,1
1840937,24852,1,1
2041951,26344,24,0
1899313,11463,4,0
568908,20842,4,1
2868034,42265,3,1
557003,2770,3,1
2441349,21903,1,1
651025,40406,7,1
3171407,36923,16,1
1230334,39037,17,0
2929106,34969,5,1
410902,26209,5,1
529777,44359,4,0
1121318,13176,1,1
1041690,47284,7,0
2428914,5025,10,1
1815792,22025,6,1
809920,26604,13,0
531970,2536,8,1
2094728,25272,19,1
1768015,20580,5,1
1095049,16797,1,1
1232923,23909,1,1
1546802,44987,10,1
1893924,13176,1,1
1471750,11005,1,1
1409253,6341,10,1
1941179,44239,17,0
2880744,7948,2,0
1682682,47759,15,1
2795874,22788,20,1
1580135,33894,16,0
2965401,4605,16,1
1727430,49488,7,1
1529257,6510,5,0
984136,5876,5,1
1886248,29574,8,0
430129,35365,3,0
2621260,11143,13,0
1557429,46768,11,0
867998,28836,8,0
1543723,34487,3,0
1191492,5240,15,0
153877,21269,7,0
1894752,4138,6,0
2152455,20114,6,1
2761587,13829,2,1
759988,18465,15,0
228658,17461,8,1
2864229,11983,5,1
374148,29930,14,1
3093586,37646,6,1
3140263,21137,6,1
522660,7145,5,0
747891,18288,4,0
2380346,49106,6,1
500678,13249,7,0
2779437,21903,6,1
3385060,33178,7,1
2671607,47058,1,0
3370725,18523,1,1
343485,4792,22,0
358895,43392,19,0
1737531,365,3,1
2880744,4066,9,1
1934715,16797,7,1
2573806,7503,3,1
1592008,7333,10,1
55278,5991,31,0
1752226,11095,7,0
415554,8912,19,1
2121022,17807,1,1
1607018,23233,8,0
2457821,47626,6,1
2098068,32747,6,0
2167266,13176,6,1
3275606,21903,8,1
2688053,6358,22,1
1917563,10957,16,0
3178485,8575,7,1
779191,31717,6,1
2791414,4302,1,1
1701033,24852,6,1
3275606,31292,22,1
2852498,7041,4,0
1679047,32923,4,1
2219353,12456,3,1
720694,25890,4,1
1608098,41329,9,1
2551964,18441,7,1
1897207,30630,3,1
1857438,47209,7,0
59628,39491,8,0
101598,10831,1,1
751714,24959,3,1
125527,9515,8,1
1106114,3896,3,1
1340870,37774,10,0
2891355,8393,2,1
2208428,19366,9,1
1651271,44888,31,0
261647,17163,6,1
3266888,9883,6,0
2825353,28597,15,0
358895,3884,7,0
2559979,11005,7,1
472154,4605,6,0
1664513,10690,3,1
2109995,23288,1,1
1873651,6979,24,0
2626608,35263,2,1
1873651,12544,53,0
684121,21100,7,0
2368144,48364,15,0
1840937,28204,5,1
1546802,9666,5,1
1172424,24852,1,1
1286683,23069,2,1
2497140,10256,31,0
1593956,48875,13,0
1742072,10492,11,1
1097707,18531,12,1
998879,22035,9,1
1047497,37067,11,1
449989,42334,15,1
136621,45063,4,0
141549,21903,12,1
1689000,34578,13,1
1941926,1287,15,0
305867,17332,1,1
1790126,29794,1,1
1593956,21376,5,0
1482140,17545,1,0
3242636,40571,1,1
1326299,44422,1,0
3367254,17316,5,1
1518716,27476,1,0
2658106,31846,3,1
1940934,3523,5,0
2085383,4799,4,1
414029,29503,22,1
1573551,46359,8,0
1609317,35108,1,1
1147586,48988,2,1
2681092,34946,6,1
2671730,43772,6,1
343485,43713,18,0
567934,13176,1,0
2019002,10312,14,0
2154641,5450,6,1
33331,36011,7,1
1648905,27958,1,0
85974,5618,9,1
3242410,22034,1,0
1571982,46595,7,0
3238836,19048,6,0
1089265,32486,4,1
64319,4920,7,0
1651462,42625,19,1
1058079,21050,3,1
1480365,32689,4,1
2688053,11782,13,1
612632,11773,3,1
2011953,28250,19,0
1332924,45064,14,1
650296,13176,3,1
3178992,41716,1,1
2555851,18880,7,0
1295441,23645,16,0
1689000,45249,1,1
47041,23516,2,0
684054,45007,7,0
3322409,47497,22,1
1082064,44142,3,1
755452,18434,4,1
3414109,38634,8,0
2562608,45493,12,1
1369416,8732,8,0
1800023,5646,20,1
2989234,18339,8,0
2382288,16874,8,0
3277561,16965,3,1
3343386,18725,15,1
2319083,38772,11,0
793717,8518,6,1
2050816,5876,24,0
500705,43154,1,0
522396,31717,18,1
591840,31985,2,1
3364168,21890,8,1
1081316,21903,2,1
2413455,25286,4,0
423042,12980,10,0
2599300,44359,5,1
691356,22825,6,0
1282203,46984,3,1
366041,14736,5,0
2377841,44628,8,0
838496,6519,8,0
2363164,13500,16,0
998879,4920,6,1
2238136,39928,6,1
525135,37646,11,1
2133551,16139,1,0
3162717,44449,7,1
2779437,19154,16,1
3323559,43035,1,0
1209888,28985,3,0
2826735,44987,14,0
3287074,4987,8,0
3411798,48775,18,1
159485,33731,17,0
1091347,22656,13,0
882997,30391,9,1
1278498,40724,13,0
116124,24184,6,1
2842283,45854,3,0
386673,13005,30,1
1963154,24184,17,1
3415417,4006,2,1
1392788,28842,15,0
476247,43295,9,1
532393,13740,9,1
1599586,5729,8,0
2891355,9755,3,0
543973,30827,7,0
2998363,24852,2,1
2120886,16578,9,0
3279181,35918,4,0
655150,41259,1,1
1316906,8277,4,1
196354,24964,16,1
974654,43154,5,1
494872,8277,5,1
3336365,34270,1,0
1917563,24852,17,1
2418508,6184,3,1
3189826,8424,10,1
2517025,41395,3,1
2514824,2707,6,0
147343,8539,16,0
2224522,6348,6,0
2602164,8174,5,1
2766627,32689,12,0
2259301,13338,1,1
1401083,25547,16,1
1105774,24010,13,1
1250013,38557,1,1
262833,10467,1,1
231475,19660,1,1
70932,9000,16,0
111159,40586,3,0
1335462,19488,2,1
3411798,8518,16,0
629867,14050,2,0
2368144,12016,19,0
1395773,47626,1,0
1480365,25647,11,0
1708367,26706,18,1
1024277,1439,10,0
2248198,44501,5,0
3114739,5535,2,1
3019237,30720,12,1
2334360,5876,4,0
882997,39747,2,0
2229411,43352,7,1
2371282,38400,7,1
1375389,35628,2,1
1689000,12935,3,1
2681884,47766,7,1
702422,16797,17,0
1731473,38200,15,1
2157222,47209,11,1
1934715,4844,3,1
3238836,35221,3,1
813117,18389,5,1
1133069,10310,8,0
1369416,35909,2,1
3089685,6873,1,1
832587,6867,5,1
543175,19057,5,1
1606343,31553,4,0
1447765,43352,5,1
3171407,38185,22,1
6601,20127,11,1
551054,42500,2,0
423042,42828,4,0
2717830,35725,11,1
2376926,21137,44,0
886188,39059,10,1
1989120,15636,5,1
1753259,47865,2,0
113486,14814,12,0
2475764,25072,19,0
1173240,18849,13,0
3027309,44667,1,0
2208428,32465,18,1
1052714,11123,27,1
502962,23554,13,0
3343386,20802,7,1
3242636,42443,6,1
1858384,47766,12,1
2608193,34358,9,0
691356,26604,4,1
764341,32982,15,0
210638,15386,6,0
3019237,9020,6,1
2279582,34287,2,1
3148389,39877,4,1
1873651,12420,15,1
2474227,26604,10,1
2739767,48455,9,0
1339862,27104,2,0
62539,17461,10,0
3118113,47966,9,0
1536955,11941,12,0
2480065,37646,15,1
1516617,13263,6,1
22901,45066,11,1
1801142,5144,13,0
684054,32734,6,1
2130948,43295,1,0
2158709,36939,30,0
2521485,30774,4,1
261647,20119,1,1
2396536,40761,8,1
858265,2909,16,0
652209,40146,8,1
1155473,16797,12,1
1711653,45066,18,1
280254,47766,17,1
2521485,13510,3,0
2025409,27695,22,1
357882,33647,22,1
2983102,3957,2,1
2545747,49416,7,0
478327,38141,8,1
2602164,8424,16,1
298442,44676,4,0
2199033,24097,8,0
231475,11090,2,1
280254,31717,24,0
1360843,22993,22,0
173334,18615,11,1
3396556,47630,8,1
1486828,35652,9,0
2354398,10912,1,1
3411798,27326,20,0
758118,48107,9,0
2615518,28849,11,0
1435162,23315,1,1
3228592,39397,11,1
2897036,25588,4,1
2531749,5450,5,1
188023,38662,11,1
1326080,24964,6,1
3087033,1203,13,1
2789499,41950,5,0
1409253,45066,6,1
777036,7673,31,0
1176918,23719,6,0
2993445,13163,6,1
1983294,30450,3,0
2052149,32433,8,0
171574,24933,13,1
270320,29987,2,1
3126243,9018,1,0
3130206,42495,26,1
2868611,43643,4,1
2025409,45081,8,1
1759819,21903,32,1
2259301,30122,12,0
2007056,25659,2,1
1377891,27471,9,0
2985348,49463,5,1
1044651,45007,3,1
2793915,47766,3,1
111159,19155,8,0
1155473,8412,3,0
834642,5923,7,0
174976,34027,15,1
1133069,25513,7,0
285231,44786,10,0
1846047,20711,2,0
104688,19468,11,0
3277561,4462,1,0
2154641,38456,5,0
2505627,10310,1,1
1252827,16169,22,1
772763,27845,4,1
492086,13176,3,1
488480,16045,1,0
2297930,30391,3,1
1828179,8368,8,0
2785172,9339,2,1
586497,22438,13,0
890832,6343,5,1
2959404,12044,19,1
1316906,45007,10,1
2200793,19846,7,1
275130,34862,3,0
2793915,42617,15,1
959410,47498,20,1
2788699,5334,19,0
2932939,14901,11,1
795216,32403,4,1
247227,327,8,1
46409,19660,1,1
2895034,42701,11,1
2702856,6369,1,0
720694,28204,5,1
3343386,42936,9,0
827925,41950,10,0
1523038,35140,11,0
1360843,13740,9,0
335764,48988,2,1
464087,42500,1,1
114309,27548,3,1
47041,19125,10,0
2688053,16797,4,1
2052864,2855,1,0
2798028,28378,18,1
40247,28553,3,0
1483567,34956,11,0
2248112,38313,10,0
3282546,23919,3,1
742608,16726,2,0
1884842,40604,9,1
1516617,4920,20,0
359942,13212,15,0
1058497,16083,10,1
2615945,37766,10,0
2659697,2350,12,1
1749896,40604,18,0
125527,21702,5,1
1455635,10749,7,1
1282203,33754,6,1
2050816,37264,37,0
1505841,47141,12,1
1586472,41557,15,1
984136,8518,23,1
1705842,30406,14,0
171574,19057,11,1
1607018,7012,1,0
1893924,16797,4,1
1054417,9084,6,0
1801142,24838,4,1
196354,39928,9,1
310520,27845,10,1
903107,36695,19,1
751704,40662,8,0
3400506,8424,27,0
2537293,38928,1,1
377315,13176,7,1
2866821,24852,2,1
1153735,17704,10,0
3171407,21011,11,1
2460683,5025,1,1
449989,19076,32,0
1176861,22312,8,1
1965865,23909,1,1
2571020,14800,7,0
772549,13866,7,1
3410496,14426,4,0
713073,24852,1,1
2868058,39545,2,0
2399369,47626,13,1
2207796,13380,3,0
1044651,38777,7,1
1227437,32653,10,0
1281067,5771,2,1
1047497,3843,2,1
2606989,36735,1,0
335764,5077,1,1
1395632,16797,7,1
3407187,8637,14,1
568908,44788,30,1
1899083,45633,9,1
3045532,20955,2,0
2303859,42617,7,0
1706342,12206,3,1
2464931,13292,32,0
2420073,3579,1,1
3196061,6348,22,0
1227437,24954,5,0
1644594,42585,1,1
1651271,12339,29,0
2473729,5015,9,0
1706342,48940,4,1
1781194,26604,1,1
2133756,36929,4,1
196354,18234,8,0
2959404,24852,4,1
3167642,47119,15,0
1934715,4920,12,1
2199407,47209,11,1
2473729,21734,14,0
457097,24852,1,1
2072131,216,10,0
486501,5450,9,0
1604594,45007,9,1
1465989,20463,5,1
2062543,1025,7,0
1243373,48800,12,0
186921,26604,5,0
1634936,47766,2,1
2034115,33572,12,0
1335462,44337,8,0
1755771,1367,2,1
2158709,33462,6,1
2255970,32563,1,0
1838090,45123,3,0
2893609,7035,1,1
1781194,16283,7,1
1546802,44275,3,1
809920,7500,23,0
1496080,19565,5,0
3379405,42719,1,0
769669,12206,1,1
2401188,1463,1,1
343485,24860,19,0
2164338,7628,3,1
2191145,5922,8,1
2734430,35963,16,0
2787322,13380,5,1
1369416,3847,13,0
206205,28535,8,0
3063904,27829,20,0
3367254,5386,12,0
2130140,21938,4,0
2158709,19115,2,1
3350400,22849,5,0
1669079,21903,2,0
2671730,5025,13,1
226192,8193,10,0
2517956,1447,7,0
1153735,15633,13,0
1731430,7948,12,0
2512776,14462,10,1
755373,44912,4,0
2792577,19068,11,1
1339862,38248,12,1
1121318,22260,7,1
886188,26209,14,1
738520,47868,1,1
2793915,36865,5,1
2942047,18171,9,1
1447765,31528,8,1
1651462,39993,4,1
1512816,19173,12,1
1476041,23313,29,0
1961692,19019,10,1
2779437,4945,17,0
1227572,47626,3,1
996728,29660,4,1
1362942,33231,5,1
567934,6184,2,0
155267,13984,6,1
758118,2846,8,0
3019237,28985,1,1
1471750,2426,19,0
1965865,4443,17,0
1299060,13424,3,0
2250748,8859,8,1
1313934,24852,4,1
1117304,49609,1,1
1464717,34658,6,1
1868479,23764,2,0
2681092,16387,2,1
1603903,9387,5,0
2784192,12831,3,1
1460198,28842,4,0
262833,28797,2,1
2785172,41540,13,1
1945204,39512,9,1
81475,39984,25,1
2037729,23005,1,1
493190,8518,3,1
1828527,44632,8,1
1488296,40449,1,0
1544996,16521,10,0
1319390,21709,17,0
1571982,45763,10,0
2502010,8022,4,1
2154641,46979,7,1
3174686,21160,1,1
22901,6541,5,1
2376926,42701,35,0
2207639,27796,2,1
1334784,17191,4,1
1689000,26351,15,0
678310,38347,5,1
2825748,40518,12,0
2608193,2622,12,0
545902,2663,19,1
246449,10702,1,0
757837,26369,13,1
374148,21536,36,1
3323641,17872,4,0
2551964,11520,6,0
140839,4947,3,0
2208428,46969,14,1
65818,47209,2,1
3406316,11440,12,0
2809547,22908,22,1
1673065,38944,12,0
2371282,48357,15,0
1873651,21461,21,0
590255,12887,7,1
1651271,47977,7,0
3363387,47766,4,1
423042,12284,9,0
1667163,7901,8,1
2671730,13076,17,0
1870540,6184,4,1
974903,17122,4,1
3366567,43154,1,1
3242410,14800,3,1
720694,9405,1,0
2920031,36929,3,0
2870910,16154,8,1
2739767,35986,13,0
1609317,34358,5,1
1789088,43961,9,1
2790111,34690,3,1
626215,20788,9,1
3415417,43474,20,0
2104535,33819,5,1
314432,5785,11,1
942724,34126,2,0
3194842,31992,1,1
2199407,45989,10,1
522396,5025,16,1
1749896,38033,11,1
2779437,13176,2,1
2218370,21001,5,0
2238376,12419,11,0
1257106,36287,10,1
812827,11109,12,0
1176884,44359,15,1
2965401,24852,7,1
2975261,24852,5,1
111516,42746,16,0
2229411,30335,8,0
568908,36956,9,1
2824989,35679,6,0
1483950,42475,5,1
3194842,23405,7,0
1713478,12039,6,1
3300995,34160,2,1
1685107,48821,1,1
415554,26620,9,1
171574,24964,12,1
2397451,1998,1,1
777036,31553,36,0
1958379,18531,3,1
2163140,45260,2,1
1969820,24830,7,0
785385,23909,2,1
744812,32982,3,1
3132860,5875,4,0
252753,27985,3,1
2375492,8138,4,0
1989664,8518,17,1
2628112,22935,12,0
652209,5959,3,1
1095049,8153,5,1
2063863,45346,2,1
1608098,4920,7,1
2870580,48927,8,1
1685107,46041,3,0
2420073,38249,15,1
3032311,17500,10,0
2689252,39178,4,1
1654843,14462,9,1
2739767,44949,12,0
2072131,7139,3,1
3166316,27966,6,1
1516617,21709,2,1
2336048,13176,8,1
1961020,31075,4,0
700878,20119,14,0
1607431,40709,3,1
3071827,46103,11,0
1172424,17862,7,0
884290,36735,1,1
129389,907,1,0
2130140,436,6,0
732000,24082,10,1
1447765,19934,4,1
1249722,28601,17,1
87863,26586,7,0
2303155,13176,1,1
1395632,31805,2,1
1238015,33814,20,0
1468913,24852,1,1
1745499,10819,14,0
1580135,29487,1,1
2616558,44632,3,1
303567,15920,2,1
1463803,43352,11,1
2571020,18488,8,0
2825121,43961,6,1
2480065,13176,19,1
1094484,29740,7,1
1607018,8174,9,1
1241815,39844,7,0
374148,30767,39,0
1079090,41351,9,1
893488,29610,4,0
3410496,48779,14,0
1249722,21137,2,1
3147849,44745,7,0
1752226,37722,6,0
763355,30492,3,1
2531749,13176,2,1
340663,27521,5,0
1781194,40467,4,1
1667163,14168,12,1
3178485,32642,1,1
1257106,8083,2,1
164312,38768,2,1
2102312,17454,4,0
2219353,46688,9,0
2998363,16203,10,0
2825121,7021,13,0
1471750,32655,4,1
1828527,24333,6,1
2480876,43352,3,1
2485732,24964,19,1
2461427,34126,12,1
2209627,6873,6,1
686547,28199,15,0
874923,47910,2,1
1175871,2086,16,1
500678,45104,8,0
1177941,25144,2,1
1434437,22971,15,0
226192,5566,19,0
144193,45950,1,0
2473729,2309,15,0
2586684,35430,1,0
1741150,33352,1,0
2795874,26497,7,1
812827,46802,21,0
90985,30391,12,1
2391097,27959,4,1
1753259,8277,14,0
787925,10499,9,0
109143,44275,1,1
2671730,33055,10,0
2137849,9000,7,0
1384155,35078,4,0
1295441,19348,2,1
2199947,21137,1,1
1090427,651,18,0
57889,38164,3,1
1106114,8424,17,1
2133551,46088,4,1
1377891,49191,7,0
40247,45957,5,1
3275606,24549,31,1
2401188,6740,9,1
1037027,7021,6,0
270320,30664,6,0
2457821,44359,13,1
525135,27683,6,0
209779,14947,1,1
1713478,6795,11,0
415554,12758,17,1
371933,45535,6,1
1087344,7948,14,1
772584,4313,5,1
1498859,47492,23,0
2696681,41482,11,0
2567955,47766,12,1
1889679,47209,5,1
1049654,13176,12,1
1516617,39877,21,0
2571020,29503,3,1
1951002,42817,4,1
2414805,20720,12,1
2164338,27323,9,1
6601,15322,2,1
3004791,43961,5,1
122891,5077,1,1
1745499,18653,20,0
3385060,19488,10,1
1295441,39094,17,0
1599586,4957,10,0
70932,33754,7,1
2428914,17652,13,1
3385060,18177,17,1
1593956,35004,3,1
509825,25340,7,1
3120961,29529,1,0
3106064,11182,15,1
96117,14227,3,0
3159335,27240,16,1
2108361,5876,1,1
1755771,39465,7,1
2868034,6927,8,0
140839,13147,5,0
408929,37825,9,1
1536955,29447,9,1
1879873,26925,5,1
2815894,47626,11,1
2615945,25256,1,0
2655361,14168,5,1
2607055,45683,4,0
3364168,25890,5,0
655150,24964,2,1
197549,39327,5,1
1230334,16797,2,1
1304448,37710,3,1
1288137,21903,14,1
1040679,47768,16,0
936635,20460,6,1
545902,41950,6,1
1058493,45290,7,0
2404972,12357,10,0
2279582,1365,5,1
1745499,16953,11,0
1934715,47766,1,1
3409559,10504,1,0
827925,22935,5,1
2421891,2295,7,1
155267,21709,5,0
2919525,13176,3,1
1669079,34136,4,0
478327,44765,5,1
2318060,43018,11,0
2560500,1503,15,1
3071827,20794,3,1
1831838,40229,5,0
2733134,14074,14,0
947646,27104,1,1
702422,37803,8,0
2497140,8382,12,1
270320,26209,4,0
384430,1999,5,0
400576,33120,2,1
147343,33407,2,0
3170244,25407,9,1
228658,24964,13,1
2825121,47766,2,0
81475,28699,19,1
449989,47759,25,0
2787322,41950,14,0
738520,10017,9,1
1197569,9076,6,0
2073675,23204,8,1
2989234,49445,5,0
2457821,42024,2,1
2427011,10749,5,1
206205,20919,2,0
2988047,5013,2,1
3286478,10424,3,0
2689668,13637,3,1
2183623,26714,1,1
755030,11365,7,1
1498859,26620,13,0
2396536,16797,5,1
1257106,27966,7,1
1172424,35887,21,0
3287074,47674,4,0
1676905,28427,7,1
173334,37710,7,1
556236,4210,8,1
1424875,10749,4,1
3414109,17352,1,1
1667163,14281,19,0
3130853,5962,12,0
1630931,5450,7,1
2135040,30776,16,0
2689580,24852,4,0
2041951,22035,5,1
1440459,16797,3,1
1739738,5819,9,1
2988047,22935,9,1
9932,35561,1,0
3019237,22935,8,1
2975449,44819,13,1
59628,40709,7,0
1544996,12134,3,0
467749,18339,3,0
2805436,499,2,1
3373457,20082,4,0
3056559,30327,11,1
1969820,6552,4,1
1360843,3599,7,0
906163,25043,18,0
1090807,8424,2,1
2429837,34448,13,0
2391097,1065,6,0
545902,21938,4,1
684121,14165,8,0
141549,24852,10,1
1080826,13713,4,0
32916,23645,8,1
1083906,25638,5,1
686547,47630,2,1
899039,31932,7,1
56384,44683,17,1
763355,32096,13,0
486501,49215,5,1
358895,14914,15,0
884290,18618,4,1
384250,44277,2,0
3339983,35670,4,1
3214740,21479,1,1
1754089,33228,13,0
2770916,30489,1,1
1737531,22969,30,0
336423,10061,10,1
779191,37335,25,1
819802,37646,13,1
168002,44632,2,1
2108361,17794,5,0
2876345,13380,7,0
2098794,22025,16,1
464218,16304,6,1
24778,14897,11,1
1573551,10677,9,0
2103650,5708,2,0
565392,35948,5,1
3179270,31215,7,1
2133560,1094,1,1
3303112,4920,6,1
1739738,16797,7,1
87914,13363,3,0
1464717,38844,17,0
748189,2825,8,1
140839,10193,8,1
3048832,4001,7,1
2156507,8021,5,1
2868191,26940,5,1
2460683,12341,14,1
1481108,30678,6,1
2689580,34320,5,0
2555851,5499,13,0
228658,21938,11,1
777964,40706,4,1
1651271,2562,22,1
1013005,30391,7,1
2137849,46667,12,0
747891,37067,3,0
270320,432,7,0
1990467,12341,11,1
153033,12427,7,0
890788,29487,5,1
301752,17461,8,0
2108361,15613,11,0
3299159,29615,10,1
3130206,9387,20,1
97868,22113,5,1
1731430,49683,15,1
1083181,37527,1,1
196354,38650,14,0
2016405,40348,2,1
1711527,260,1,1
111516,29615,2,1
2564447,26604,3,1
556236,10498,10,0
436969,16797,5,1
1077081,43122,5,1
1912518,35951,3,1
478112,40706,18,0
2414805,14668,5,0
1607229,21497,1,1
267491,22281,18,1
3275606,8277,3,1
2766533,32734,3,1
1739738,7751,27,0
1858384,3081,13,1
445115,31717,7,1
867610,32981,35,1
1246420,46676,8,0
1769145,24852,22,0
1635300,25332,1,0
1090807,33080,12,0
2825748,37849,14,1
827925,38293,8,1
757591,24852,4,1
2842283,36431,1,1
1988365,28993,1,0
1995094,42450,3,0
2701129,277,3,0
1379909,24852,18,1
2997645,30776,3,1
2223233,43154,1,1
1290822,20482,13,0
1257719,39275,4,0
691356,38108,9,0
2253870,47526,15,0
1708367,40310,16,1
1087344,47912,9,1
1288137,26209,4,1
1644017,5902,3,0
104688,46145,1,0
999822,31343,2,1
1953378,20760,13,0
1290822,45946,26,0
1090807,43086,7,1
1969820,45504,3,1
723854,29223,3,0
1945204,21131,8,1
1090427,37067,20,1
1104559,18531,12,0
777964,9122,3,1
1516617,24799,5,1
712453,6286,14,0
2600858,42664,6,1
1523038,27845,4,1
424567,12919,1,1
2154641,17794,20,0
1588323,31614,3,1
1515808,37366,1,1
1382360,17872,6,1
2893609,21137,9,0
3056599,2611,4,1
707995,30489,2,1
2360078,24613,7,1
551046,28785,4,0
310520,22298,22,0
2809547,22950,7,1
2567955,22260,7,0
2449351,35221,7,1
916795,8518,4,0
1990467,47630,9,1
2460683,7978,17,0
332084,11182,8,0
1392788,39993,14,0
401748,12276,4,1
2784192,49598,6,1
1634936,16083,3,1
2418508,35561,6,1
1565450,41166,16,1
2631301,39990,12,0
1744633,16325,8,1
2050816,45646,39,0
1090134,43154,1,1
1682682,37654,7,1
120566,4210,1,1
858265,40742,9,1
2209627,47672,2,1
56384,49683,1,1
314432,32689,12,1
1573551,46667,3,0
3106064,43154,7,1
3039231,14673,2,1
1232327,19731,1,1
134944,37718,3,1
1557429,39345,10,0
274693,42110,2,1
3159335,36214,2,0
2229411,12616,9,0
1651462,24852,1,1
509825,34448,4,0
1402703,32644,18,0
602715,8953,4,0
3030462,16349,2,1
2380442,46063,1,0
1965865,44461,20,0
1308278,13176,10,0
3238836,48299,7,0
1270865,33816,9,1
1988365,13119,9,0
1705383,37687,7,0
2410485,38273,10,0
3178992,6187,10,1
2889454,32683,11,1
1252827,21137,10,1
210638,49281,5,1
1536955,29662,13,0
73647,27565,4,1
1701939,30953,5,0
404164,34991,10,0
867998,22890,18,0
2041951,13873,11,1
3275606,40311,6,1
3125951,1063,6,0
2393611,24852,2,1
984136,21616,29,1
1934715,40604,4,1
409481,4605,4,1
750294,47000,2,1
1965865,38850,10,0
1989664,48230,19,0
333900,6489,8,0
2982082,13870,4,0
759087,10749,16,0
1176861,2135,4,1
1474388,18567,12,0
2993445,26209,10,0
2478624,34702,2,1
2868611,40516,21,1
3086719,13176,6,1
1644198,14491,2,0
1043033,4562,2,0
2282110,42824,2,1
2889454,43295,12,0
590255,41711,13,1
148866,31717,9,1
1480365,45,10,1
618261,1452,1,1
1868479,47141,4,0
3130206,10690,19,1
2814659,21524,9,1
1124874,24184,9,0
1780688,5876,9,0
684054,22328,3,1
1077625,26209,4,1
1580135,34487,2,1
1547907,10602,2,1
332084,32842,10,0
1357273,3469,9,0
2480065,38039,20,1
1644017,5876,6,0
1515808,853,7,1
24778,24186,7,1
2627826,21927,9,1
3410496,39993,18,0
1165962,14218,4,0
2082012,45007,11,0
2376926,4472,21,0
1671844,18926,8,1
2833445,3896,18,0
2359134,21903,18,1
2833445,25837,13,0
2397451,46676,8,1
3162717,30027,5,1
374148,4470,35,1
1155473,8424,13,1
1474388,34969,9,1
2319083,42768,10,1
2779441,13176,5,1
652209,21847,15,0
1550842,41565,3,1
2461427,28204,9,1
2993445,790,4,1
1815912,27086,15,1
464408,41963,7,0
2219353,1529,5,1
3279660,47209,9,1
2410485,47209,8,1
1845470,47931,28,1
1998208,40997,1,0
818092,6184,1,0
1252827,46979,11,0
2961194,1463,3,1
3017970,34358,4,1
81475,13176,4,1
686547,21137,9,1
882997,29398,15,1
3170244,18880,14,0
1886248,2228,2,1
2396536,4658,16,1
2428914,39275,21,1
1840937,3999,14,1
111516,37553,4,1
2181668,9648,3,1
3300995,40199,4,1
383311,36127,4,1
991772,11777,8,0
2555851,26668,9,0
2659697,1940,9,0
832587,3696,11,1
2078585,46484,18,0
3207271,6740,6,1
47552,39275,1,1
699269,20955,7,1
959395,4367,4,1
1064200,38456,22,0
27487,31163,6,1
2445119,11212,6,1
3168961,47492,2,1
2608193,25890,11,0
2007012,21616,6,0
864802,42265,12,1
769669,43961,18,1
1183675,43075,2,0
2498920,8758,5,0
1393193,44632,2,1
2600858,45443,16,0
180808,49271,22,1
231475,43662,15,0
3056599,37250,5,0
371933,6046,3,1
147343,44632,6,1
2942114,25801,3,0
1580135,16419,4,1
793717,22935,7,0
3089685,22559,20,1
211750,12719,13,0
1227437,1695,1,1
1742072,15785,2,1
2728477,12144,9,0
1669079,7676,3,1
936635,38890,5,0
882983,29487,6,1
2798028,32271,8,1
90825,48455,1,0
568908,30696,26,1
1879873,2552,6,1
2110658,47144,2,0
1845470,17650,16,0
237108,34969,2,1
2779441,7916,2,1
283421,42244,3,1
1586472,13984,12,0
264305,11871,3,0
2368746,31553,2,0
310520,29434,49,0
317655,20186,7,1
1257719,12341,1,0
3079208,15179,7,0
81475,4478,10,1
1012014,27258,1,1
2873566,37766,11,0
2607415,8013,2,1
192444,24852,2,1
819802,38777,7,1
2873566,21903,9,0
1402703,8204,11,0
1718682,43461,9,1
3089685,32959,13,1
1946763,28993,10,1
1711653,34584,29,1
984136,15591,2,0
1133069,11361,3,1
33785,28959,24,1
3363387,39469,21,0
336423,1138,40,0
3148338,24010,4,1
2968643,9020,6,1
568908,17858,14,1
1679047,13176,1,1
2571020,33827,9,0
2350937,31075,6,0
1481108,28682,10,0
2238376,30753,2,1
3363387,27554,13,1
2835751,47209,16,0
372017,13829,2,1
2363164,37250,13,1
188023,6962,8,1
237108,37524,5,1
1977792,24832,13,1
1605416,778,5,1
1271003,34466,2,1
1742072,24964,15,1
652209,26683,13,1
180808,38067,8,1
310520,43295,9,1
2807097,18479,8,0
314432,4920,2,0
1953378,24852,6,1
213817,44449,5,1
2363164,27958,15,1
228658,11481,9,1
2414805,24382,6,0
899039,47926,5,1
2007012,42244,4,0
2046208,6128,2,1
1711653,31433,23,1
2131610,11759,1,1
2156507,13452,19,1
2975449,25466,11,1
903107,47380,21,1
2246291,47766,8,1
859568,20247,1,1
1523038,30391,6,0
3375524,23341,4,1
676611,27845,1,1
1252827,22899,23,1
2567955,3957,8,0
525135,21137,12,1
984136,26209,4,1
1091347,33198,24,1
2377841,49236,1,0
1949159,45948,14,1
1077625,15290,11,1
173334,43154,4,1
2795874,34827,24,1
2246291,6860,13,0
1708367,45066,7,1
3419634,43545,3,1
343485,13712,1,0
1471750,43875,6,0
545645,8518,17,0
2250721,16953,4,1
2563762,35968,19,1
2019002,3744,8,1
3407187,32428,5,1
1357273,49683,3,0
2656647,37687,5,1
2461427,4605,7,1
1603437,22497,7,0
3415417,11827,12,1
140886,16797,3,1
1858627,27729,7,1
1104559,8518,11,0
2457821,30809,31,1
436244,41694,3,1
2207639,44683,7,1
2342655,40646,9,0
595124,10957,1,1
3371770,45061,5,1
2932939,32710,26,1
2120886,10421,10,0
1894752,28289,5,0
1077081,43789,8,0
2012554,24852,7,1
2130140,49236,7,0
2889454,32465,7,1
1754089,30183,15,0
3006370,24385,5,0
1121318,13535,27,1
987279,6020,16,0
280254,37464,33,1
1947128,10243,9,0
228658,18918,14,1
545902,20114,2,1
3343386,14903,12,1
700878,20632,8,1
763355,21137,1,1
1725202,14947,9,1
491724,5025,8,0
827925,38694,9,1
1683669,47365,17,1
738520,13176,3,1
1983311,13598,4,0
770584,43867,3,1
1058493,7468,16,0
3322557,33924,5,1
763355,15123,12,0
125527,39545,18,1
2959404,30391,5,1
125527,44560,9,1
1384155,436,2,0
1759819,28038,24,0
1208538,21543,1,0
2825121,34969,4,0
1233999,23879,2,1
755030,22507,3,1
1543723,24852,1,1
928387,9327,13,1
3415417,31848,23,0
3087033,48075,12,0
3323641,31562,13,1
87914,44359,7,1
2354398,36735,2,1
1661890,36082,8,0
2919525,7559,7,0
1147586,20786,14,1
349684,28836,7,1
1995094,25407,4,0
2427011,35628,1,1
2238136,46654,3,1
309543,32177,2,1
1332924,260,4,0
1375389,34126,31,0
1822335,35652,2,1
926869,18811,1,1
414029,28199,10,1
748189,41149,9,1
859568,11777,2,1
1815912,15902,18,1
737090,41461,5,0
1297444,28535,2,1
1941179,26505,7,1
1800023,24852,7,1
559249,8803,1,1
2671607,42830,25,0
2868058,47141,3,0
1270565,25357,2,1
3048832,17872,15,1
1747590,35165,6,0
1845470,13249,2,1
2784192,881,12,0
1455635,46962,23,0
76443,44142,2,0
2795874,20959,1,1
1465229,23288,2,1
1340870,33303,2,1
2993445,10246,3,0
3119375,2668,6,1
2497140,43122,21,1
32916,24273,10,1
712453,10749,4,1
2027167,13870,7,1
2902983,9604,7,1
345699,25283,6,1
1172424,10724,19,0
1845470,39649,37,0
2889454,34358,8,1
937452,40501,19,1
1468913,28849,12,1
1857438,44193,1,1
2689252,11123,13,0
2877607,34000,11,0
1406269,3376,4,0
449989,40139,9,1
525318,47141,7,1
19739,4514,2,0
1671844,21903,11,1
74625,30391,9,0
476247,43961,4,0
2717830,31553,18,1
47041,18531,6,0
2404972,44987,7,1
1946763,14168,12,1
414029,27104,11,1
1387411,28299,5,1
2489757,20788,1,0
443247,13870,5,1
2318060,41590,1,0
2841323,31553,9,1
700878,39475,2,0
3367172,47626,3,1
148866,21405,8,1
1742072,13110,13,1
2554464,2010,9,1
2734580,5818,2,1
1227572,41290,9,0
1140230,14114,11,1
2009922,44548,7,1
426262,47755,5,1
2053562,47766,5,1
1739738,43229,25,1
3185505,39708,5,1
2988047,13936,16,1
1371837,30442,15,0
1676102,8007,1,1
732000,30391,4,1
2437216,30539,2,1
677294,13176,5,1
464087,13259,8,1
2932939,22959,5,1
1090832,47993,2,0
2877607,45835,16,0
1657563,30450,14,1
1781025,33055,6,1
858265,43772,14,1
2421891,21903,1,1
2255970,10525,8,1
366041,13431,1,1
3171063,9124,8,1
2866527,37212,3,1
1133069,35173,4,0
2461427,1025,13,0
2376926,24852,20,1
144193,12792,9,1
3148389,18880,13,0
1988365,25093,13,0
1360843,47521,23,0
1232327,36342,10,1
299547,5876,3,1
3159065,39877,11,1
59628,9020,2,1
2319083,20114,22,0
46409,9956,12,1
984136,27966,18,0
3323641,42736,5,0
3322409,21405,9,1
1465989,8736,18,1
2485732,28204,2,1
374148,27323,26,0
3246286,49610,4,1
2628112,16290,13,0
85804,14715,1,1
1580895,32241,1,1
1676102,19820,6,1
1284652,42443,1,1
2696681,42265,12,1
2779437,24810,12,1
497500,27104,12,0
614367,6655,2,1
1257106,27959,5,1
401748,11710,6,1
410902,21267,33,0
508989,10840,7,0
2491906,17484,8,1
523965,42796,6,0
1740558,7478,6,0
2631301,23375,15,0
2517956,2639,1,1
1899083,33636,10,0
3407187,13920,11,1
2961194,36011,5,1
1197569,28489,2,0
122891,19003,4,1
1657563,3460,9,1
3178992,39550,8,0
1316576,17794,3,1
1313934,38159,11,0
2689668,33909,1,1
3303112,46969,10,1
1739738,16953,4,1
1441461,13535,4,0
1917563,47357,8,1
1227572,42265,1,1
2893609,20842,8,0
2776754,7503,1,0
414029,24852,20,1
1781025,5322,12,1
1676253,27966,4,1
1172620,46931,3,0
2439875,39640,11,1
3272670,13629,9,1
1308278,18659,1,1
1899313,5566,9,0
3278532,35535,6,1
2559979,38689,4,1
1607431,24838,2,1
2798445,15351,7,1
1233999,10385,11,0
2889454,38739,5,1
660187,48720,1,0
400576,27695,5,0
167185,4853,6,1
1476041,46041,30,0
777036,20378,17,0
832587,33655,3,1
629227,9839,22,1
1279771,36933,5,0
1702465,40706,15,1
916795,22935,3,0
3144865,2449,7,0
1744633,31717,3,1
3140263,13176,1,1
2659697,18659,22,0
2627826,44570,10,1
2905646,16965,9,1
2902983,30776,6,1
2531749,23282,12,1
2207796,40593,5,0
590255,37999,17,0
2690791,24852,4,1
2399369,15392,7,0
2078585,38395,5,1
785385,4605,12,1
2437216,18673,7,0
3279181,8959,10,0
1905959,27299,2,1
1232327,25588,13,0
2464931,17902,8,1
832587,4846,28,1
626215,37418,5,1
1644198,30949,7,0
335109,28842,2,1
415554,3007,35,0
1644017,28357,1,0
1379909,21616,13,0
1379909,17872,7,0
2959404,14218,6,1
2965401,11777,4,1
915979,45948,2,1
33785,45066,21,1
90985,39411,3,1
2105603,25890,1,0
2424254,49683,3,1
3159065,21137,13,1
2126836,39688,5,0
809920,32277,16,0
1483950,769,4,1
226192,35909,17,1
1175871,27104,4,1
2602164,21903,1,1
1742072,27730,3,1
1621444,2966,8,1
2656647,47626,4,1
2793915,30169,16,0
1889679,38777,14,0
1409734,5296,15,0
3242636,226,7,1
2025409,21267,25,1
2376926,4920,23,0
1335462,24372,6,0
1441461,12078,7,0
374148,7988,12,1
1483567,39475,3,1
1530932,19057,7,1
2480876,29204,5,1
1716383,28985,3,0
1961020,46906,5,0
2530803,13966,13,0
1310901,29223,6,0
1988365,33490,11,0
2795155,13819,16,1
2766627,17679,2,0
310520,21903,33,1
284437,8639,19,1
59628,49112,6,0
864802,47788,10,1
2363164,24392,3,0
2545747,1194,6,1
159485,31066,22,0
3037228,47766,2,1
3171285,23102,1,1
500678,17652,2,1
2473729,13176,2,0
2033904,32864,23,1
2517025,42495,13,0
464218,31265,10,0
1565450,25582,11,0
1356160,22935,13,1
2297930,40706,25,1
1498305,30309,10,1
1131189,17949,1,1
1702465,24184,13,1
711923,27945,1,0
3286478,36412,1,1
2199947,18963,3,1
530658,21903,5,1
2050816,47766,20,0
2795874,48455,10,1
2009922,47570,3,1
1745499,17872,6,0
3032311,14947,8,1
1651271,4656,18,0
56384,41757,13,0
1249817,32052,15,1
823366,30391,15,0
906163,35140,23,0
1079090,11075,20,1
1172424,39739,20,0
478112,45066,12,1
1785631,11507,6,1
1941179,18285,11,1
3071827,25879,5,1
2420073,47008,6,0
769669,6187,4,1
1406269,22008,3,1
1800023,38739,10,0
358895,27344,24,0
2791414,17700,5,0
2420073,26079,14,1
1965865,45656,14,0
1271003,34126,9,0
2363164,13194,6,0
1064200,11777,23,0
3130206,39947,16,1
1295441,27966,10,1
1845829,39275,8,1
1246420,13176,9,1
723854,37687,1,1
153877,28058,5,1
2517025,37377,5,1
2376926,14332,18,0
1369416,35042,24,0
1279771,46550,6,0
479124,42450,8,1
2011953,33352,11,1
1964718,5212,5,1
525135,35696,20,0
104688,32160,9,0
32916,5513,6,1
1651462,13225,15,1
755030,38768,4,1
310846,8518,2,1
1173240,15290,12,0
996728,24850,11,0
2060943,13176,1,1
56384,36940,6,1
3279181,49235,2,0
858265,9736,7,1
2824989,40394,7,0
1060550,3007,4,0
2050816,31469,14,0
3218966,29487,3,1
793717,13176,1,1
1052714,29487,22,1
1529257,39475,4,1
2191145,43875,5,0
699269,9076,9,1
926869,39928,12,1
3119375,35727,5,1
879635,39928,2,1
937452,389,15,0
2394392,21903,3,0
24778,1159,20,0
1221895,21376,6,0
677294,47209,7,1
497500,23801,9,1
1740558,13176,3,1
68219,6187,2,1
783505,49610,2,1
1839858,17355,3,1
1815912,41177,3,0
1494987,13176,1,1
410902,32689,8,0
1043033,13529,1,0
340663,46979,13,0
2429837,15153,3,1
512157,20156,10,0
525135,19019,2,1
1032465,13176,2,1
1471750,34134,8,0
1676253,21137,29,0
2380442,37489,6,0
882997,162,25,0
371933,24964,8,1
759988,28849,14,0
386283,12909,9,1
1512816,7500,7,0
2185930,21709,6,0
1090427,40233,14,1
2599300,39699,13,0
2642472,44765,4,1
1064200,235,19,0
206205,46946,11,0
795216,10374,7,1
840808,19679,4,1
2495611,45541,7,1
211762,25706,6,1
1753259,29344,21,0
1586472,15872,4,0
1711653,24852,2,1
3303112,21137,4,1
97868,30391,6,0
1070297,34429,2,1
947646,13733,17,0
1134927,39275,9,1
1634936,39275,12,1
2282529,29487,32,1
1977792,45961,1,1
809920,23734,4,0
283421,25890,4,1
1052714,47626,21,1
148866,5640,4,1
2167266,6970,9,0
1082064,35336,10,1
1711653,21137,7,1
410902,28842,15,1
497500,44987,19,0
153877,13176,3,1
1170256,33368,12,1
1752226,33452,13,0
262833,13740,14,0
68408,8174,5,1
2563762,46676,7,1
937452,5031,18,1
3029879,45957,4,1
1648905,27966,9,1
2835751,8955,21,0
1690886,32230,4,1
3004791,3843,8,1
2480065,2966,14,1
3404430,38293,8,1
1332924,24852,13,1
2229373,23909,2,0
2671033,7147,4,1
1912518,42585,1,0
2206403,25146,2,0
779191,16797,20,0
1379909,13984,19,0
1424875,44422,14,0
107974,13646,3,1
826013,27086,5,1
1650972,36551,9,1
284437,5750,7,1
3126243,28051,6,0
254415,15359,3,0
1356160,30252,10,0
3267757,18531,3,0
310520,33043,1,0
1696797,27323,17,0
2942114,46833,2,0
2696681,47630,3,1
2399369,46045,10,0
2298080,30041,12,0
995368,41844,6,0
509825,43662,9,1
2498335,45946,9,1
1058493,9470,8,0
3185505,48559,7,1
915979,34448,6,0
1480165,7346,7,1
2380346,22952,15,0
411595,49235,13,0
1418913,45253,1,1
882983,21903,7,0
2359202,23043,4,0
2025409,18171,6,1
2815894,9623,1,1
2208428,22035,13,1
85974,24838,2,0
1340870,15616,1,0
2998363,45007,6,1
2893609,44548,23,0
1471750,20734,21,0
3006370,13640,3,0
2615970,28836,9,0
534151,39581,4,1
2993445,16249,11,0
2880673,40078,2,1
3228592,22315,18,0
1377891,47626,3,0
1040679,46650,7,0
1696797,18019,7,1
2766627,42625,8,0
125527,31087,19,1
340663,24852,20,1
905844,35951,5,1
1362942,39963,6,1
3218966,1160,10,1
2809547,9839,1,1
1288137,10017,9,0
857255,46107,16,1
651025,12872,9,1
1941926,2295,5,1
1740558,30027,9,1
2297930,38118,13,1
3118619,16953,12,0
657357,5077,5,1
142507,4736,11,1
702422,2295,14,0
2053562,32155,12,1
1494987,17027,4,1
1845470,27761,14,0
81475,17874,15,1
2779441,14267,6,1
3029205,27690,10,1
712453,11109,10,1
516142,29311,12,0
2942114,28985,1,1
2085383,29079,2,0
1274211,3793,9,1
199346,24184,4,0
2534756,42265,8,1
3119375,12144,9,1
280254,30391,5,1
2480065,27845,6,1
2615970,26397,1,1
3178992,25753,14,1
101598,43467,8,0
1716383,5818,15,0
793717,7021,9,1
508989,44310,4,1
1465989,4313,13,1
1828527,5646,17,1
678310,36316,1,1
684121,21501,6,1
1316718,13870,2,1
1683669,34262,11,1
2877607,12035,14,0
2584332,42828,9,0
3322409,1468,19,0
51913,28071,7,1
3309959,8076,10,1
1838090,5785,7,1
882997,43961,5,0
2681092,960,7,1
649782,38444,9,1
534151,23431,5,1
2480876,9076,7,1
69847,31634,2,1
1080826,32099,7,1
813117,13031,2,0
525135,7503,18,1
1676253,8204,18,0
1165962,25890,3,1
494872,4597,2,1
3171407,12232,12,1
1753259,11121,19,1
377315,34126,10,1
2734430,17572,17,0
2428914,47830,3,1
2763318,18840,4,1
162182,24852,2,1
676611,31623,4,1
1249817,47626,17,0
1316576,8518,1,1
464408,44116,11,0
2457821,16235,10,0
130722,45535,18,0
1080826,49652,2,1
1498859,25197,11,1
1214991,20114,6,1
3367172,12975,13,1
210638,29345,4,1
1290822,20323,21,0
2902983,13640,15,1
1052772,38840,8,1
1945204,36331,2,1
70932,21137,6,1
1990467,46906,4,1
3130853,11361,1,0
676207,31717,6,1
448423,41960,4,1
2380346,2151,9,1
676611,4799,10,1
2271176,19706,3,1
2556933,16303,1,1
2773969,32160,20,0
85974,28204,7,0
1058493,37766,12,0
1917563,45064,14,1
1176861,44756,15,0
2844368,44172,2,1
2397451,3919,2,0
130722,42736,5,1
2766533,41690,4,1
677294,21616,1,1
1040679,26520,2,1
2880744,5640,8,1
2835751,12206,19,1
68219,5785,1,1
723854,10441,8,0
1661890,5258,14,0
449989,47626,11,1
1651271,17634,23,1
1109880,19019,1,0
33785,7898,13,1
2734430,19180,8,1
1676253,33957,22,0
1989664,33120,2,1
1800023,44008,1,0
1949159,22935,2,1
491724,27156,5,1
1941179,3512,32,0
1249722,39190,7,1
2397451,812,6,0
1941926,13263,2,1
1090427,10385,9,1
283421,38273,1,1
2988047,25461,5,1
188023,23405,20,1
1392788,47772,5,0
3178992,11005,5,0
2784192,20364,10,0
1414318,1848,4,1
1781773,45007,3,1
3159335,24852,5,1
1105774,46787,8,1
104688,31248,6,0
516142,17795,6,0
750294,37766,6,1
2779441,16797,4,1
1230334,44987,18,0
1109826,4116,16,1
899039,6855,8,0
2098794,9092,7,0
464408,928,13,0
1060550,13519,15,1
772549,4374,9,1
1912642,8079,4,1
650147,44697,6,1
2401188,13176,6,1
1476041,49354,11,1
386283,13627,22,0
2789499,20114,1,1
1846047,24852,10,1
1463803,24852,9,1
1828527,7753,18,0
2642501,19508,17,1
371933,34525,1,0
47552,9076,10,1
572658,26751,7,0
2253870,12341,7,0
3006370,38689,2,1
1455635,37288,33,0
343485,49416,12,1
1682682,17341,18,1
125527,39380,6,1
1371837,24852,1,1
2631301,9124,1,1
164214,36472,3,1
3114739,28079,3,1
1045353,48220,18,0
2290762,25134,4,1
2046414,5607,5,0
2359134,8424,5,1
2615970,20244,4,1
857255,40256,2,0
2615970,17616,12,0
1284652,29732,10,0
785488,40604,7,1
48038,26227,3,1
2120886,27994,14,0
1254254,20940,1,1
3406316,45066,8,0
1163594,35871,2,1
410902,13085,36,0
2158709,42987,11,1
2164338,5818,1,1
1238015,46321,16,1
3130853,1405,13,0
500705,38539,5,0
3411798,27521,9,1
1788324,18465,11,0
1371837,30489,2,1
2382288,22476,5,0
1173240,28842,15,0
1424875,12276,6,1
310520,30630,6,1
683065,9038,11,1
2787322,4920,10,0
3370725,5479,3,1
1790126,4347,10,1
906163,30391,4,1
645821,22038,5,0
2371282,49683,4,1
769669,27156,5,1
3232232,37646,1,1
2688053,14502,20,1
2414805,13951,2,1
683065,20842,7,1
1546802,35899,7,1
545902,28993,10,1
445115,9020,4,1
700878,36685,7,0
1175871,8021,17,0
2084838,29127,12,1
2593935,27344,6,1
2275444,25138,4,1
629227,22935,17,1
3322409,6813,17,1
1469840,48377,7,1
2380346,20197,4,1
384530,23288,16,1
713135,47144,9,1
699269,43632,13,0
545645,40706,13,1
1335079,18198,2,1
3414214,24964,18,1
372017,26497,7,0
1087344,45615,5,1
2130948,28745,9,0
1052714,21386,19,1
2824989,13245,16,1
2929106,47209,6,1
1424875,47766,2,1
467797,34050,2,0
171574,329,14,1
2278915,30391,8,0
1965865,21484,11,0
81475,20406,8,1
167185,8174,21,0
2202159,13176,2,0
1369416,38278,28,0
1476041,20711,2,0
1151977,21137,12,1
386673,27012,17,0
1385193,13641,5,0
2200793,5771,9,1
196354,49383,10,1
3052449,34466,3,1
3169755,18988,1,1
130722,12779,15,0
1716383,43014,11,1
1332924,449,1,1
27487,7146,4,0
1845470,15221,3,1
712453,30391,17,0
1903418,449,3,1
411595,10749,6,0
1769145,31683,7,1
607499,10853,13,0
1727430,5258,4,1
1230295,13535,1,0
2303859,7926,6,0
1051559,23915,7,1
3156699,28289,11,1
1339862,36919,25,1
3367254,33950,22,0
1282203,10246,7,1
2095540,47734,3,1
1097707,5785,9,1
1049654,41117,16,0
764341,31964,1,1
2868191,47209,4,1
2158709,13819,31,0
1988865,3843,3,1
142507,38218,3,1
3218966,27020,13,1
399528,41950,3,1
3322557,24852,6,1
374148,29392,34,0
2179555,31343,3,1
1565450,9175,19,0
700878,11441,11,0
2560500,34262,5,1
2295939,19087,9,0
864802,29675,6,1
1064200,13944,4,1
974654,39121,1,1
1504514,8309,8,0
556236,29244,7,0
2399369,41950,18,0
1769145,38563,14,0
1963154,5727,4,0
1238015,25128,8,0
3134942,43122,3,0
2102312,20015,1,0
3170244,28849,11,0
1744633,26209,2,1
284437,11009,23,0
2428914,33480,15,1
838496,35628,6,0
1339862,47866,24,0
2401188,41290,18,1
2019002,40825,17,0
1764235,1360,20,0
823366,24838,3,1
3071827,49018,7,0
2498920,5450,17,0
111516,30960,9,1
882714,22935,6,0
94677,33768,4,1
937452,30391,11,0
857255,20082,1,1
416161,35600,3,1
3202236,28634,5,0
906163,29987,11,1
1543723,25885,4,0
449733,15780,2,1
3130206,42972,13,1
1731430,27104,1,1
1360843,26168,3,0
2893609,24830,6,1
1339862,31040,23,1
2642501,12276,2,1
1156256,36070,24,1
998879,37158,2,1
2359202,44632,3,0
2009922,12332,8,0
984136,28985,10,1
812827,28521,18,0
1776897,44142,4,1
1780688,19057,6,1
3079208,11005,3,0
3171407,49341,21,0
2599300,14678,14,1
155892,42240,4,0
1776897,13525,3,0
1763074,41950,3,0
545645,13166,6,1
491724,21508,14,0
1512816,19376,2,0
3071827,45603,2,0
392223,5210,8,1
3278532,26940,7,1
867610,43504,12,1
1613960,13176,1,1
1523038,36724,14,0
2250748,22053,1,0
886188,48364,9,1
1858384,24852,11,1
393,12341,5,0
676611,4600,12,0
299547,44910,2,1
2604622,14970,9,0
2158709,5134,25,1
2530803,5198,15,0
1676253,26604,11,1
415554,46352,29,0
947646,39475,5,0
497500,48795,8,0
1516617,10840,9,1
2671607,14114,3,0
785488,20345,13,0
2078348,33198,2,1
2809547,47626,27,1
2985264,24838,2,1
1789088,8929,14,1
922083,42735,4,0
2167266,15675,8,0
2620231,29902,2,1
140839,5025,7,0
478327,19250,11,0
482685,44371,5,1
2893888,7252,5,0
2868034,28199,4,1
1327473,21410,4,0
1371837,42557,4,1
2371282,45535,22,1
55435,30011,16,0
228658,45106,15,1
1945204,28157,5,1
1079090,49352,4,1
330860,44632,3,0
2397308,670,1,1
1737531,21903,20,1
3171407,32394,18,0
2350937,37442,2,0
2098068,16616,5,0
2429837,16932,9,0
590255,33122,11,1
2906880,11821,4,1
1172424,13733,15,0
343485,10749,26,1
1117104,16759,9,0
2041951,25346,7,1
2498335,31506,6,0
2921844,15576,10,0
3189826,9736,2,0
386673,12206,3,0
2626608,31506,1,1
2033904,3599,27,1
1360843,14778,17,0
3278532,21903,2,1
47041,23543,8,0
1328446,43352,2,1
2785172,11182,6,1
109143,12058,11,0
414029,43352,25,1
2295295,33000,2,1
1301869,2962,3,0
2656647,45504,1,1
2487759,42421,6,0
2378374,95,2,0
2659608,6873,3,0
919796,39408,9,1
3300995,24852,7,1
1518716,29792,6,1
965870,11777,7,1
1651271,20842,20,1
1051559,37795,6,1
111516,4565,5,1
2205439,3512,8,0
3333096,12276,13,0
1288137,39475,10,0
2253870,43352,4,0
1434437,40417,12,1
2893888,12899,4,1
2773969,26348,9,1
1012014,20528,2,1
2602164,10603,10,1
24778,18048,2,1
867610,13166,1,1
1282203,20385,16,1
916795,14633,9,1
3279181,44479,6,0
3419158,45356,4,1
2133756,5603,8,1
254342,21616,2,1
1210519,21137,7,1
1362942,17322,11,1
1557429,40706,2,0
968730,22144,6,0
386283,32644,18,0
3106064,20754,8,0
1249722,48775,10,1
2627826,28721,5,0
867998,28449,12,0
2019002,19915,11,1
2696681,18027,17,0
1983044,10132,5,1
2449351,35369,1,0
1788324,31727,3,0
1740558,23165,4,1
1375389,33401,23,0
3411798,44204,11,0
343485,46667,33,0
556236,45322,5,0
1450099,41787,4,1
2639837,45,8,1
1414318,33827,2,1
3338267,33120,1,1
2429837,39275,8,1
3396111,6003,16,0
2795874,3390,29,1
1060550,48023,18,0
2282529,25043,20,0
815342,44781,3,1
1483567,4957,8,0
2773969,41434,10,1
2033904,9550,19,1
226192,16020,14,0
109143,45066,13,1
1845042,36326,1,0
1738170,48523,1,0
254280,44042,2,1
384530,5024,14,0
2130140,32035,8,0
1104559,26209,10,0
1083906,28842,6,1
1759819,32864,33,0
522396,26620,21,1
2160534,36869,7,1
1701939,29672,1,1
764341,49279,22,1
2018860,21616,9,0
113486,41488,6,0
130722,24852,3,1
1360843,45537,4,1
828278,11870,7,1
2989158,30204,3,0
90985,21137,5,1
6601,38889,8,1
2928528,1999,6,0
1754089,47357,25,0
478112,16185,6,1
1155473,29675,20,1
1989664,25931,9,1
828533,48900,4,1
1455635,13176,1,1
1768015,25623,3,1
3367254,42460,11,1
2600858,5450,1,1
1091897,21137,6,1
586497,21137,8,1
2807097,22920,9,0
1913844,12686,2,1
1769145,21955,15,0
1465229,42557,17,1
2868611,18288,2,1
2053562,17830,7,1
1064200,43183,30,0
478327,32255,16,0
3171285,38557,8,0
488480,48036,17,0
1673670,24964,18,1
62539,46676,5,1
555343,46979,5,1
1749896,5025,21,1
2371282,29987,11,1
1228213,4605,1,1
1873651,8744,51,0
764341,37145,16,1
1382360,48946,11,1
426262,35503,1,1
73647,36266,5,1
246129,27521,4,1
3174249,36481,3,1
3030462,30169,6,1
3087033,19057,16,0
2282110,34126,3,1
164214,43721,2,1
2550592,20955,6,1
2156507,12419,13,1
992989,40593,1,0
1536955,14221,7,1
3147849,24852,11,1
2480065,432,11,1
494319,5077,2,0
3004791,15887,12,1
3410496,722,5,1
2017680,5296,2,0
199346,6615,7,0
1988865,24419,6,1
2612566,19660,4,1
1070138,46820,1,1
1794436,24852,6,1
1371837,24561,11,0
2837244,15610,5,0
120566,5884,6,0
1051559,10734,11,1
1156256,27966,28,1
330830,16616,6,0
276016,15094,3,1
1231050,25035,20,0
751704,34582,2,1
827925,3952,7,1
1294036,5646,6,1
464218,32748,5,1
864802,2326,15,1
1980091,18362,2,1
699269,26040,11,1
76443,48745,1,1
450065,36418,9,0
2480065,7412,1,1
1845829,22935,7,0
3419634,44997,14,0
2616549,45066,3,1
835893,21405,7,0
3039231,11233,13,1
226192,47070,1,0
1884234,21137,6,1
2259301,19604,3,1
1845470,20561,30,1
414029,17691,18,1
1313934,40706,7,1
1572139,27730,7,1
1176918,44547,5,0
1934715,36287,14,1
2158622,8959,1,1
2297930,42244,32,1
2906880,15290,14,1
2717830,47626,20,1
180808,9869,13,1
1023988,8671,4,0
882997,27966,7,1
2497140,41540,14,1
485332,788,1,1
1480165,33919,5,0
1017916,45544,7,0
211750,26209,6,1
3367254,36956,27,0
237108,6292,3,1
1650972,6052,7,1
812827,1215,17,0
1117104,8518,4,1
2798028,34862,10,1
1748458,17313,1,1
2951304,23909,2,0
2498335,21938,8,0
2371282,47766,8,1
545645,13176,8,1
987279,12703,6,1
1384155,6287,9,0
772997,32689,1,1
1488296,35461,2,0
916795,5077,7,1
1840937,47144,3,1
2052149,34243,9,0
65818,10603,4,1
226192,8572,6,0
374148,36066,32,0
3415417,34027,17,0
2401188,48007,13,1
2688053,14897,27,1
3196061,7781,21,0
443247,14289,8,1
2773969,14414,5,1
107974,11005,4,0
55435,47888,8,1
476247,2082,11,0
2414805,5296,13,0
1159468,47301,2,0
1989120,43129,2,0
2633981,16252,1,1
679841,2295,3,1
404164,47209,1,0
2498920,11777,14,0
1828527,22035,12,1
1794436,8518,8,0
2181796,33741,1,1
3218966,15359,23,1
2877607,29867,10,0
3246286,9122,3,1
2094728,43352,11,1
751714,41657,1,0
3266888,4001,3,1
1170256,45763,1,1
1711653,9825,16,1
3414214,32864,12,0
374148,41062,37,1
3266888,12980,7,0
1175871,11520,2,1
3130206,49610,30,1
1486828,19145,2,1
1097707,1463,10,1
171574,46667,3,1
2019002,13284,9,1
1109826,45645,17,1
2188005,38772,16,1
357882,32030,16,1
1476041,28199,6,1
2833445,13646,11,1
2342655,22504,5,0
2824989,16961,12,0
874923,40634,5,0
2560500,13176,4,1
502962,16797,8,1
1402703,20995,1,1
2048259,17526,6,0
1147586,1940,5,1
974903,20345,5,1
1395773,26209,18,0
1754089,26321,6,1
565392,39108,6,0
699269,47759,8,1
3384204,23543,4,1
2248198,1293,7,0
113839,6046,5,1
1753259,13870,9,0
3419435,27845,3,1
2559979,11941,11,1
2419939,22035,5,1
1050041,34608,2,0
1969820,24852,1,1
1246420,30461,5,0
3179270,49533,9,0
2779441,41220,1,1
2073675,28993,10,1
423042,16848,7,0
757837,36665,3,0
2282529,691,19,1
142507,34533,10,1
2928528,16823,2,0
33785,21925,3,1
1151977,42174,16,0
1826981,37418,1,1
1022964,21115,9,1
2473729,28123,13,0
1279171,28204,7,0
3363387,27548,25,0
884290,27663,5,1
2784427,47766,2,1
1183675,22716,4,0
1412551,32429,7,1
33785,45061,5,1
522396,16273,7,1
450065,5618,5,0
3363387,25630,15,0
228658,27845,2,1
2137849,22567,9,0
2378374,4461,13,0
2656647,5065,2,1
1912518,13176,10,0
74625,28985,3,1
356781,46654,6,1
139320,5450,9,1
2457821,27145,19,0
1392788,47144,3,0
33427,47672,15,0
2380346,13909,14,0
2857450,5067,7,1
2793915,26668,14,1
192444,19046,10,1
262833,37080,3,1
442153,48527,8,0
1988344,42736,1,0
1481108,47766,1,1
2502010,24852,1,1
1097707,42701,6,1
3371845,30489,3,1
3363387,24852,3,1
415554,43788,32,0
555343,48802,2,0
1121318,24976,23,0
1521227,8174,11,0
1654843,13176,7,1
136621,4605,3,0
879635,4472,3,1
478112,47630,4,1
2642501,22534,15,1
1685107,41453,4,0
772797,25890,7,1
763355,27966,7,1
2016405,10673,12,1
58438,20502,6,1
2025409,47766,12,1
676207,24184,5,1
478327,5438,13,0
476247,21137,7,0
742608,48745,26,1
338988,16083,14,0
1976060,1202,3,0
2688053,25825,28,0
328745,47914,9,0
1090427,36914,16,1
142507,40136,6,1
2120886,45,17,1
2584332,13176,4,1
2636642,27344,9,1
2418508,8571,2,1
3185505,38739,4,1
1657563,35221,6,1
1168535,43789,3,0
1022964,40815,16,0
764341,7693,24,1
3119375,17979,23,1
210638,20114,2,1
753317,47766,2,1
3169755,4163,9,0
525318,46979,6,1
1941179,40261,9,1
947646,37120,6,0
55278,5206,22,0
3309959,8193,2,1
2246291,19677,3,1
1873651,36322,52,0
999822,42265,7,1
2784192,26559,5,1
1409734,890,7,0
676611,1349,11,0
3380494,5206,6,1
2437216,47141,5,1
2158622,18465,9,0
1669079,33560,9,0
2229373,36624,3,0
1170256,8390,10,1
2310286,5373,5,0
3315383,39464,3,1
2103650,4605,3,0
1402703,43772,5,1
2378344,5493,10,0
466910,8518,3,1
386673,23288,10,1
3410496,17505,21,0
472154,782,1,1
384530,4605,12,1
3373457,5858,6,0
167185,26940,20,0
1044651,44097,16,0
2766238,45106,14,0
90627,30327,9,0
1644198,1443,4,0
464087,21137,5,1
1737386,27413,7,1
3035695,5456,3,1
2943385,3873,2,1
1176884,28535,14,0
3050656,42265,5,1
2530803,35171,6,1
2371282,32201,1,1
407922,46650,6,1
2282529,46226,1,1
373658,13176,2,1
1671844,47087,5,1
1884219,17706,2,0
3068101,21955,10,0
1284652,45066,4,0
192444,27156,3,1
2998363,31506,11,0
1238015,31663,19,0
1434437,30884,17,0
2050816,31612,27,0
2932939,100,30,0
1233999,38419,19,0
232274,1744,7,0
3396089,33754,6,1
464408,29971,2,0
1988365,39993,16,0
859568,39024,4,0
1409253,19730,8,1
1385193,11492,2,1
2319083,28842,24,0
81475,8230,11,1
1121318,46979,14,1
1155135,1879,1,0
1091897,25005,20,1
9059,6758,3,0
148866,24852,1,1
608475,29077,4,1
2018860,19057,8,1
1060550,38647,2,0
886188,33184,5,1
1070823,6873,1,0
867610,45123,32,1
1800023,27966,14,1
2342655,3957,13,0
1282203,27845,13,1
1498859,5479,16,0
2616549,1234,1,1
1724093,16797,2,0
3345931,24221,10,0
69182,48205,6,0
2430243,31553,7,1
1759819,2966,11,1
3275606,21137,7,1
839147,39162,4,0
284437,31433,8,1
1739738,40332,6,1
2792577,44116,6,0
1319390,17530,19,0
1711653,22367,8,0
1471750,48364,14,1
393,6184,2,1
401748,39005,5,0
3121015,23888,1,0
1360843,39527,1,1
2130948,43961,2,1
858265,24838,17,1
1711653,34262,26,1
1468913,47740,11,1
1097707,42445,2,1
1159468,4696,3,0
972664,40742,3,1
2399369,16757,6,0
2784192,6182,1,1
649782,47209,4,1
509825,34049,12,0
79331,23342,2,1
1903418,18978,8,1
1945204,48440,1,1
942724,17794,3,0
85974,23763,13,1
1889679,8670,11,1
1965865,14005,5,0
2807097,27104,5,0
3167642,38689,1,1
2414805,17252,11,0
2761981,48595,6,0
1376096,37374,3,0
1577438,16747,7,1
1040679,41022,15,0
1455635,25340,32,0
2315587,43122,7,0
1049654,36364,1,0
1650972,37798,4,1
2975261,45668,1,1
1873651,31683,2,1
3322409,30391,14,0
2902944,31506,3,1
298442,31717,2,0
1801142,27267,6,0
3202236,9433,9,0
1565450,12945,14,0
1287180,33677,2,1
1282203,329,14,1
292489,5491,11,1
2700350,42632,1,0
2399369,16290,9,0
2368746,45638,7,0
155892,8671,6,1
2671607,24273,7,0
2563762,28204,14,1
1715870,3585,2,1
2824989,46654,11,0
188023,24852,3,1
712453,27966,6,1
1319390,33198,16,0
2920031,31717,9,1
1708367,31635,5,1
2359134,31444,3,1
1156990,12341,1,1
2226626,34044,2,0
991772,19977,15,0
2427011,4605,4,1
386283,43389,16,1
1058493,4817,9,0
2868034,1463,2,1
2733134,17794,16,1
336423,44920,5,1
3283228,16349,9,0
2033904,9604,9,0
531970,16647,11,0
2121022,23291,3,1
1045353,31915,10,0
2050816,22025,2,0
2290762,33754,3,1
1265766,19057,7,1
1465229,28289,5,1
565392,32156,7,1
812827,17898,3,0
1313934,19895,12,1
1949159,8518,20,1
3232232,24852,2,1
1536955,10518,4,0
757837,26604,8,0
2377841,4210,4,0
47552,31805,4,1
2841323,46049,19,0
3119885,9932,4,1
2199407,13176,5,1
2391097,36319,7,0
1727430,11933,12,1
2276299,41259,4,0
1822335,29987,1,0
1742072,45208,1,1
1221004,36315,2,0
2317342,35887,7,1
284437,18523,14,1
2200793,32534,10,0
2393611,16797,3,0
3415417,18880,8,1
2376926,21019,26,0
377315,29506,5,0
3039231,8136,4,0
280254,31927,13,0
359942,43352,12,1
1308278,43775,4,1
2985264,17948,1,1
1064200,19505,2,0
827925,15981,4,1
2734580,4656,1,0
1873651,23726,31,0
748642,18389,6,1
2168213,39078,3,0
1252827,39108,27,0
2864229,42731,6,1
3068101,4605,3,0
1043033,35986,14,0
328745,18465,6,1
1627476,33121,10,1
568908,40997,6,1
3167642,6361,2,1
787870,44632,1,1
411595,14858,12,0
74625,46817,6,0
1815912,27695,26,1
139320,28199,15,1
3345931,28204,11,0
2137849,32877,6,0
2593935,4793,2,1
1369853,42625,3,1
699269,31730,20,1
3156771,24838,3,1
2428914,8424,33,1
47041,7948,5,0
2763318,39561,6,0
2681884,8518,4,0
409481,31486,1,0
2130948,24852,4,1
1866506,15290,2,0
1476041,41844,16,0
2584332,5769,1,1
1759819,11520,12,1
978700,6489,3,1
922083,46505,2,1
779191,22142,24,0
902794,31759,3,1
3119885,26395,2,1
1884842,24768,16,0
1249722,8339,9,1
3118113,31506,6,1
2371282,7156,19,0
155892,47626,1,1
2642501,14335,13,1
1696797,28299,16,0
1676905,30949,2,1
228658,43961,17,1
1667163,29529,14,1
259284,9517,4,1
1176450,48559,1,1
464408,24273,15,0
1676102,5539,3,1
1838090,14711,1,0
2564447,28204,5,0
2814659,44085,4,1
75013,25138,8,1
1018207,38012,4,0
2098794,8216,12,0
1119868,47498,5,1
1702465,8518,16,0
1588323,149,2,1
2562608,47630,14,0
1690886,12575,3,1
3400506,30759,7,0
1983311,32703,2,1
2363164,10613,8,0
404164,21137,9,0
1175871,27156,14,1
1249817,41544,18,0
1191492,39055,4,0
2906880,47626,11,0
1278498,1700,8,1
2717830,25705,7,1
2475764,42134,10,0
2550592,44517,7,0
3088554,20995,2,1
1604594,11844,7,1
2208428,39984,24,0
1815912,9124,9,1
2242156,40603,1,1
2770916,5684,7,1
2354398,32433,3,1
1151977,26209,6,1
1049654,45007,5,1
2126836,24852,4,0
1737386,22159,6,1
1453815,28373,2,1
213817,27156,3,1
987279,31717,12,1
87863,33439,8,0
684121,19051,9,0
384430,42625,2,0
3194842,34862,2,0
2094479,35597,3,0
1175871,47626,9,0
3169755,44234,5,0
1081808,24703,1,1
2642501,44471,30,0
399528,47766,2,1
1046142,19057,2,1
1253527,22935,5,1
2704542,16953,6,0
147343,39475,7,1
2078585,17252,10,0
386673,18409,24,1
732000,33320,6,1
1800023,9825,11,1
1884842,43086,2,1
2766238,7781,9,1
2188005,41844,7,1
740447,11759,6,1
314403,33198,7,0
757837,31343,22,1
1463803,24024,3,1
1749896,45007,8,1
568908,38881,2,1
3156771,49111,6,1
903107,27344,6,1
3228592,47940,7,1
1724093,4557,3,1
1480165,38557,8,1
1155135,47156,2,1
2562608,24654,7,1
1702465,8955,23,0
3140263,22170,8,1
677829,29223,5,0
2866527,10492,9,0
1382360,43428,10,1
1471750,28476,5,0
3089685,5212,18,0
2078585,36227,6,1
2424254,35725,13,0
3121685,27344,6,0
1648905,28676,13,0
3218966,39059,22,1
1360843,33569,26,0
903107,40706,17,1
142429,28666,12,1
1274319,6359,1,1
882714,21938,5,1
809920,44359,19,0
772584,44142,10,1
2985348,46562,6,1
545645,15370,9,0
3282546,4451,7,0
1689000,46979,18,1
1094484,38159,10,0
758118,22247,10,0
1044651,39055,17,1
2809547,38662,10,1
464408,13740,12,0
2550592,39657,5,0
3168961,28826,11,0
772763,16759,9,0
1476041,44319,10,1
972664,15852,6,1
1889679,45603,27,1
2130948,32052,10,1
425196,10438,11,0
2279582,30387,1,1
2019002,37449,16,1
188303,21376,5,1
3345931,35547,4,1
196354,22475,13,1
2639837,24852,3,1
1175871,30489,6,0
2498920,1090,12,0
1393193,43338,11,0
2831476,18362,7,1
937452,35535,5,0
2449351,21739,2,0
997929,48004,4,1
1580895,37646,2,0
199346,14218,9,1
2376364,44683,5,1
1915825,12455,1,1
343485,6692,6,1
63586,13870,13,1
2823875,196,3,1
996728,8615,1,0
338988,25753,3,0
903107,35628,13,1
1731473,23822,16,1
1406269,18849,5,0
978700,15906,6,0
867998,24852,16,1
785385,10691,16,0
2154641,49098,9,1
534151,5077,3,1
464408,25899,20,0
699269,2240,3,1
1465254,43568,4,1
70932,6188,17,0
267491,4920,2,1
2497140,29600,4,1
2219353,8483,16,0
3145116,19660,3,0
1043033,4506,3,0
576612,2966,1,1
2018860,47492,4,1
63586,17794,9,1
1789088,27845,7,0
2069580,13563,5,0
1295441,27514,14,1
188023,16965,21,1
2158622,3388,18,1
3385060,2923,20,1
404164,13176,4,0
2981157,38942,5,0
2893609,46667,18,1
3048832,22963,8,1
3118113,29307,2,1
3239508,41498,6,1
2642501,43961,25,1
1608098,42828,10,0
1036185,35199,3,1
2181668,38679,9,0
2504445,47766,2,1
2681884,38266,12,0
291555,23405,1,0
1498859,260,2,1
759087,5031,3,0
2642501,33462,6,1
1233999,21616,12,1
1117104,41593,27,0
1013742,1689,4,1
2475764,21616,16,0
1498305,9901,8,1
2826735,27241,1,0
2733134,25705,13,0
2530803,43886,22,0
3148338,27730,3,0
1107206,38231,2,0
1855033,31506,12,1
1702465,39812,20,0
2292077,22281,5,0
2334360,15727,6,0
2363164,15703,1,1
2368144,13838,11,0
3390842,36316,5,1
1040679,3990,11,0
139320,5212,10,1
2037729,15664,2,0
629227,21137,24,1
1077081,26209,2,1
2929106,2002,8,1
144193,44560,22,0
1465989,30353,3,1
338988,49533,11,0
1905929,4942,2,1
1516617,6015,3,1
231475,18352,10,1
3282546,2383,4,1
1605416,39984,7,0
568908,21333,20,1
545645,19048,2,0
3093586,16387,1,1
702422,38051,9,0
3140263,27966,2,1
1319390,38141,5,0
3350400,10504,2,0
1701033,2707,8,1
1229133,26209,11,1
926869,24518,4,1
423493,30011,3,0
902794,30827,6,1
1117104,44882,25,0
1036185,21333,7,1
221481,38896,2,0
3343505,35547,11,1
1787556,2663,8,1
358895,23165,16,1
504518,35221,1,1
343485,21709,13,0
738520,24964,14,1
686547,37646,13,1
3130206,26021,9,1
196354,27104,12,1
136621,28204,8,0
211750,29726,16,0
3027309,37468,2,0
1627476,24852,2,1
2255970,29312,5,1
2631301,42701,9,1
1360052,14652,4,1
1498859,22035,10,1
425196,2655,5,0
2050816,25890,22,0
3167642,9071,6,1
1742072,32585,8,1
3119375,18721,13,1
3279660,35939,5,0
1855033,45202,4,1
155892,23938,2,1
109143,18176,5,1
1759819,8859,9,0
2419939,13176,1,1
450065,8424,4,1
1156256,34969,3,1
752046,5385,1,1
1989664,47626,4,1
410902,7963,38,1
1432450,16714,7,1
1221004,1757,1,0
114309,23579,9,0
1017916,13176,9,1
109143,42824,8,0
2363164,3914,7,1
340663,13451,16,0
33785,38647,27,1
1826981,35942,2,1
1899313,6647,1,0
164214,37710,4,1
2208428,33857,23,0
2989234,37002,9,0
1621444,38288,7,0
1591185,44628,2,0
114309,47441,1,1
3156699,37524,3,1
1607229,22008,5,0
1806738,33129,1,1
39845,11046,2,1
3048657,4796,3,1
1961020,7344,2,1
1228213,20345,6,0
2137849,38063,1,1
81475,16479,12,1
492086,14277,13,1
2060943,32112,2,1
2495611,40348,1,1
3242410,31102,5,1
1176861,33337,13,0
1873651,13380,34,0
3118113,23248,3,1
2825353,16617,13,0
1695091,17490,9,0
2866527,5077,2,1
2121022,25837,4,1
3070849,24964,6,0
1208538,44422,2,0
2323080,16797,2,1
22901,33731,13,1
2895034,12252,20,0
764341,22620,2,1
832587,10333,7,1
1815912,13802,33,0
3019237,15516,13,1
800287,26759,4,1
1091347,49517,33,1
385508,48171,3,1
2773969,4924,19,0
2824989,1940,15,0
90825,33846,5,0
3079208,46900,6,0
1013742,35886,5,1
113839,32293,6,0
492086,42105,6,0
2504445,16797,3,1
3375524,40593,2,0
978849,4372,3,1
2798445,48821,9,1
1322202,36149,14,0
3171063,41618,4,1
1826981,20413,5,1
2542094,18104,1,1
2798028,49007,4,1
2154641,18339,23,0
2825121,31717,9,1
2368144,10305,4,1
1988865,3243,5,1
75013,8518,11,1
2811757,5547,1,1
73647,27796,12,1
2181668,31073,10,0
738520,41149,11,0
1607229,13870,3,1
1737386,4462,13,1
3062050,30133,5,0
2394392,22224,5,1
1091347,16878,17,0
2659697,46572,3,0
145541,42475,3,1
2530803,196,1,0
386283,15469,13,0
221481,20169,1,1
1011691,11059,12,0
2825748,10151,15,1
2295939,27730,3,1
1151977,40332,7,1
926869,14312,26,1
314432,40203,7,1
3148338,49325,6,1
1307787,1695,11,0
1360843,8940,19,0
884290,5456,3,1
210336,24936,11,0
1251668,31343,2,0
284437,7781,18,0
2739767,38689,1,1
751704,49010,3,0
3088554,5068,5,1
1140230,5025,10,0
1593956,37509,11,0
1754089,4920,16,1
2739767,29487,4,1
1165962,27596,14,0
757591,19051,8,0
2562608,45066,10,1
772797,42342,2,0
2303155,19691,2,1
2480065,24964,18,0
46409,23554,9,0
1606343,10890,5,0
2530803,40538,27,0
2014989,13176,1,1
3089685,31404,11,1
2034115,44397,11,0
1803119,33081,2,0
2439875,4376,7,1
3079208,22935,4,1
374148,15979,2,1
688175,33120,1,0
995368,17122,4,1
3278532,16349,8,1
1742072,18727,12,1
3118113,31683,4,1
3189826,35050,4,0
1050290,39275,5,0
2555851,9337,5,1
1634936,24009,16,1
1505841,39079,13,1
2655361,29429,6,0
1983294,22935,7,1
906163,16521,25,0
3126243,29077,4,0
3272670,14332,21,0
2825121,13176,22,1
1279171,20777,4,0
3279660,22935,4,0
3162717,38689,1,0
3367172,13838,9,0
415554,31504,30,0
254280,4932,5,1
2419939,41716,6,1
989744,48205,1,0
139248,1503,1,0
2906880,14614,13,0
1131189,46584,5,1
345323,673,11,0
1845470,49354,22,0
2391097,24838,2,1
1354909,6348,5,1
1571982,27954,4,0
3056599,27104,3,1
2224522,5684,9,0
2439875,47209,10,1
2376926,8854,38,0
1303781,18696,3,1
2449351,13292,11,1
2868034,4975,1,1
1081808,46842,5,0
2864229,18071,13,0
2350937,45581,7,0
1899083,21137,2,1
1815912,46979,21,1
2631301,12381,8,1
2989158,41694,8,0
3367254,26902,8,0
1153735,37939,8,0
386032,41602,6,1
1257719,48697,2,1
333900,16797,3,0
702422,12320,22,1
2053562,3376,22,1
1524113,10326,3,1
3411798,26165,5,0
1705383,19731,2,1
2671730,15290,14,1
2200793,33716,11,1
2531749,8309,11,1
835893,21267,8,0
97868,46206,9,0
744812,16353,1,1
2062671,5097,8,0
2179555,46654,1,1
466910,10814,1,1
2826735,3464,10,0
436969,30391,16,0
781564,14870,10,0
285231,24852,4,1
2360909,1689,1,1
3214740,21137,2,1
301752,20876,2,1
488480,12099,4,1
523965,18574,5,1
974654,8025,3,1
556236,46572,2,1
73939,45296,11,0
919796,6473,12,1
166425,43026,5,0
193499,5025,8,1
794064,31720,1,1
1845470,33113,34,1
1965865,14238,4,0
90825,19519,9,0
769669,6104,10,1
2246291,7963,12,1
1667163,31232,20,1
525318,46926,1,0
984136,20114,28,0
1969105,39475,5,1
2868058,5097,4,0
414029,22359,28,1
678823,17858,1,0
2893609,6343,26,0
2380171,36574,2,1
3067585,196,1,1
415554,31577,36,1
2752035,6348,3,1
1403740,26165,1,0
747891,22825,1,1
2025409,45066,2,1
1953378,31869,14,0
1070823,23543,6,0
1070138,13176,6,1
1047497,24737,3,1
1469840,4006,13,0
192444,21543,12,1
1941179,39900,22,1
2010460,45254,7,1
386673,24852,19,1
167185,39180,8,0
903107,5212,12,1
3242410,36425,2,1
2238376,44229,7,1
926869,38750,3,1
1140230,47626,5,1
857255,42701,9,1
477360,10473,5,1
3385060,20607,19,0
2064438,14127,3,0
425196,30623,10,0
3377890,605,5,0
2773969,45149,17,1
3159065,21927,12,1
1409253,47209,3,1
1651271,12244,4,0
974654,10912,8,1
1912642,12341,8,1
744812,27360,5,0
2752035,16864,10,1
1633370,28985,7,1
1838961,48395,5,1
1227989,42091,14,1
1221004,22993,7,0
2831476,11163,2,1
1090807,27845,6,1
3275606,17949,13,1
2688053,12144,19,1
2880673,4932,3,0
2069580,48775,2,0
1689000,18095,4,1
2460683,14233,15,0
2378344,21616,4,1
2016405,649,20,0
2130140,42828,20,0
3396111,35750,10,0
1070823,48364,4,0
874923,9092,6,0
1468913,26209,5,1
1963154,21376,13,0
839147,25890,1,1
568908,325,13,1
522396,46900,13,1
270320,44056,9,0
1801142,1999,3,0
2152455,33290,15,0
1121318,8424,12,1
74625,16797,2,1
2464931,18465,2,1
1627476,36784,6,1
3159335,22108,15,1
1753259,22120,12,0
310520,42701,47,0
650296,46969,8,0
1476041,47866,26,0
421936,7241,2,0
1362608,116,2,1
1449199,21100,2,0
2683895,15029,1,1
2562608,28476,9,1
1249817,15842,1,1
492086,26845,14,1
2959404,40706,28,1
386673,13535,33,0
3067396,28842,4,0
959410,34217,14,0
3098466,8803,3,1
1573551,33884,6,0
2380171,46484,4,1
1764235,21195,18,0
1360052,44310,2,1
310520,28682,40,1
812827,10246,15,1
2163140,9839,5,1
120566,4377,4,0
1151977,49198,5,1
2975702,24253,4,1
1745499,43018,15,0
2033904,35065,18,0
2895034,27683,10,0
1024277,47873,6,0
684054,31506,2,1
2248198,34358,1,1
2156507,300,14,1
148866,9741,13,0
338988,24964,17,0
2959404,23695,22,1
3277561,13176,12,1
2763318,7693,1,0
1739738,5884,12,1
2876345,432,3,1
2401188,42265,3,1
1488296,18176,3,0
482771,22035,4,1
906163,3988,24,0
1788324,21903,8,0
1546802,27690,14,1
3277561,20670,20,1
1983044,44471,4,1
2363164,8193,14,1
587154,27729,11,1
425196,26655,8,0
1369416,25544,26,0
1117104,26209,17,1
608475,28985,3,1
2188005,20791,18,1
1568394,13380,6,1
254415,45689,5,0
2814659,11182,3,1
1870540,35951,2,1
2319083,9364,20,0
55435,49497,13,1
652209,18418,4,1
3363387,8424,8,1
442153,28199,6,0
2600858,27548,15,1
1592008,7969,4,1
171574,49273,22,0
1568394,36646,3,1
356352,26870,1,0
2319083,21137,9,1
1547907,9839,1,1
3029879,40198,1,1
2981157,49610,1,1
2784427,27663,11,0
2779437,21709,10,0
516142,49111,11,1
702422,15649,3,0
1591185,33572,1,1
1447765,24852,1,1
314432,5646,1,1
1049654,5499,7,0
3415417,34637,21,0
1179981,37687,5,0
1049654,28158,14,0
607499,27323,4,0
3400506,8013,20,1
525318,16953,8,1
1818714,36165,3,1
878107,24097,6,1
1787556,5621,9,1
1271003,31717,10,1
2154641,42724,22,0
81475,42342,20,1
2033904,19677,1,1
2050816,12456,25,0
1603437,40897,4,1
3019237,44359,10,1
699269,20156,6,1
1360843,31040,14,0
3130206,49235,23,1
659268,45954,3,1
1064200,40542,28,0
2659608,39430,1,1
464218,32141,21,0
2599300,40449,10,1
87310,8056,3,1
494319,29646,3,1
397675,21137,5,0
882997,28745,23,1
1873651,24985,43,0
3418597,32428,3,0
1304448,196,1,1
359852,30176,6,0
2784427,43961,1,1
2475764,26940,14,0
882997,18176,14,1
1634936,24082,11,1
336423,31265,2,1
139320,28993,21,0
1290822,18881,1,1
2530803,39891,14,0
1455635,5621,25,0
1934715,11534,13,0
1833382,30391,2,0
3337809,24852,3,1
1866506,8424,5,1
2457821,44787,20,0
464218,1536,7,1
915979,30450,9,0
2368746,48205,1,0
410902,19068,17,0
1221102,39812,12,1
1058079,32650,4,1
1899083,42736,4,1
2530803,24458,24,1
1465229,33352,8,1
1340870,38531,8,0
2025409,47626,16,1
1593956,44051,1,1
2671607,48894,17,0
2628112,11712,8,0
3331406,35042,11,1
1544996,47734,9,0
936635,340,8,0
3322409,21190,13,0
974654,44632,11,1
1983294,17789,5,0
959395,12341,11,1
1580895,23188,9,0
1800023,24838,2,0
1815912,16350,29,1
2560500,27845,3,1
2500056,28156,8,0
3367450,40939,1,1
336423,32472,13,1
2018728,20776,3,1
479124,43352,1,0
210638,429,10,0
2949712,21573,5,1
995278,16659,4,0
1080826,27344,3,0
2607055,48733,2,1
3400506,17794,26,0
1818714,11777,4,1
2073675,31269,3,1
1455635,2,26,0
2476007,44661,5,0
2382288,365,18,1
2382288,40338,4,0
1498859,11140,4,1
2420073,21267,12,1
68408,49075,8,0
1607018,36550,7,1
1602552,13655,2,1
1486828,18288,8,0
349684,41177,2,0
1346080,26604,7,0
33785,3999,20,1
626215,21626,16,1
903107,34128,16,0
937452,31660,10,0
2997230,10673,4,1
1346080,29180,4,1
1801142,27055,9,0
261647,22035,5,1
1412551,40063,19,0
167185,12341,1,0
1580135,29034,11,1
1607229,26756,6,1
1447765,38979,6,1
3323641,41950,14,1
2464931,39275,18,1
139320,26165,1,1
516142,35221,9,0
1326080,11352,9,1
2658880,38739,3,0
1238015,21999,18,0
1577438,1090,3,1
1172424,32952,18,0
992989,28934,5,1
317655,9741,4,1
1252827,47546,13,1
2226626,43889,1,1
2975449,10749,16,1
1252827,16759,18,1
3121685,48628,11,0
1946736,12395,16,0
1481108,36695,8,1
2688053,18435,23,1
386673,12872,25,1
2866821,21903,1,1
1604594,5994,6,1
1140230,24458,12,0
759988,24235,2,1
1052772,46616,4,1
1917563,36170,2,1
832587,12738,2,0
386673,34166,26,1
1634192,6849,3,0
2920031,28204,6,1
1706342,42024,7,0
2835751,40009,24,1
3419634,38557,9,0
211750,41860,4,1
2001987,2519,2,0
101598,23288,7,0
2504445,16185,12,0
2282529,21903,5,1
1040679,41238,18,0
2942047,12779,2,0
333900,32734,2,1
3333096,5100,12,1
1170256,29205,4,0
180808,30450,15,1
1243373,29095,2,0
551046,22825,22,1
1288137,45840,2,1
3384204,15386,6,1
800287,40199,8,1
713135,37385,6,1
534151,23341,1,1
2224522,32134,1,1
742608,19660,20,0
2376926,45948,15,1
1789088,17419,3,1
1165962,31869,19,0
1384155,42139,12,0
2498920,48679,13,0
1727430,11422,8,1
208335,19048,9,0
75013,30489,3,1
840777,17157,4,0
2017680,9170,1,0
1633370,41787,3,1
913743,49520,9,1
867998,12212,1,0
965870,27845,2,1
3266888,10504,10,0
1414318,40992,6,1
3404430,47209,3,1
357882,17794,6,1
1951002,47626,8,0
2688053,25640,34,0
1917563,39993,18,1
713073,41540,6,1
2368144,21288,13,0
2033904,30776,7,1
2958000,23375,2,1
2399369,44912,23,0
1669079,21701,6,1
1229133,25659,5,0
2932939,25495,7,1
2893609,7503,24,0
1377891,48588,1,0
2795874,33884,21,1
90985,18340,7,0
2615945,30941,3,0
226192,26666,8,1
1464717,5103,1,0
171574,5876,2,1
2864229,40795,2,1
384530,14992,7,0
1402703,25830,8,1
2085383,436,7,0
995278,13176,7,0
2078348,38318,3,0
1840937,40332,23,1
2018728,13424,1,0
905844,33232,4,1
64319,24852,4,1
210638,47626,1,1
2054288,27325,1,1
2012554,40332,2,0
167185,24852,9,1
1912518,21903,8,0
1633370,21137,6,1
530658,9839,8,0
2642501,31927,16,1
1040679,7393,13,0
1800023,16185,4,1
2025409,42450,5,1
1377891,127,5,0
1339862,16560,13,1
1077625,2295,10,1
2229373,2234,15,0
75013,29675,2,1
1737531,26209,16,1
2380442,24852,4,0
140886,5479,2,0
2318060,32638,12,0
2052149,25890,11,1
3148338,7644,5,0
3323641,34050,1,1
2517025,24622,11,1
2616809,15928,2,1
270117,30183,3,1
2073675,36085,1,1
1769145,32249,20,0
55278,13852,11,0
3048832,37646,19,0
1434437,5238,9,1
532393,3896,7,1
358895,41519,26,0
1751481,19057,2,1
1105774,48523,19,1
3067396,40706,2,1
1476041,16511,14,0
139320,25852,17,1
757837,39928,10,1
1357273,20114,2,1
2382288,48377,7,0
111159,13835,6,0
1230334,39812,19,0
525318,223,10,0
1434437,2962,2,1
1711653,38689,3,1
2671607,5198,23,0
2317342,13176,4,1
2555851,20119,4,1
1845581,19398,2,1
1727430,22220,3,1
2245971,196,6,1
1362608,32455,1,0
2319083,26209,15,0
1046142,37646,1,1
903107,31973,9,1
1480165,42265,1,0
2007012,24852,1,1
1673670,22935,15,1
543175,22713,1,1
2824989,22531,20,0
1362942,14320,14,1
2801193,3298,3,1
1515808,13834,6,1
292489,24964,13,0
2491906,8929,6,1
87914,32267,2,1
602715,37687,1,1
1964718,33198,6,1
890788,12875,1,0
247227,15872,2,1
2993445,44325,9,0
1287180,23763,1,1
2297930,30233,8,1
285231,45221,15,0
1241815,7628,10,0
3333096,21903,5,1
1845470,45368,15,0
2795155,42768,10,1
1052714,18633,1,0
711923,6814,9,0
55278,23977,1,1
63586,27966,6,1
305867,40261,4,1
626215,48171,17,0
2761981,43713,5,1
210638,3880,3,1
2011953,12882,25,0
2158709,24595,32,0
917307,47734,9,1
173334,19887,12,1
1286683,44388,6,1
2700350,33643,5,1
3029879,20670,9,0
2475764,9825,8,1
140839,43772,6,0
426262,27966,10,0
1557429,24852,4,0
493190,5618,4,0
2025409,4920,10,1
392223,49172,2,1
1753259,27966,5,0
2019002,44594,12,0
2133560,29615,3,1
1739738,27528,20,0
3404430,3952,7,1
2826735,23165,7,0
2671730,8193,12,1
3178710,15424,2,1
858265,48864,18,0
2696681,45603,4,1
1058493,44290,19,0
2229373,47877,7,0
411595,34453,2,0
700878,4562,3,1
2397451,3957,3,1
2864229,35419,9,1
3174686,29628,2,1
2932939,32665,6,1
1151977,35440,14,1
55435,13176,6,1
3174686,47993,7,0
1474388,30135,6,1
1081808,29831,3,0
572658,3868,15,0
2842283,34282,6,0
1262456,9415,1,0
1822335,1025,3,0
310520,36944,44,0
650296,25466,6,0
1683669,39680,3,1
2684951,17526,2,1
1941179,5404,31,0
1650972,29628,20,1
2824989,32881,8,0
1667163,38267,7,1
211762,4920,3,1
2140510,31477,1,1
522396,24964,15,1
3415417,35619,16,1
2298080,44910,5,0
1401083,31717,4,1
1326299,15995,10,0
1087344,8490,12,1
1121318,42342,26,1
2857450,44666,4,1
2486087,48628,3,1
659268,19734,2,1
47552,37687,6,1
3032311,17872,2,0
2248198,41570,8,0
464408,6531,6,0
2009922,24852,2,1
246129,46349,7,1
2371282,46906,9,1
1170256,44795,5,0
2562608,21709,1,1
903107,21137,4,1
1744633,46667,1,1
2689252,31231,14,0
2696681,49517,13,0
2359134,19934,19,1
2889405,28599,2,0
2779437,42110,13,1
832587,48746,24,1
314432,12872,15,1
672927,22028,3,0
1177941,26047,3,0
1450099,5386,2,1
1946763,37646,7,0
2069580,48205,3,0
972664,34244,5,1
1319390,2063,23,0
3400506,16185,9,1
1667163,49447,13,1
628385,9387,4,1
340663,12157,12,0
3406316,17316,11,1
3333096,45356,11,1
2542094,23685,8,1
1081316,5652,1,1
386032,17316,1,1
2255970,36858,9,1
2336048,21910,4,1
2473729,48313,3,1
3089685,29328,4,1
2048259,28934,5,1
657357,47766,7,1
2304978,10933,5,1
1232327,45123,21,1
2050816,28373,36,0
2294595,45007,4,1
1395773,19299,16,0
1505841,18618,19,1
2497140,35951,2,1
410902,3988,21,0
755030,48142,9,1
785385,8053,10,1
2309126,45123,1,1
309543,21170,5,1
587154,30391,10,1
1233999,48038,17,0
1858384,22281,10,1
1572139,13176,6,0
56384,48679,14,0
2246291,10834,11,0
1699361,47766,3,1
1249817,46979,16,1
1043033,24759,17,1
1946736,18234,11,0
2881431,43352,3,1
3218966,24852,1,1
652209,7175,2,1
340663,40377,9,0
832587,15100,22,1
1969105,11224,3,0
750294,38164,4,1
1432450,39534,4,1
2188005,17758,5,1
1176861,43459,2,1
176114,20323,8,1
130722,30489,2,1
3406316,2979,6,1
785385,21903,20,1
343485,18441,3,0
980530,44632,1,1
1091347,1559,29,0
90627,38003,8,0
1105774,28199,9,1
63586,29442,2,1
2824176,32915,2,1
1673670,11777,8,1
1252827,34126,25,0
90627,35383,2,1
758118,10957,4,1
3114739,6182,6,0
3130853,12782,9,0
1402703,45500,16,1
3189826,17758,1,0
3415641,27521,4,1
959410,23909,22,1
3187545,18201,6,1
2253870,35547,14,0
358895,11224,9,0
1806738,33026,13,1
1233999,45946,9,0
1127459,32380,2,0
2181796,27554,2,1
1460198,19095,11,0
1706342,9387,20,1
3228592,32747,5,1
568908,27196,16,1
2835751,48104,18,1
1917349,10895,4,0
902794,46803,1,1
2497140,42345,27,0
1800023,46979,21,1
3029879,4162,7,0
809920,27966,11,0
3299159,40332,5,1
1543723,15100,7,1
684121,1006,2,0
1278498,7493,10,0
1375389,17794,25,0
96117,6046,6,0
1329971,45511,2,1
2377841,48073,5,0
2766238,19057,22,0
1983294,18880,9,1
1984010,29689,1,1
1768015,21777,6,1
1481108,32578,3,1
410902,40604,19,0
745548,30391,1,0
2188005,16759,6,1
2752619,40670,4,0
2616809,11461,7,1
3418597,24852,2,1
1134927,23025,4,0
2199947,329,2,1
3071827,6287,4,1
2656647,29292,3,0
899039,47626,1,0
997007,32655,3,1
2156507,18770,9,1
723854,44172,7,1
1702465,5450,3,0
835893,41220,1,1
2789499,11827,7,0
629227,45007,13,0
1605416,12545,3,0
1241815,49247,2,1
2295939,38312,8,1
1754089,3512,21,0
397675,23622,4,0
629227,23986,9,0
2792577,47626,13,1
55278,14805,18,0
2094728,45081,22,0
336423,3990,4,1
1737531,26604,11,1
3148389,22935,5,1
1379909,5876,17,0
1176450,20993,3,0
828278,37173,4,1
2048259,13346,8,0
1599092,13823,10,0
3282546,36011,1,1
2104535,37066,4,0
3068101,13380,11,0
1858384,28373,9,1
3278532,26604,15,1
2011953,26128,18,1
3322409,14252,12,1
676611,41950,15,0
3171285,34969,2,0
779191,13457,10,0
937452,31717,6,0
572658,49605,1,0
2700350,2447,3,0
1634192,4920,9,1
1379909,16797,12,1
1989120,21461,4,0
3030462,18615,5,1
759988,6000,8,0
1151977,7158,10,1
890788,35417,4,1
3005093,41703,1,1
1886248,34584,9,1
903107,26604,3,1
1676905,20955,3,1
2012554,35359,8,0
915979,48057,8,0
2167266,30489,1,1
2749355,35269,1,1
1091347,31087,15,0
748642,21616,4,0
1329074,36865,3,0
2512776,13176,3,0
2559979,20738,6,1
176114,305,9,0
2025409,41950,4,1
357882,44422,17,0
1384155,29987,7,0
1530932,12320,14,1
196354,43194,6,1
2542094,46979,22,1
1447765,16589,7,1
947765,15130,2,1
2084838,39877,16,0
55435,5491,5,1
1371837,10686,12,0
3178485,1969,3,1
3371770,46138,3,0
590255,48435,4,1
1243373,27413,10,0
2621260,13176,4,1
317655,25138,1,1
2430243,48679,8,0
2297930,42345,28,1
2060943,48679,5,1
2542094,47427,16,1
3385060,44042,1,1
340663,47156,1,0
2469848,8174,2,0
414029,5819,29,0
380217,31486,3,1
34546,38510,7,0
3087033,25926,5,1
1167887,11549,4,1
1064200,20757,1,1
1179981,30827,3,1
2615518,40706,3,0
1439584,37646,6,1
3239508,31542,8,1
650296,21903,9,1
1054417,36445,7,0
1727430,28572,11,1
3171407,20017,1,0
2243802,32096,1,0
882997,21137,13,1
1090427,20734,12,1
1081316,41165,8,0
857255,41658,13,1
2795155,12341,6,0
758118,33894,7,0
56384,27544,9,0
1124874,25110,3,1
193499,15541,4,1
3314191,45190,1,1
3409559,15937,2,0
1912518,19660,7,0
386673,11046,34,1
1460198,46031,7,0
1356160,21137,9,1
1943542,24129,2,0
2199407,3957,4,1
500678,21903,5,1
1657182,11129,6,1
1360843,19006,15,0
2615945,23543,8,1
793263,17758,6,0
2801193,39657,4,1
3118619,21293,10,0
139320,30450,23,0
47552,34466,8,1
2396536,33195,10,1
1176884,27521,2,1
1297684,15872,11,0
33427,4562,7,0
974654,24852,12,1
1290822,12872,18,1
358895,15063,8,0
2841323,2120,7,1
33331,6104,4,1
159485,9839,19,1
2789499,13108,11,0
699269,35042,18,1
968545,24811,1,1
55278,17789,26,0
2671607,39735,24,0
1587825,19006,3,1
2181796,25588,4,1
2542094,1294,24,0
857255,22935,21,0
1633370,45007,10,1
1711653,5450,15,1
2544353,43086,10,1
2018860,37158,1,1
3171407,19461,15,1
2824989,41000,10,0
1376096,32734,1,1
162182,45763,4,1
3166316,40593,2,0
1676253,16826,6,1
3279181,11741,12,0
2486087,44359,1,0
1083906,26209,3,1
965870,22035,1,1
2769359,42110,1,1
3214740,1244,7,1
3087033,39055,2,0
1781025,6933,2,1
284437,33956,6,1
3185505,15263,2,1
55278,7120,16,1
2696681,13176,1,1
1082064,11265,7,1
2825121,38383,8,0
2571020,1,6,1
1873651,35042,42,0
284437,42356,20,0
464218,33138,4,1
1367879,46979,5,1
186921,16797,3,0
145541,16797,2,1
1326080,31717,2,0
2397451,47209,4,0
500705,7751,4,0
1043033,5025,5,0
2420073,6522,4,1
2229373,43631,6,1
2985264,2966,3,1
1250013,27845,8,1
2090821,29088,10,0
139415,4799,2,1
2866821,31066,8,0
1949159,35704,1,1
101598,21903,6,1
2733134,24852,2,1
2295939,25146,7,1
1040679,33630,17,0
292489,30192,10,0
1441461,21195,2,1
1858627,258,8,1
2428914,22721,23,1
1661890,46666,11,0
3196061,31036,19,1
3343505,46881,8,0
11646,5746,11,0
621372,13951,2,0
1465229,35140,4,1
1121318,48182,4,1
2497140,38795,29,0
702422,48775,1,1
436126,8025,6,0
629227,2664,1,0
1498305,33819,6,1
785385,26981,4,1
2696681,47626,6,1
2502010,40706,5,1
2248112,26629,7,0
1346906,24964,11,0
2485732,39928,16,1
1176884,260,11,1
1661890,19057,4,1
1029026,48190,5,0
677294,3952,3,1
454496,33731,2,1
2961194,32429,9,0
2033904,17027,11,1
1254254,33720,3,0
890832,35336,9,1
3117201,8843,1,1
1990467,47788,1,1
629227,11140,14,1
699269,516,26,1
1094484,20082,3,1
3087033,16185,3,0
199346,6329,1,0
477360,13575,3,1
2560500,5973,6,1
996728,39469,5,1
2897036,13176,8,0
141549,44142,15,1
3039231,27475,15,1
1052772,13606,14,1
1899083,21267,5,1
1463803,24221,8,1
1965865,22025,16,0
1634192,37646,6,1
2053562,27156,3,1
414029,21286,30,0
415429,40969,7,0
772763,19678,11,0
3130206,43352,25,1
968730,12121,1,1
2807097,20039,3,0
1780688,28278,5,0
280254,13629,20,0
738520,43295,6,1
2671607,14488,13,1
1998208,21567,5,1
2135040,24852,8,0
3029205,27966,7,1
1884234,33768,5,1
274693,5514,1,1
33427,27966,4,0
314403,44051,5,0
2098794,12290,9,0
1124874,16541,11,0
3396089,22888,10,1
1947128,47766,4,1
2297930,7388,17,1
292489,8088,3,1
2835751,30489,22,0
2340751,30391,12,0
759988,26201,11,0
2762247,43772,2,0
1284652,24535,2,1
785213,30450,2,0
1082064,5077,11,1
959395,44613,6,1
2485732,11520,3,1
2688053,24256,7,1
1523038,8424,8,0
24778,47861,8,1
357882,39475,12,1
1045842,4920,7,0
1339862,27845,8,0
1369853,44579,8,1
751714,9623,5,1
2929106,31890,19,0
2108921,43483,9,1
2376926,10387,17,0
3375524,1541,1,1
2631301,2825,5,1
2530803,34746,30,0
144193,10070,4,1
2034115,17450,3,1
228658,33120,3,1
959395,34429,3,1
1339862,8955,10,1
1432450,40199,3,1
3089685,16797,6,1
1781773,15016,5,0
1011691,12914,18,1
1465989,18552,8,1
2084838,46979,18,0
2359134,4921,9,1
2464931,48395,1,1
1044651,11023,4,0
917307,6046,8,1
426262,28576,2,1
2542094,20738,4,1
568908,22809,19,1
2401188,39275,22,1
2534756,48679,13,1
2728477,42265,6,1
1172424,46979,3,1
3029879,23291,10,0
239592,24024,1,1
2219841,42443,3,1
899039,42585,6,0
1673065,46047,11,0
1607431,22007,16,0
1250013,21137,3,1
1667163,42936,3,1
2798445,34584,6,0
2688053,23375,30,1
1523038,26937,9,0
147343,21903,10,1
1650972,48734,8,1
1082064,45149,8,1
2016405,21293,21,0
2555851,27845,1,1
2179555,46676,12,1
3385060,42114,23,1
3140263,47209,3,1
3414214,42508,17,0
2733134,41480,17,0
237808,48812,5,0
457097,4367,2,1
2959404,39160,16,1
360319,5412,2,1
2795874,33651,5,1
310520,18171,26,1
436244,19155,4,0
2376926,33731,36,0
1963154,24852,8,1
2255970,34160,6,1
2163713,39928,6,0
425196,22559,3,1
2497140,30788,6,1
3094404,27783,3,0
479124,33768,4,0
32916,33081,12,0
155267,20995,3,1
2072131,39275,6,1
280254,44359,7,1
2959404,34027,27,1
2376926,20760,6,0
2359134,38777,1,1
2224522,41408,2,1
47041,25256,1,0
1838090,24298,11,0
1392788,21278,16,0
328745,41757,11,0
3334139,46692,7,1
2199033,18288,4,0
3118619,35761,13,1
2485732,581,6,1
2905646,45622,2,0
142429,27845,1,1
1424875,21903,13,0
411595,12797,9,0
3358415,42599,4,1
336423,31747,29,1
651025,12471,8,1
171574,16759,7,1
1230334,40216,13,0
1840937,43279,8,1
2921844,25931,3,1
107974,20738,6,1
2602164,25659,14,1
1465989,15629,9,1
116124,36389,5,1
2642472,25146,6,1
3071827,20327,9,0
3162717,38383,6,1
2833445,24964,8,1
3039231,30571,1,1
2199033,3808,12,0
781564,43138,8,1
555343,21724,4,0
472154,4302,4,0
2090821,26209,4,1
2027167,9203,5,1
626215,12023,22,0
2942114,39619,10,1
397675,13176,6,0
2599300,40229,11,0
1499836,2651,7,0
1498859,21903,20,0
267491,11182,12,0
748189,40706,10,1
87914,2078,10,1
2559979,21405,13,1
3168961,43295,10,0
2993445,5818,2,1
478112,12193,20,1
926869,19057,10,1
1346906,25629,14,0
311076,4103,6,1
1764235,20113,15,0
466910,15683,6,0
449989,30842,29,0
1081316,42265,10,0
383311,44795,3,1
247227,16174,7,1
3279660,15707,12,1
1282203,42828,1,1
3279660,12980,1,0
1374746,5268,4,1
401748,48720,9,0
1032465,13575,8,1
1209888,47040,4,0
699269,2234,2,1
3162717,27104,11,1
1077625,27608,6,0
68408,22963,9,1
1745499,15202,16,0
858265,41870,8,0
2469848,39275,3,1
1401083,8424,9,1
3345931,26209,3,1
1557429,39604,14,0
415429,12640,1,1
652209,32177,14,0
3178485,1696,8,0
1845470,27289,4,1
834642,11821,5,0
142507,13802,15,0
683065,22534,9,1
364411,9387,2,0
2965401,30442,1,1
527237,27463,3,0
1079090,42111,3,1
586497,31506,15,1
141549,16349,7,1
1580135,6489,27,0
2671730,5618,16,0
3347608,22553,7,0
1676253,44987,30,0
1988365,43799,2,1
587154,37646,3,1
779191,47626,14,0
1983044,41149,6,1
111516,46656,7,1
2078636,34862,5,1
3098466,23452,4,0
858265,27344,5,1
343485,25533,34,1
3118619,43974,11,0
2824989,13176,3,1
2544353,634,12,1
2193503,30480,2,1
2158622,27966,8,1
2298080,2295,8,0
772997,262,3,1
2639837,16953,5,1
1329074,13263,5,0
116124,8424,4,1
607499,44176,12,0
2319083,44632,6,1
2671607,10613,12,0
2033904,41665,13,0
1106114,24082,13,1
304846,18926,3,1
1708367,22308,1,1
1486828,27325,1,1
2461427,29118,3,0
1949159,49484,19,1
1806738,4930,12,1
1159468,35948,5,0
3309959,6328,15,1
359942,13858,4,1
827925,16759,1,1
148866,10246,7,1
2382288,22463,3,1
3345931,28527,7,0
1983294,28986,6,0
1052714,16715,23,1
2179555,34969,15,0
3277561,24964,7,1
3385060,44787,9,0
1664513,47977,2,1
2025409,43122,15,1
3419829,47209,2,1
1284652,38044,7,0
1599586,4945,4,1
242709,16797,1,1
3118113,2099,11,1
1645226,45007,5,1
373658,48801,8,1
1183675,10691,3,0
1711249,25581,2,0
143782,13176,2,1
2449351,36939,3,0
1227989,7021,3,1
3275606,24221,2,1
3118113,31981,12,0
1213002,5769,1,1
1759819,12341,25,0
2046208,26201,5,1
2391097,1940,1,1
1763628,46979,5,0
2319083,26172,21,0
1565135,38739,4,1
3299159,16797,6,1
867610,27966,2,1
1091897,42342,11,1
1536955,4163,8,1
1026077,47050,3,0
2078585,31231,7,0
2206403,5077,3,0
2707154,2141,1,1
1409253,4462,14,1
2602164,39275,6,1
1879873,1961,4,1
142429,31040,14,0
1785631,44142,7,1
1262456,10224,6,0
999822,15872,1,1
987279,9955,7,0
1172424,18523,6,1
2792577,14875,2,1
3277561,4853,4,1
2418508,32211,5,1
2929106,20676,15,1
1961692,38689,1,1
2658880,33230,1,0
1739738,24203,29,0
3333096,27156,1,1
1505841,27294,17,1
373658,9631,4,0
2812591,16518,3,0
55278,3579,7,0
1257106,21137,8,1
529777,29664,3,0
2060943,46979,4,0
1867422,14223,1,0
24778,49198,4,1
1505841,9130,11,1
3048657,30489,4,1
1052714,432,8,1
1983311,46667,8,0
414029,6242,8,1
742608,5825,28,1
87863,2668,1,1
752046,39699,4,0
2094479,21933,4,0
2785172,34230,11,0
1401083,10749,8,1
3345931,32177,1,1
1737386,16168,15,1
1654843,37625,1,0
757837,22504,1,1
959410,28156,7,1
562031,47818,5,1
1090427,1463,3,1
2319083,41665,16,0
2688053,42615,29,0
310520,11452,37,0
1737531,27086,9,1
1402703,12508,13,0
2784192,32299,8,1
1499836,10246,4,0
878107,19734,8,0
742608,15872,4,1
210330,4210,3,1
2688053,24852,1,1
1818572,16283,1,1
2078585,26767,14,0
607499,5025,9,0
371933,35855,4,0
2833445,17872,16,0
1588323,38548,6,0
757884,40939,1,1
1346906,48775,4,1
3411798,19660,2,1
136621,46667,11,1
1586472,46006,8,1
1105774,25513,11,1
232274,42450,4,1
1073064,33816,2,1
2163140,13176,3,1
2062671,28476,2,1
259284,15950,17,0
995278,27811,1,1
2430243,29941,12,1
568908,23322,33,0
1395632,21292,4,1
374148,44813,30,0
2050816,43352,34,0
626215,19051,21,0
1412551,48109,4,1
2876345,44570,1,1
1107206,33043,1,0
2205439,35424,11,0
2110658,79,3,0
991772,32160,13,0
2313657,581,6,1
136621,34126,5,1
2616809,48144,1,0
3229331,8174,1,0
646266,27845,4,1
785385,16616,17,0
2993445,226,7,1
2652966,17944,2,1
959410,24852,1,1
2329036,16349,1,0
2891810,42384,6,1
2253870,24852,3,1
1361469,47904,3,1
1221102,2228,8,1
2219353,31231,11,0
1749671,1940,2,1
2229411,4920,6,1
85974,9411,12,1
1821567,3793,1,1
614367,35958,1,1
2094728,12023,21,0
174976,32156,16,1
2793915,13263,7,0
2336048,1463,6,1
2414805,25346,3,0
55435,13380,18,1
259284,27243,14,0
1828527,13176,16,1
978849,27325,4,1
311076,43565,5,1
2790111,32265,10,0
759087,29418,10,0
699269,21351,34,0
1064200,49522,11,0
568908,39877,10,1
143782,44560,7,1
1165962,21903,12,0
3100406,9076,2,1
1676253,13380,9,1
1173240,16797,2,0
1884234,32655,2,1
2897081,15012,1,1
1329074,33957,10,0
1599092,6422,2,0
2095540,35547,1,1
410902,26800,16,0
2077812,22935,5,0
652209,2326,7,1
2062543,11408,1,0
1379909,39984,20,0
24778,30062,23,1
309543,45007,7,1
2825353,16479,10,0
2975449,8518,15,0
2965401,42736,10,0
1155473,40706,11,0
2095540,13852,4,1
397675,18523,7,0
1669079,49535,5,0
1759819,18376,28,0
1455635,11182,24,0
1465989,30551,14,1
2457821,35721,25,0
1134927,44557,7,0
1518716,6647,10,1
3159335,6278,17,0
808019,34044,6,1
424063,49451,5,0
48038,27885,2,1
1297444,25435,1,1
1806738,42495,14,0
959395,20869,13,1
357882,4605,8,1
2942114,44632,12,1
1873651,44142,6,1
3125951,41950,4,1
1058497,5025,1,0
2208428,44471,5,1
2597457,47626,6,1
90825,27415,10,0
2735618,22935,9,1
2094728,24759,3,1
2120886,19003,16,0
1983294,11408,10,0
1208677,40568,7,0
2659697,24852,6,0
769669,46627,17,1
1580895,46023,20,0
545902,47626,1,1
3119885,12914,14,0
33331,10761,3,1
3006370,23029,6,0
2790111,16959,11,0
3159335,31387,9,1
678823,4920,3,0
1156256,38609,5,0
2208428,31504,7,1
1983294,22281,1,1
1105774,9689,6,1
2815894,7058,4,1
359852,28692,9,0
1029026,5692,2,1
3147849,38531,5,0
3278532,28289,12,1
3027309,2913,5,1
1977792,10504,3,1
2033904,47209,10,1
167185,17604,3,1
55278,11597,9,1
2502010,21766,3,1
1713478,343,7,1
493190,27325,12,1
1651271,45622,2,1
858265,21019,6,0
1471750,14491,9,0
686547,6104,21,0
3367172,15923,11,0
2530803,1117,3,0
1787556,9839,3,1
2554464,10070,2,1
1460305,43847,4,0
1516617,34380,12,1
153033,18838,8,0
1781194,21137,3,1
2427011,12157,13,0
1064200,36326,18,0
1764235,40215,16,1
176114,8518,13,1
919796,1940,2,1
2460683,24184,6,1
2690791,48057,2,1
1382360,10992,1,0
1748458,21903,2,1
1083906,21333,8,1
1530932,31717,15,1
1060550,12385,13,1
493190,17830,16,1
1232327,46802,22,0
34163,2102,5,0
2636642,22935,3,1
2016405,35004,13,0
2806039,16797,2,1
1463803,26346,5,1
2809547,45007,11,1
646266,21137,3,1
2473729,40723,7,1
1052714,47357,12,1
748642,21137,8,0
2119883,32478,7,0
1060550,27344,1,1
1711653,21560,21,1
1737531,8006,7,0
3218966,42625,12,1
2880673,37317,4,1
304846,28054,8,1
792744,45608,2,0
779191,17622,18,0
2319083,42625,3,0
2250748,14399,9,1
1278498,21616,5,1
957110,4210,2,1
1529257,4210,1,1
2376926,37119,7,0
857255,48679,18,1
1017916,8277,3,1
2891355,18020,10,1
1742072,23543,10,1
2807097,13176,4,1
174976,39993,7,1
472154,35163,3,1
2120886,43789,8,0
493190,29662,17,1
2784427,31506,7,0
2621260,45774,12,0
2164338,19171,12,1
3343386,7925,2,0
3148338,16797,9,0
2542094,2481,11,1
1036185,10054,1,1
1828179,18242,5,1
2981157,36029,6,1
1173240,28204,4,0
1208538,32201,7,0
2010460,38739,6,1
3196061,30233,18,0
2895034,38383,8,0
1949159,46147,15,1
147343,22400,13,0
1953378,26061,4,0
2368144,27845,8,1
1806738,32019,18,1
1471750,22210,10,0
1346080,11399,6,1
1654843,13062,6,1
769669,16254,15,1
1455635,5077,6,1
284437,42834,21,1
2689668,4347,7,1
1476041,48762,23,0
1557429,10985,6,0
1155473,21903,14,1
1806738,10300,20,1
1439584,30391,5,0
1105774,8021,10,1
1676253,24615,10,1
2188005,30233,21,1
702422,28123,4,1
3303112,27086,2,1
1505841,27163,5,1
944659,26900,1,0
3039231,24852,14,0
3404430,5876,1,1
2659608,5994,2,0
1376096,30305,4,0
1286683,39423,1,1
2052149,4605,3,1
2108921,19292,2,1
2013275,116,1,0
740447,12732,4,0
1580895,9894,10,0
1858384,24830,8,1
1369853,44570,1,1
611769,13535,1,1
1604594,5450,19,0
3347608,25093,2,1
3167642,42828,14,1
2734430,27642,12,0
2616809,28323,5,1
2928528,19691,5,0
2464931,23774,20,1
1246420,8277,2,1
1737531,4920,13,1
1983044,47766,9,1
3032311,41808,5,1
464087,37919,4,1
488480,4006,11,1
2350937,16759,13,0
1521227,32839,14,0
2164338,25232,11,1
2517956,24518,2,1
254415,33457,6,0
2627826,22987,2,1
1763628,5479,6,0
808019,38288,11,1
2631301,44632,7,1
1121318,37003,13,1
488480,16953,16,1
213817,16456,2,0
2360078,8678,1,1
278157,4579,4,1
590255,14147,8,1
1515808,44980,2,1
568908,3381,18,1
3171407,20378,13,1
2290762,6166,6,1
410902,30489,29,0
1476041,27307,4,1
3100406,13176,1,1
2188005,5876,17,1
259284,7948,15,0
400576,47626,12,0
2378344,22428,11,1
283421,12779,2,1
742608,21137,16,0
2870580,6647,3,0
2250748,46222,5,1
1706342,9499,8,0
2686941,41539,4,1
2048259,24489,4,1
1060900,31562,2,1
507053,12341,2,1
2766238,6758,2,1
2517025,12779,9,1
2158709,40709,1,1
33427,44275,6,0
1081808,9829,4,1
2893609,31343,21,0
1768015,37029,1,1
1105774,25837,3,1
2688053,15290,2,1
246129,35824,10,1
3067396,24838,7,0
2424254,19660,4,1
2315587,28204,6,0
2157222,33623,6,1
2833445,22142,6,0
1845470,48299,29,1
155267,34126,14,1
2375492,21376,8,1
267491,8368,4,0
74625,28156,5,1
1080826,43295,6,0
1961692,13198,8,1
130722,21903,8,1
493190,22451,15,1
1460305,47565,1,1
1229133,14872,3,0
107974,21137,2,1
1749896,47626,1,1
1785631,19220,4,1
136621,5785,1,0
3369424,7308,10,1
2993458,47977,3,1
3088554,43352,3,1
1326080,4210,10,1
1571982,31725,3,0
2530803,35665,21,0
1286683,44061,3,1
779191,45007,3,1
1742072,48595,9,0
2773969,43983,7,1
2784427,39411,4,1
56384,7649,3,1
3106064,16185,12,0
3207271,12784,5,0
2766627,39928,16,0
2876345,42315,6,0
683065,8277,15,1
947646,1938,16,0
996728,18382,10,0
878107,6649,1,0
464218,44847,12,0
2534756,13176,3,1
310520,25031,5,0
139320,13870,7,1
628385,22825,6,1
2779441,28289,7,1
436969,43352,8,1
1650972,5077,21,1
57889,38427,8,1
1744633,29499,9,0
384250,45,5,0
3117201,10509,8,1
2789499,18180,2,1
2606989,22959,2,0
436969,43889,14,1
1738170,22793,4,1
2597457,6647,4,0
757591,43352,5,1
1052772,23520,2,1
1858384,12206,7,1
2688053,6193,24,0
525135,1076,21,1
2236390,33503,1,0
1749896,30391,5,1
772797,17579,4,0
2078585,43814,19,0
3056559,18465,3,1
2306745,33783,1,1
2154641,20870,13,1
500705,48679,14,0
55435,11481,15,1
1249722,22963,11,1
1941179,30827,14,1
2898330,22275,4,1
58438,26373,11,0
959410,24397,21,0
3174249,28993,1,1
2157222,30391,12,1
1151977,33060,13,1
3358415,10851,1,1
2276299,29126,2,1
740447,19691,1,1
1764235,36011,2,0
1889679,34126,10,1
1580135,31553,14,1
1499836,5785,1,0
1657182,14678,8,1
2368144,117,9,1
2282529,43210,31,0
1313934,25087,1,0
2751101,8501,1,0
1090427,8230,13,0
2396536,26604,9,1
2486087,49510,2,1
2424254,27521,6,1
1369416,33438,12,0
2819443,23445,3,1
410902,20520,28,0
1091347,49381,19,0
2160534,37774,3,0
249748,46029,7,0
1214991,47626,13,0
896359,17191,5,0
1606343,24769,1,0
22352,48697,3,0
1335079,44948,1,0
1022964,47518,22,0
209779,20380,8,0
2688053,39991,11,1
2401188,42445,5,1
482771,11913,1,0
254415,46104,11,1
1754089,34407,20,1
2135040,28874,17,0
231475,35223,7,1
2868611,26364,6,1
1806738,26767,3,0
713135,46730,12,1
239592,37508,11,1
55278,33120,8,0
285231,39928,3,1
2368144,41787,12,0
2130085,16797,4,1
2235395,40621,3,1
809920,49533,25,0
882997,7963,17,1
3178992,30489,11,1
2766238,27966,3,1
1449199,27086,1,0
2795874,31789,3,1
2809547,46667,25,1
380217,31002,1,0
1754089,25745,5,1
3159335,16900,3,0
2380346,40711,10,1
34163,6201,8,1
1905929,17948,7,1
1621444,3843,6,1
893488,33065,3,0
3367254,44562,25,0
1134630,260,11,1
676611,9595,3,1
2930044,22935,3,1
3048832,45013,4,1
2181668,46175,8,1
1058493,3741,28,0
173334,26405,3,0
462204,9554,7,0
3418597,19734,6,1
608475,19678,1,1
69847,10424,3,0
3179270,2825,10,0
2253870,8277,23,1
125527,21610,15,1
828533,4498,1,1
1121318,14218,20,1
1912642,28413,7,1
3106064,42699,3,1
2677350,4986,5,0
2932939,10613,23,1
372017,49098,1,1
462204,46138,1,1
1754089,7600,24,0
1230334,45063,4,0
770584,22764,4,0
1571982,5025,9,1
1100907,22959,7,1
994829,12384,2,1
1516617,43338,1,1
332603,23915,2,1
883461,42828,1,0
3027309,31231,3,0
2108361,21903,6,1
809920,24964,18,0
1846047,46676,14,0
3119885,38739,12,1
101598,14870,2,1
832587,20261,1,0
1752226,13870,8,0
113486,17191,9,1
1335462,7693,5,1
1036185,23909,8,1
1036185,42460,5,1
1673670,27999,5,1
2205439,30751,5,0
783505,23734,11,1
3167642,48186,3,1
1465989,18926,21,1
410902,10337,25,1
491724,19508,6,0
464218,36107,19,0
3119375,45646,20,0
879214,35221,1,0
2206403,41290,1,1
2965401,39619,11,1
476247,36695,2,0
3140442,21137,3,1
1191492,2228,17,0
2870910,1025,20,1
1043033,10108,4,1
478112,13176,2,1
2895034,329,18,0
180808,28204,3,1
2034115,19678,6,1
3148389,14575,7,1
1711653,9515,27,1
3363387,40396,10,0
1673065,22935,8,0
3367172,12456,4,0
2870910,20015,7,1
3246286,13870,7,1
1208677,2002,4,1
1963154,2846,9,1
1893924,27796,7,0
3369424,49683,6,0
2564447,21137,2,1
2555851,42736,6,1
1945204,27323,7,1
285231,47766,1,1
3130206,23219,7,1
1984010,43464,3,1
991772,5566,14,0
879116,17027,2,1
3063030,26971,4,1
3171407,26730,7,1
1800023,20754,3,0
1934396,14776,5,1
332084,45007,9,0
675433,47229,22,0
145541,9434,6,0
1395773,17774,12,0
3363387,41774,24,0
2497140,13870,8,1
2751101,44604,2,1
676207,8174,3,1
91599,24249,1,0
1476041,7538,20,1
1077625,20063,2,1
129389,32923,4,1
2140510,881,8,0
1460198,7969,3,0
34546,28985,4,0
1319390,32018,4,0
984136,40252,14,0
3309959,21137,7,1
301752,19678,4,1
1667163,29950,11,1
702422,15290,13,0
3275606,41065,23,1
1392788,23800,1,0
2282529,21137,9,1
1654843,6839,4,1
2998363,49683,3,1
1258852,15902,4,1
629227,3874,2,0
3119375,39275,24,1
1061532,36988,2,1
3004791,18918,6,1
2048259,26629,3,1
2474227,44359,16,1
2102312,27156,7,0
410902,49236,18,0
2835751,3490,3,0
676611,20512,5,0
1696797,969,8,1
1419294,14161,4,1
3086475,21775,1,1
386283,7361,32,0
359942,27055,13,0
153033,16797,6,0
990074,27845,3,0
2498920,34128,15,0
226192,39620,15,1
752046,29993,2,0
984136,13231,22,0
1463803,35628,7,0
2551964,42551,2,1
1095049,41844,6,1
464218,10220,18,0
587154,21070,5,1
2108921,31981,1,1
2531749,17830,24,0
3286478,22666,8,0
2179555,45007,7,1
2627425,48364,5,1
2383849,21137,2,1
1044651,226,22,0
2382288,16797,6,1
568908,6184,32,1
3228592,13665,1,0
1737531,44628,5,1
3400506,18439,3,1
1175160,196,4,0
2461427,14084,2,0
1081808,48205,7,0
3171407,6371,20,0
2259301,40279,15,0
70932,38141,18,0
174976,46941,13,0
1621444,39276,4,1
343485,19731,9,1
2895034,20520,7,0
2475764,5077,2,1
2135040,49128,18,0
906163,40706,5,1
492086,8174,1,0
1017916,31075,8,1
1172424,35547,4,0
2157222,21137,16,0
1676253,48527,26,1
2975449,46667,7,1
808019,26790,10,1
176114,15899,2,0
3228592,20955,13,1
1147586,33198,1,1
142429,43621,4,1
384530,34358,13,1
952434,6187,7,0
2089989,47553,4,1
1464717,10644,13,1
2156507,1244,3,1
1058493,21601,23,0
2053562,24952,1,1
358895,6343,32,1
3396556,26165,1,1
2621260,12099,3,1
795216,5194,1,1
1121318,38777,25,1
2010460,18135,9,1
2131610,35336,4,1
1134630,23433,1,0
2428914,48109,30,1
1815792,32655,1,0
591840,47348,1,0
987279,27521,13,0
1759819,33232,14,1
1290822,38837,2,1
1586472,21137,7,0
2584332,11519,13,0
1221004,15592,5,0
590255,11361,12,1
2282529,28132,35,0
410902,24928,32,0
1464717,20876,16,0
3189826,27104,18,0
284437,10246,4,1
3159335,37489,8,1
672927,12341,8,1
832587,27246,6,0
1316576,37971,6,1
482685,41596,3,1
1156256,35512,29,0
400576,42110,6,0
2363164,30194,9,0
1172424,16797,11,1
757837,6948,4,0
2870910,25647,21,0
188023,42383,5,1
2998363,16797,8,0
3414109,27370,7,1
823366,38293,6,1
1147586,33909,15,1
2788699,13380,2,0
1946763,21183,11,1
156217,47766,1,1
742608,44910,33,1
1858384,21137,5,1
1969820,33845,2,1
1605416,41637,1,0
1036185,43568,17,0
1104559,46979,8,1
1633370,18234,8,1
139320,37335,14,1
2127202,24954,1,1
85969,39619,5,0
500705,21771,12,0
3029879,18827,12,0
2399369,5077,16,1
1107154,37919,3,1
1089265,32831,2,1
2229411,37147,2,0
2253870,28465,18,0
2303859,29574,1,1
338988,13829,8,0
3218966,28204,7,1
2789499,28993,4,0
414029,33357,14,1
2868611,32864,14,1
792744,7644,6,1
482771,32033,5,1
1089265,42265,3,1
3156699,40268,5,1
926869,40706,14,1
91599,35887,2,0
1755771,25466,1,1
2497140,5450,7,1
867610,21616,29,0
1117104,43352,19,0
2951304,44142,10,0
522660,34221,3,0
1740558,17794,8,1
2891355,16797,7,0
738520,17948,13,1
913743,14947,6,1
1580895,45258,15,0
22901,30489,14,1
1727430,29439,17,1
2158709,5757,8,1
2707154,48781,3,0
586497,41844,7,1
2551964,41999,8,0
1319390,42533,8,0
139320,11707,16,1
1713478,5383,5,1
33785,49198,14,0
2989158,48679,6,1
2689252,17530,12,0
1064200,30325,9,0
2319083,28985,7,1
2659697,10492,18,0
2313657,42736,9,1
753317,48857,3,0
1713478,16521,2,1
2127202,44375,12,1
415429,41400,6,1
2014989,43352,7,0
3415417,21076,1,1
737090,22234,12,0
2419939,14947,2,1
1060900,11182,3,1
1480365,36854,9,0
3121685,12341,5,0
1356160,35547,2,1
1596587,9554,1,1
408929,6568,5,0
915979,5114,5,0
1918772,22828,2,1
358895,24737,23,1
2531749,25890,20,1
677829,10326,3,0
1977792,9076,2,1
2033904,47280,5,0
2627425,48775,6,0
2717830,32139,3,0
2253870,38689,2,0
62539,343,7,0
318770,34243,18,1
101598,5550,4,1
3029205,23650,6,1
1573551,46962,5,0
920936,28931,2,1
2615945,2829,4,0
2472313,48205,6,0
153033,21288,5,1
1077625,21938,9,1
3410496,29553,12,0
2584332,15700,15,0
39845,7185,7,1
3004791,432,2,1
3214697,6184,2,1
785385,46979,11,1
1609317,37250,2,1
3419158,33647,8,1
171574,42450,21,0
2562608,13984,5,1
1257106,44233,3,1
3272670,39303,7,0
2997230,30989,5,1
2825353,27086,4,1
688175,10644,4,0
2429837,31343,12,1
2154641,44570,15,0
1949159,3233,16,1
702422,7969,16,0
1725202,21137,3,1
3363387,47156,1,0
2188005,19057,19,1
1176918,12542,1,1
2060943,34358,7,0
779191,27845,13,1
125527,274,28,1
1052772,28465,10,1
2766238,21927,12,1
2018860,45613,12,0
1701033,31116,3,1
1401083,13176,1,1
1090427,31772,17,0
1745499,31238,17,0
3299159,38579,8,1
1706342,8615,10,0
140931,43352,5,1
1172620,46061,1,1
966099,37119,2,1
22352,25588,4,1
1044651,16797,13,0
522396,31915,19,1
1873651,8260,10,1
73939,388,10,1
2094728,23634,9,1
2600858,6867,3,1
3039231,17492,10,0
3377890,36966,8,0
2825353,44765,11,0
1866506,25146,4,1
436969,49192,1,1
3130206,44632,14,1
426262,21230,3,1
466910,12276,5,1
386283,19376,33,0
1307787,48527,10,0
1845829,41540,6,0
1873651,1700,25,0
1845470,46402,5,1
415554,27028,3,1
508799,2295,3,1
285231,49273,14,0
2559979,4932,15,1
2072131,24139,11,0
1873651,40261,29,0
96751,24964,4,0
3343386,2668,11,1
2473729,38739,12,1
2415305,5818,2,1
1512816,28741,8,0
2898330,42972,2,1
136621,16462,12,0
488480,15160,14,1
1274211,45633,3,1
1737531,27625,17,0
416161,26283,1,0
2336048,29268,9,0
2795874,12508,14,1
1332924,24955,10,0
2250748,25952,7,1
2684951,22035,9,1
2292077,11046,7,0
1913452,8986,1,1
90825,49605,17,0
1989664,34358,16,1
3156699,31343,2,1
1049654,21405,13,1
2461427,47766,11,1
678310,27128,3,0
3125951,40706,3,1
3396089,47626,2,1
1753259,36664,24,0
1699361,38596,4,1
974903,1747,2,0
2788699,9618,9,1
386032,24852,7,1
3106064,42445,1,1
1913844,6593,3,0
1329971,43892,1,1
1711653,35951,9,1
1505841,34519,4,1
318770,3952,19,0
3322409,24852,1,1
2868034,23375,7,1
565392,29529,3,0
686547,43504,8,0
792744,40174,4,1
809920,24838,8,0
732000,21903,5,1
1858384,17021,14,1
104688,31343,17,0
572658,39844,8,0
1081808,34027,6,0
1769145,11826,4,1
1721106,12413,1,1
2380346,16464,1,1
1587280,37646,1,1
3343386,1219,10,0
1479450,5589,3,1
1083906,15866,22,0
602715,16797,2,1
1488296,31488,6,0
2457821,23601,30,0
1708367,13870,19,1
551046,21914,7,1
1170256,15097,8,0
1032465,19691,6,1
2041951,43445,6,1
543973,32689,2,1
34546,23178,5,0
2152455,11140,4,1
120566,15785,7,0
3299159,3919,3,0
2563762,46906,4,1
998879,41787,3,1
2534756,22035,12,0
713073,5991,10,1
1764235,8627,21,0
785385,11777,5,1
890832,5618,6,0
1731473,24413,1,1
3119885,21573,1,1
47552,12341,2,1
1947128,25890,6,0
3309959,29675,1,1
1764235,32981,26,0
2779437,27966,4,1
686547,48415,10,1
905844,45056,7,0
2825353,38734,8,0
1371837,44628,17,1
812827,5258,23,0
2380171,39581,1,1
340663,20734,14,0
2785172,33984,10,1
525135,49325,15,0
3218966,17318,9,1
1322202,42803,8,0
906163,6962,3,1
1705842,44980,10,0
742608,2846,11,1
3121412,16696,3,0
1946736,1240,13,0
2359134,47626,6,1
2715919,6978,1,0
2449351,30420,10,1
3048832,46782,12,1
345323,28384,9,0
1879873,16616,12,1
3410496,39274,11,0
3120961,34126,4,0
2318060,32433,3,1
2824989,9901,18,0
1376096,13304,10,1
1117104,49383,18,1
764341,20674,23,0
1409734,47626,8,1
2078585,8153,11,0
2779437,29127,14,0
3278532,12315,24,1
1788324,13176,1,1
2427011,45842,3,1
3279181,14947,1,1
3272670,30391,17,1
1831838,22935,4,1
884290,5077,2,1
1884674,38739,2,0
400576,38758,16,0
258778,33147,2,1
2167266,30233,3,0
1100907,27090,1,0
3156699,22959,8,1
2671607,1157,19,0
1013742,21137,2,1
2824176,8898,6,1
24778,24003,19,1
3063904,30489,1,1
3056559,35176,8,1
2485732,33465,15,1
33331,47759,11,1
1100907,13851,5,0
1754089,26324,23,0
2554464,23644,4,1
167185,5479,17,1
996728,13176,2,1
2555851,16981,19,1
1941926,46692,3,1
2932939,36790,13,1
2282529,45007,15,1
2179555,24489,9,1
1028724,46886,4,0
612632,23763,2,1
2336048,8436,2,1
3179270,38689,1,1
531970,9076,12,1
357146,26751,3,0
1866506,2778,6,1
336423,11520,19,1
34546,4920,8,0
1965865,39408,9,0
2602164,43858,4,1
2378344,38557,6,0
397675,39928,3,0
2739767,40604,8,1
2464931,39619,17,1
410902,5818,4,0
310520,40002,41,1
812827,22935,29,0
2181796,31225,6,1
242709,27521,3,1
1319390,8518,15,1
1764235,35942,30,0
3147849,24499,4,1
449989,48192,28,0
1156256,37524,2,1
486501,33120,2,1
1270565,43279,4,1
2809547,36180,30,1
1322202,31236,6,0
2158709,38256,5,1
1165962,22400,17,0
2156132,39877,2,1
1725202,19478,10,1
1241815,18907,6,1
2689252,8580,15,0
1230334,5025,9,0
2342655,34335,11,0
915979,19250,4,1
2825748,40591,2,1
1711249,49352,3,1
1412551,43967,14,0
857255,45066,20,1
2868611,48487,17,0
3048832,2295,5,1
2048259,26620,7,0
1752226,23540,14,0
882983,24852,3,1
2761587,42617,3,0
1274211,6541,1,1
1725202,30233,7,1
101598,43662,5,1
1917563,22151,3,1
1635300,20842,4,1
144193,28204,6,0
130722,16185,7,0
310520,27544,2,0
1706342,27336,11,1
1900649,22312,1,1
2404972,13176,1,1
2420073,7673,11,1
1702465,31343,8,0
1221102,23233,2,1
840808,4058,6,0
712453,47626,8,1
192444,35004,7,1
239592,17652,10,1
2013175,44142,2,1
228658,30385,1,1
1310901,8571,1,1
1682682,8424,22,1
2377841,34824,7,0
808019,37646,2,1
3315383,43523,8,1
917307,34622,7,1
813117,43262,10,0
155892,28459,7,0
1749671,3265,7,0
1661890,6475,16,0
1683669,6231,4,1
650147,11520,1,1
1676905,31960,11,1
366041,44524,6,1
676207,48171,7,0
1931693,45064,5,0
129389,4149,2,0
436126,42265,3,0
366041,33731,8,0
3266888,19660,1,1
1228213,19678,5,0
3277561,30391,22,1
2773969,8958,2,1
785385,46692,15,1
1739738,48071,11,1
840808,36768,8,0
1327473,47865,3,0
2052149,23541,7,0
318770,13176,8,1
3119885,40542,13,0
1795016,25844,1,0
1858627,13806,1,1
1241386,17616,4,1
298480,24852,1,1
24778,24037,15,1
2130140,38273,13,1
2942114,35221,13,0
713135,1194,3,1
1346906,13517,10,0
280254,34126,6,0
176114,15290,11,1
2472313,47626,4,1
442153,38533,1,1
3322409,48118,18,0
2544353,39275,2,1
2498335,24184,7,0
3119375,29336,25,0
2942114,45671,14,1
386673,10749,22,0
1476041,7644,25,0
3371770,38763,4,0
683065,16995,6,1
2078348,40934,6,0
2034115,38383,1,1
1965865,7478,13,0
586523,6274,2,0
3410496,20114,17,0
3118619,17316,3,1
2642501,45948,5,1
2474227,42265,6,1
2642501,47993,4,1
525135,13740,17,1
2108921,12140,6,1
386283,31338,15,0
3392692,6795,3,0
221481,5876,5,1
675433,41862,8,1
1731918,32566,3,1
926869,17284,28,1
906163,41588,8,1
1332924,3529,12,1
3063904,5380,18,0
2079459,23009,3,0
1131189,27573,3,1
2309126,26307,5,0
1873081,40706,5,0
2498335,44632,10,0
309543,18656,8,0
1232327,21903,4,1
1702465,16759,11,0
39845,21051,5,1
3272670,2825,10,1
2461427,44142,8,0
777036,38295,27,0
3187545,33198,4,1
1577438,46436,5,1
1989664,37687,10,1
2600858,15902,18,0
565392,12916,4,0
2881431,30827,2,1
2156132,8277,4,1
1045353,4920,13,1
1243373,29529,11,0
1952959,10912,5,0
2688053,24041,5,1
2689252,35851,2,1
136621,24964,2,0
1022964,1934,20,1
1104559,33575,15,0
987279,47209,1,1
1731473,16759,10,1
206205,20741,10,1
2704542,46656,14,0
2599300,1999,6,0
31478,5420,3,0
1290822,32755,27,0
3159335,11121,18,1
2642501,17794,10,1
748189,26940,17,1
2936470,20512,2,0
1815912,47759,23,1
1781773,25890,1,1
3004510,24707,4,1
1362942,21140,8,0
2671607,49481,8,0
1725202,33125,17,1
2784427,13166,13,0
556236,14018,4,1
3214740,22963,10,1
791701,13176,6,1
410902,5025,6,0
2208428,36216,19,1
3094404,39180,1,1
284437,311,2,1
2530803,31268,32,0
2041951,38689,2,1
142507,33772,13,0
64319,33664,3,1
1845470,34690,27,1
1045353,39619,7,0
1702465,24964,28,1
3277561,5876,15,1
1288137,28842,3,0
793263,38689,1,1
2297930,34745,30,1
3279181,8480,11,0
772584,5025,9,1
769669,45866,21,1
1754089,24852,1,1
677829,42265,4,0
3277561,20995,6,1
292489,493,8,0
785488,14992,2,1
1362942,32734,2,1
984136,39639,21,0
1221102,5876,11,0
159485,13409,9,1
3086475,31766,6,0
1565450,47209,6,0
1121318,47766,2,1
3185505,20161,1,1
699269,26709,23,1
340663,24838,2,0
33785,37250,23,1
1384155,43654,14,0
500705,22935,6,0
226192,30696,7,1
345323,24852,7,0
1521227,13176,1,1
192444,19816,9,1
711923,11123,4,0
97868,21137,8,1
2078585,3061,16,1
545645,20734,11,0
75013,45007,4,1
33785,16696,15,1
2191145,10673,2,1
3407187,31506,12,1
292489,47626,15,1
1153735,38596,14,0
1716383,44717,18,0
155267,18609,1,1
1934715,23543,10,1
386283,11456,25,0
1605416,35817,4,0
858265,27246,2,1
2893609,13512,17,1
1759819,7175,7,1
1764235,35628,13,1
33785,24852,1,1
2152455,47766,12,1
414029,15477,19,1
3414214,39928,6,0
2805436,31805,1,1
525135,29071,14,0
2897036,43961,3,1
3140263,10749,5,1
2001987,17616,1,1
745548,21616,4,1
2329036,260,3,0
3068101,15653,4,0
1616264,32303,2,0
1961020,14947,1,1
3272670,37053,12,0
2449351,27544,5,0
3238836,33948,1,0
819802,22825,1,1
1884234,14992,1,1
3167642,2452,9,1
509434,7500,2,0
2734430,4477,5,1
2094728,39877,20,0
409481,2646,9,0
2025409,34969,3,1
2090821,20431,13,0
1952959,13176,3,1
1651271,40706,12,0
937452,2581,9,1
906163,14992,9,1
1845470,10350,8,0
2238376,5025,12,0
3277561,36315,19,1
196354,1529,2,1
3156699,10246,10,1
2418508,38768,1,1
578394,47348,1,0
772549,20339,1,1
699269,35123,12,0
785488,38508,14,0
3369424,15937,7,0
2932939,34487,28,1
2752035,34448,6,1
1173240,23032,8,0
479124,23423,10,1
2815894,10528,12,1
2752619,38371,3,0
3048657,24964,7,1
2985348,8571,2,1
2316788,31506,6,1
2512776,43768,20,0
2312946,45007,4,0
1963154,21938,18,1
1839858,27344,7,0
2534756,19057,10,1
2437216,15018,4,1
2297930,34134,27,1
373658,8414,10,0
3408821,17515,8,0
2751379,29474,10,0
1873651,42686,19,0
2229373,41362,14,0
1530932,21077,8,1
1077081,10504,7,0
473758,46676,1,1
2449351,7095,6,0
1313934,2180,13,0
1455635,38383,9,1
1752226,39041,9,0
3162717,10504,9,1
748189,40723,15,0
1240216,21903,9,1
2046208,28464,1,1
1028724,41730,5,0
3410496,8670,20,0
2368746,26209,3,1
3385060,32104,21,1
155892,9837,5,0
1708367,16349,6,1
1696797,8584,14,0
3278532,17224,21,1
415554,8710,20,0
2072131,25466,1,1
270117,3800,2,1
1705842,3765,1,1
292489,3382,14,0
2297930,42085,31,0
1476041,36286,1,0
2011953,30391,12,0
2297930,28071,7,0
2497140,19816,17,1
155267,44632,2,1
2968643,13176,7,1
785488,17706,12,0
1319390,12745,10,0
3339983,45246,8,0
551046,5065,3,0
1233999,5697,21,0
2825121,18918,31,0
90825,6046,11,1
372193,43394,5,1
2815894,10603,5,1
3419158,43961,7,1
336423,12519,8,1
3279660,27413,10,1
410902,21137,30,1
1961692,6532,5,1
167185,42183,13,0
1221102,36550,10,1
733072,32478,2,1
1759819,38567,27,1
2512776,31228,11,1
922083,46169,6,1
2959404,27966,11,0
1711653,40545,30,0
787925,36180,1,0
1676905,27179,12,1
649782,2035,2,1
2512776,19478,12,1
530658,36011,1,1
3404430,4799,6,1
1983044,5451,7,1
1316576,45007,2,1
545645,13984,14,0
1988865,15934,1,1
2034115,22825,15,0
1651462,25931,12,1
502962,43768,5,1
1716383,13629,7,1
1297684,35535,3,1
3140442,1323,9,1
864802,43352,16,0
416161,47117,6,0
2282529,24184,12,1
180808,1158,10,0
543175,44359,6,1
2864229,30534,4,1
3118619,47209,1,1
3385060,28378,16,1
3355305,40772,3,1
1361133,37394,5,1
878107,3800,5,1
1711653,39024,20,1
2498920,15602,7,1
1249722,11182,8,1
2050816,24413,8,0
2376926,33953,27,0
1586472,47626,2,1
1873651,49518,17,0
2248112,5194,15,0
1577438,33731,2,0
2334360,32666,12,0
1049654,4562,11,1
1395632,21288,9,1
73939,40815,13,1
1858627,20119,9,1
3017970,33098,1,1
155267,21413,13,0
906163,7485,12,1
812827,39228,11,1
267491,20090,5,1
1828527,26131,2,1
3039231,39719,8,1
3242636,11712,8,1
1040679,34668,6,1
3414214,43789,9,0
3419634,3957,12,1
543973,23909,1,1
2319083,3464,23,0
1913844,15532,5,1
1769145,24235,3,1
254415,29529,12,0
345323,23785,10,0
2399369,17459,4,1
2382288,38371,1,1
965870,7539,11,1
3226250,8518,3,0
1607018,36389,12,1
1752226,49030,12,0
491724,43858,1,1
2401188,20520,8,0
1580895,20378,11,0
1603903,39928,2,1
46409,6269,4,1
148866,47626,6,1
1376096,28985,2,0
1105774,7076,17,1
2135040,25890,13,0
1375389,38408,6,1
2199033,17341,5,1
2491906,48679,10,1
9059,8571,2,1
3339983,32864,3,1
1705842,14439,9,0
1227989,30774,4,1
2140510,2086,5,1
917307,24852,3,1
1577438,46325,8,1
3283228,48523,4,0
3148389,25362,14,0
2025409,14651,17,1
1465989,13974,10,1
1737531,37107,6,0
1894752,9796,3,1
90825,8518,13,1
3159335,9746,12,1
1379909,41149,6,0
2929106,38944,20,0
1060550,27336,12,1
834642,12504,4,1
153877,39448,6,1
336423,39703,36,1
3406316,30252,5,1
2052149,49652,5,1
1828179,33198,1,1
1789088,18594,17,1
2207796,43635,1,0
2441349,28156,5,0
1989664,35221,20,1
3419634,14199,22,0
2414805,7693,9,0
104688,1458,19,1
2223233,34368,3,0
997929,33016,13,0
650147,19535,9,1
1304448,22802,5,1
2508385,44359,1,1
2621260,11185,16,1
937452,27147,17,0
1903418,36431,2,1
590255,9203,3,0
409481,14197,5,0
1889679,44632,3,0
1673670,30391,3,1
2902983,39663,12,0
1900649,42768,2,0
3048832,3007,11,1
684054,43789,10,0
1941179,16953,10,1
2464931,41665,15,1
197549,19057,6,0
2041951,8021,18,0
482685,12341,1,0
3156699,21903,15,1
333900,517,5,1
1367879,39275,4,1
2807097,27966,1,1
2902983,40332,16,1
1106114,27156,1,1
2842283,22935,4,1
1651271,20114,30,1
586497,12961,9,0
1884842,16661,20,0
318770,27966,15,1
254280,32156,1,1
1667163,17789,9,1
684054,29867,9,1
1176884,30391,13,1
2374107,13176,1,1
2825353,22035,3,1
1833382,48679,3,1
1361133,24232,4,1
2401188,45840,7,1
2792577,38200,7,1
2681884,26209,2,1
2376926,45570,29,1
1498305,42668,15,1
1633370,1158,12,1
1737531,46505,19,0
310520,11777,14,1
2584332,47626,3,0
2473729,21137,5,1
2152455,14947,1,1
343485,42028,7,1
2833445,8277,17,1
899039,28204,2,1
1455635,12409,27,0
864802,10761,5,1
994829,36036,1,1
1252827,22234,20,1
221481,21903,6,1
194393,37687,2,0
2464931,3873,28,0
2102312,45066,14,1
3272670,46667,18,1
947646,40604,8,1
1121318,25659,18,1
2642501,27845,22,1
2041951,42110,10,1
944659,8079,2,0
1587825,42701,2,1
2025409,22825,14,1
75706,4724,3,1
2489757,28918,3,0
47041,12283,11,1
1946736,8092,19,0
1032465,44683,10,0
1912642,22507,5,1
3140263,31066,14,0
302725,37919,2,0
1040679,35221,14,0
3337809,12144,6,1
3130853,21501,14,0
1858627,37807,2,1
2599300,63,9,1
3272670,41950,13,1
338988,25093,15,0
3242636,24852,5,1
2473729,44229,18,0
2642501,45007,20,0
896359,49191,6,0
742608,21938,27,1
936635,34358,3,0
926869,4799,11,1
764341,20995,18,0
1241386,48246,5,0
1402703,29553,3,1
3415417,3918,13,0
2475764,6104,11,0
371933,46650,9,0
2278915,46676,4,0
1912642,33279,2,1
466910,19348,9,0
2205439,44379,7,1
2599300,13176,2,1
2253870,8309,19,0
1106114,47652,6,1
2137849,4455,2,1
2608193,34969,2,1
2014989,39275,10,1
2959404,14814,15,1
785488,27086,1,1
2542094,5782,2,1
1951002,890,3,1
987279,3952,4,1
1471750,15791,16,0
902794,8048,5,1
902794,32303,10,0
171574,22280,19,0
2131610,42282,5,1
2130948,5322,8,0
2394392,43352,6,1
1308278,46175,5,1
2942047,12500,8,1
2655361,20985,3,1
1055060,13176,2,1
2489757,33198,4,0
1943542,26040,5,0
33785,34050,8,1
232274,42445,6,1
2487759,30505,8,0
893488,16797,10,0
1134927,7051,5,0
2891810,19167,3,0
1702465,7035,26,0
2441349,46900,2,0
2133756,10612,10,1
228658,38293,6,1
414029,16103,15,1
69182,47626,5,0
2530803,3262,25,1
3379405,45965,8,0
410902,4656,23,0
551046,13176,8,1
916795,44910,13,0
764341,8070,17,0
426262,29139,12,0
384530,38293,2,1
1673670,47630,10,1
2841323,38291,14,0
2027167,9387,8,1
1049654,27845,2,1
1165962,26604,20,0
2551964,4367,10,0
1241783,7969,2,1
1983311,18531,7,1
3140442,47626,12,1
2475764,24964,7,0
827925,10070,2,0
1361469,1194,1,1
834642,5428,3,1
318770,39877,7,1
1651462,21405,8,1
1899600,26870,4,1
34163,31406,9,0
2880744,34371,1,0
2929106,18465,3,1
196354,21405,3,1
3419435,24852,4,1
1369416,11182,20,1
2555851,8092,14,0
1838090,38383,6,1
2436820,43154,1,1
3130206,42633,27,1
1339862,21709,26,1
1803119,21137,3,0
3414214,19173,14,0
1156256,12290,1,1
1281067,30161,3,1
2053562,39024,21,0
1607018,33120,3,1
1580135,717,19,0
9059,29223,1,1
494319,35378,1,1
148866,27156,22,1
2050816,6541,7,0
1739738,4920,1,1
1845470,15276,18,0
3278532,20995,10,1
1695091,3880,6,0
1963089,47209,4,1
2809547,28373,12,1
2586684,6187,3,0
1899313,26961,13,0
1036185,6631,18,1
55278,37053,15,1
1980091,1999,5,1
607499,44142,11,0
947646,4605,11,1
3390842,8637,2,1
156217,27925,3,1
2130140,14764,19,0
374148,2494,16,1
2636642,7260,10,1
1232327,12456,9,1
2360078,32950,8,1
2090821,48409,9,0
614770,48090,2,1
2445119,26131,4,1
358895,5251,29,1
1271003,45007,4,0
1117104,16797,21,1
2701129,8712,4,0
284437,2536,10,0
2544353,2883,16,0
62539,32139,6,1
1460198,17469,2,1
2906880,47209,6,0
568908,33129,29,1
2480065,39162,9,0
523965,12162,7,0
572658,5911,17,0
1064200,23026,7,0
3156771,5450,15,1
2069580,45007,1,0
2917865,22046,1,1
2158709,46229,16,1
1155473,13198,1,1
2959404,25476,26,1
1252827,23191,14,1
2067696,29072,3,0
1131189,17715,7,1
2050816,45045,10,0
952434,4792,8,0
769669,23734,13,1
130722,34126,20,0
2232755,28371,5,0
3140442,35221,18,1
81475,39928,21,1
304846,41844,7,1
2130948,30489,6,1
167185,21137,24,0
1229133,22260,9,1
2787322,19508,11,0
1917563,21709,11,1
1689000,30996,17,0
542414,14992,3,0
259284,3092,6,1
158241,21137,3,1
1013005,35942,1,1
3119375,13802,18,1
2939651,23082,3,1
392223,30596,5,0
2406823,13870,1,0
180808,5450,21,0
2642501,5450,23,1
1984010,18175,2,0
1091347,48527,23,1
1899083,37499,6,0
2271176,23579,8,1
1504514,30154,1,1
332084,27286,12,1
3063904,37220,22,0
2126836,26317,1,1
793717,14853,2,1
2607415,30591,3,1
239592,39877,8,1
1571982,38739,5,1
59628,44987,10,0
33427,4210,2,1
1356160,40604,3,1
2773969,8637,15,0
1768015,812,7,0
58438,27196,3,1
777036,3155,29,0
1526749,48205,2,1
2229373,17794,10,0
2835751,16793,30,1
1703282,12845,1,1
882997,13176,6,1
1361469,34386,8,0
1739738,37096,28,0
301335,11463,2,0
357882,15290,19,1
2567955,20345,13,0
478327,11710,12,0
1965865,39991,8,0
1516617,4297,8,1
3082039,30774,5,0
568908,21334,34,1
301335,1124,6,0
905844,46306,8,0
2428914,24838,8,1
2921844,17461,2,1
997007,21709,7,1
113839,41950,4,1
1278498,18523,2,1
1319390,44375,18,0
3344551,48395,4,0
336423,3584,1,1
2833445,44765,12,0
2282529,12206,28,0
1884674,31553,7,0
2677350,44632,1,1
1058497,47626,3,0
737090,27353,10,0
2318060,42633,10,1
1220243,30391,5,1
1496080,47348,2,0
758118,34160,5,1
69182,24831,11,1
1531074,17664,1,1
3170244,17835,15,0
2928528,31717,4,0
1553517,42585,1,1
926869,48679,17,1
2555851,38141,18,1
2868191,40706,6,0
2567955,46979,10,0
1900649,36695,3,0
139320,13517,26,1
3278532,38159,17,0
1386193,21903,5,0
1759819,7515,19,0
2391097,4936,12,0
1873081,32864,6,0
2208428,21137,15,1
3272670,36082,20,1
310520,22025,20,1
2833445,45578,15,1
1221102,14947,3,1
2615518,43961,9,0
2932939,30227,14,1
3406316,18272,9,1
1058493,1405,5,0
3048657,8988,18,0
2684951,47816,13,1
1764235,32096,29,0
1243180,1006,1,0
493190,36968,19,0
2062671,29553,7,0
1648905,29894,5,0
158241,27344,4,1
3148389,21137,1,1
3169755,48861,8,1
2428914,5077,42,0
2498335,42071,3,1
2769359,27521,2,1
464218,22077,17,0
1105774,5479,1,1
3171063,24704,7,1
280254,28849,16,0
1634192,30391,11,1
482771,33316,2,1
1651462,37687,14,1
650147,12986,4,1
3179270,30561,6,1
522396,23265,3,1
392223,26209,3,1
2205439,23405,4,0
1696797,21709,9,1
280254,9839,12,1
1176861,39832,9,1
905865,24852,4,1
3167642,651,5,1
1117104,1158,1,1
1483950,8596,11,1
1964718,14218,9,1
759087,4145,11,0
1499836,30154,8,0
882714,27865,1,1
3410496,41290,9,1
2542094,18998,23,0
284437,17600,3,1
343485,30391,32,0
2137849,40001,8,0
1045353,48679,20,0
984136,38159,19,0
63586,30233,17,1
239592,16521,9,1
1873651,36482,39,0
3322557,48370,3,1
2224522,42030,12,1
1231050,38949,11,0
1208677,17713,6,0
1801142,21405,10,1
758118,22178,11,0
1989664,26209,5,1
1460198,39993,9,0
1630931,22372,8,1
281717,45007,1,1
2734430,33354,1,1
590255,30627,5,1
809920,46676,5,0
959395,41920,18,0
2334360,27966,3,0
3241423,43154,1,1
2766238,34694,19,0
568908,24764,35,1
3048832,21137,14,0
139415,34513,6,1
1708367,17878,15,0
270117,26497,4,1
2985264,32655,4,1
557003,14966,7,1
2852498,27845,5,1
875421,39177,6,0
3093586,19146,5,1
2248112,11231,5,0
284437,17122,22,0
562031,11220,7,0
3167642,48720,8,1
449989,25691,6,1
2183623,18246,2,1
2094728,21903,10,1
3168961,31066,12,0
755452,27966,6,1
2563762,9076,6,1
491724,5652,9,0
3067396,45007,1,1
488480,33651,19,1
2958000,21938,4,1
2932939,3999,32,0
2982082,47144,5,0
2033904,16290,6,0
2050816,5491,12,0
1845470,41385,23,1
1299060,31474,1,0
1815912,45106,12,1
2615077,11580,5,0
221481,43654,4,0
3239508,44479,5,0
741661,48559,3,1
464087,1940,3,1
2728477,21850,10,0
2660000,15780,1,0
1884842,31555,5,1
415554,22935,15,1
125527,39953,26,1
3119885,17157,3,1
783505,45909,3,0
2229373,22151,5,0
879214,47877,2,1
882714,20114,7,1
2011953,31040,15,0
3093586,48775,3,1
572658,12516,20,0
3048832,5077,6,1
759988,35721,22,0
2464931,1999,22,0
791701,33791,7,1
758118,1749,3,0
2880744,2979,6,0
1667163,20269,4,1
1083906,23165,7,1
937452,5876,7,0
867998,19607,9,0
1322202,15950,13,0
411595,27451,3,0
1592008,27196,3,1
1673065,13176,5,0
2025409,5077,24,1
2208428,34270,3,1
1241386,25466,2,1
712453,40396,16,0
1412551,18465,2,1
1077625,3957,7,1
343485,41842,11,1
1175160,21572,2,1
1480365,47209,5,1
3218966,34541,21,1
1769145,779,8,1
2889454,30496,15,1
310520,16797,16,1
34546,42265,6,0
2209627,21137,4,1
3196061,38998,10,0
1387411,37449,3,1
2671033,39922,1,1
113486,4149,4,1
1705383,42768,3,1
1988365,42625,10,1
3010082,18615,1,0
2410485,38866,9,0
2375492,2295,2,1
2779437,47788,9,1
3396089,35633,4,1
1634936,32320,5,1
2790111,19389,18,0
1032465,30827,9,1
1885962,6647,2,1
1058493,7736,22,0
210330,27730,1,1
58438,36959,5,1
2130140,38293,14,0
1794436,24184,2,1
2814659,4591,2,0
1465989,42300,7,1
3242410,17835,4,1
1170256,44570,2,0
310846,47912,4,1
1127459,32156,10,0
2659697,23744,21,0
1246420,26209,3,1
1651271,39693,11,0
1941926,27683,8,1
2179555,20995,2,0
2805752,24235,7,1
211750,41950,18,0
113486,4621,11,0
1599092,7619,9,0
1476041,44500,22,0
377315,21903,8,0
867610,32655,8,1
3275606,8174,5,1
2652966,17721,6,0
2404972,21137,11,1
2852498,2350,3,0
1312063,22656,1,0
3029205,23744,13,1
11646,22935,7,1
1781194,3265,2,1
3098466,2449,2,0
2342655,13646,8,0
1855033,47144,5,1
1086806,11109,2,1
3089685,34969,7,1
3048832,32051,16,1
1713478,14429,8,1
2282529,2101,30,0
210336,2616,9,0
3144865,23888,1,1
741661,29627,4,0
2082012,26911,7,0
2188005,42445,25,1
2246291,45066,2,1
1749896,4605,6,1
2498335,48679,1,0
1147586,44492,19,0
2544353,38683,14,1
1676905,34940,14,0
812827,30388,1,0
1546802,34275,13,0
3121015,23095,2,0
659268,17341,5,1
3178485,26166,10,0
2424254,38739,12,1
688175,21903,2,1
2779441,21288,10,1
3375524,6166,11,0
1634936,43352,13,1
3358415,31883,5,0
1941179,14582,23,1
997200,25257,3,1
913743,12576,7,1
2248112,39762,6,0
2430243,6046,16,1
1447765,12606,2,1
392223,429,4,0
33427,7264,5,0
386283,14576,12,0
1077081,24852,12,1
2472313,7969,1,1
3414214,34126,10,1
1173240,5025,11,0
2877607,4210,5,1
1683669,1631,2,1
1941926,15290,6,1
3029205,17758,5,0
2785172,27662,8,1
2612566,19057,5,1
1295441,36507,12,1
1840937,39922,19,1
2837244,45875,1,0
1521227,29326,6,1
1041690,8824,5,0
757837,8516,5,1
2360078,30315,4,1
69182,32387,10,0
1585527,39215,1,0
1450099,43352,5,1
576612,27521,2,1
3246286,36550,8,1
1037027,9808,7,0
3087033,34423,8,0
304846,19057,5,1
33785,18523,4,1
1689000,33741,19,1
3130853,49683,5,0
751704,26878,5,1
153033,20738,1,0
2010460,27845,2,1
1464717,22035,2,1
1253527,20842,4,1
1755771,10676,8,0
3118113,45066,1,1
1044651,48745,19,0
2615518,9327,2,0
1455635,38159,31,1
1815912,20345,20,1
1117304,16262,2,1
153877,47485,2,0
874923,9006,11,1
2108361,39558,13,0
1046142,9597,3,0
1964718,14233,1,1
1731430,16616,3,1
493190,16797,6,1
658797,16083,1,1
1465989,18922,16,1
3323641,15438,11,0
87310,45066,2,1
1486828,33823,4,1
2120886,47209,13,0
2158709,24957,26,1
2985348,19767,7,1
1745499,27360,8,0
2188005,19816,14,1
2670992,13535,2,1
90985,5902,9,1
1873651,11865,11,0
1530932,38647,12,1
2751379,22935,4,1
1873651,4781,1,1
2430243,41844,15,1
47041,23537,3,0
590255,47652,1,0
1705383,27966,8,0
3363387,13198,20,0
3407187,26751,13,1
2633981,24955,2,1
1339862,48407,16,1
221481,41950,16,1
3063904,19478,13,0
139320,34049,20,1
2975449,25931,8,0
2806039,29084,4,1
1635300,5876,3,0
1134630,16797,9,0
1943542,5097,10,0
3202236,1006,6,0
386283,19006,6,1
959410,40545,9,1
1774589,13194,1,0
1124874,27086,1,1
349684,7001,3,0
2809547,3599,4,1
2297930,14678,22,0
90627,34429,5,1
1764235,17706,25,0
1061532,48790,3,1
676207,45007,4,1
291642,16759,4,1
2244768,17615,1,1
55278,11441,21,0
51913,21137,4,1
1759819,45104,15,0
3343386,5223,13,1
785385,3683,21,0
2391097,5334,3,0
1838090,11005,9,0
1100907,39408,4,1
2414805,12576,8,1
2158709,1712,10,1
832587,20955,16,0
343485,8478,35,1
1282203,45007,10,1
1077625,33135,1,1
3322557,18288,7,0
1676905,42450,5,1
73647,15869,9,0
2684951,11136,14,1
1044651,17874,14,0
384430,38609,3,0
1090427,12935,10,0
890788,44954,7,1
2157222,10749,13,0
3039231,18659,11,0
1469840,29881,5,1
1651271,13974,16,1
2163713,49683,4,0
2659697,16797,13,0
3119375,5566,19,1
1134927,1364,8,0
1087344,27086,7,1
3302929,23540,9,0
113486,31506,14,1
2424254,42265,2,1
1747590,46200,3,0
1052714,15269,18,1
928387,36772,2,1
2098794,16759,1,1
1476041,37443,28,0
1496080,16953,1,1
3278532,26369,11,0
1661890,19660,9,0
809920,38656,6,0
1731473,35914,2,1
3238836,49520,4,1
261647,31477,7,1
2795874,39247,26,1
2612566,9839,1,1
759087,39619,8,0
1360843,24369,18,0
561925,48086,1,1
2053562,4421,10,1
2025409,1158,18,1
1806738,27022,15,1
27487,3957,3,1
464218,3873,20,1
2135040,25138,2,1
2323080,33357,6,0
2094728,14126,4,1
2461427,26209,19,1
543973,46844,5,0
1737531,34358,8,1
2975449,18465,9,0
239592,24420,14,1
1988365,7877,8,0
1886248,37506,6,1
3396556,25832,6,0
999822,9285,3,1
1191492,40545,16,0
85969,17462,7,0
1599092,37229,3,0
3267757,24024,5,1
87863,10032,9,1
2485732,8424,21,0
1165962,21938,10,0
1029026,24852,1,1
3343505,11794,7,1
2683895,38664,2,1
3050656,46346,7,1
267491,22124,1,1
874923,27117,10,0
2098794,32293,13,0
2985348,11759,4,1
3345931,27548,6,1
1899083,24654,8,0
2968643,19049,11,1
3140442,30233,5,1
1464717,48335,15,0
3178485,4798,5,1
164214,19660,1,1
2521485,27548,8,1
1252827,47229,12,1
3303112,7746,14,0
3198333,44683,1,1
3367254,5067,2,0
3032311,14061,11,0
2368144,36305,20,1
2584332,43789,8,0
3278532,26949,20,1
2826735,22825,2,0
3322409,5025,6,1
386673,21174,23,1
859568,48679,13,1
1447765,28071,3,1
2795155,18382,15,1
39845,12572,8,1
1249817,31225,21,0
1591185,19678,5,0
310520,30489,23,1
2833445,35939,7,1
2798028,24852,16,1
1346080,24841,3,1
308327,39275,3,1
33785,34449,11,0
793263,33754,2,1
3070849,4605,7,0
1523038,13772,17,0
764341,10070,3,1
1455635,1463,11,1
208335,49683,4,1
2474227,37766,14,1
2043945,27730,1,1
2248112,26790,11,0
3277561,24221,14,1
1231050,40910,3,1
1232327,44170,3,1
699269,46842,19,1
1203160,46990,2,1
2282529,31533,29,1
2809547,31683,2,1
2157222,11512,17,0
1630931,4957,3,1
1737531,7715,10,1
497500,30406,11,0
414029,39719,26,1
3093586,12069,4,0
2445119,25371,10,0
2600858,24852,9,1
1705842,26209,3,1
2498335,31343,2,0
318770,35363,11,1
1651271,23859,28,0
1267694,6576,2,0
3156771,46979,14,1
794064,13451,4,0
2942114,22142,4,0
409481,23909,17,1
1043033,16349,20,1
1634192,16797,7,1
2243802,4472,2,1
2276299,20114,5,0
318770,16766,12,1
1322202,6510,9,1
1441461,6184,9,0
511309,40271,7,1
2050816,44883,30,0
2360017,29223,2,1
2652966,34243,4,1
262634,25931,6,1
3407187,25706,2,1
178543,13176,3,1
1989120,5237,1,0
1983311,17948,6,1
1622830,260,4,1
144193,9409,11,1
2642472,21903,9,1
3126243,42445,5,1
1518716,46347,11,0
2877607,27086,3,1
247227,36885,1,1
125527,1835,1,1
162182,41787,3,0
1716383,27104,10,1
1022964,17986,15,0
879635,17948,1,1
2615970,14283,3,0
1657563,13373,12,0
2616549,47526,5,0
2825748,24954,10,1
1764235,4421,23,0
3343386,49054,4,0
812827,45066,19,0
81475,45570,5,1
1483567,27086,5,0
2805752,37238,10,0
2019002,33313,7,1
3323559,19734,6,0
497500,26620,17,0
1940934,32864,3,0
1764235,32177,11,0
2298080,27336,11,0
2795874,26493,9,1
2615518,6129,10,0
3415641,49235,3,1
1727430,39391,16,1
1749896,44514,9,1
626215,14086,19,0
1064200,37654,8,0
2627425,47388,3,0
2621260,16797,10,1
530658,15273,4,1
3030462,19904,10,1
384530,39408,10,1
1731787,43789,7,0
2988047,23734,21,1
800287,10326,7,1
148866,21903,14,0
959395,5462,20,0
2368746,34358,6,1
310520,26604,32,0
2088399,13245,1,0
3226250,42002,2,1
1250013,39928,7,1
3169755,22935,7,0
2735618,187,7,1
144193,33909,5,1
2410485,24799,12,0
1471750,21996,24,0
835893,1416,5,1
1536955,278,1,0
336423,34944,11,1
2809547,21938,14,1
2873745,5258,4,0
1941179,32747,1,1
813117,5479,1,1
270320,36180,3,0
3004791,34680,9,1
2491906,24024,5,1
1221004,26209,4,0
2245971,12564,5,1
2868034,17355,6,1
3052449,44683,1,1
3415641,11782,10,1
1689000,45948,5,1
2421891,21614,4,1
818092,39275,2,1
333900,7806,6,0
1794436,28553,3,0
2257798,22610,1,1
2375492,10603,1,1
1045842,5962,5,0
628385,33816,5,1
208335,34024,1,0
450065,5785,1,1
377315,28985,4,1
1873651,5699,16,0
1627476,5406,7,1
3048832,4576,18,0
984136,46505,7,0
2784427,28156,10,0
2790111,35077,6,1
555343,43789,9,1
1361469,49235,5,1
3207271,24852,4,1
1516617,38844,11,1
1022964,34969,10,1
963835,10166,7,1
2688053,32864,9,1
2989158,4945,5,1
1409253,43352,7,0
1379909,16145,5,0
193499,17794,9,0
261647,25965,4,1
562031,35988,1,1
1696797,37940,10,1
3239508,27275,4,0
658797,41463,4,0
1889679,22935,6,1
3121015,19468,4,0
1989664,28985,8,1
2078636,39408,4,1
2631301,21903,6,1
1727430,4920,14,1
1606343,6473,3,0
2375492,17461,6,0
2801193,23915,1,1
3390842,11123,1,1
2297930,12020,34,1
2608193,5450,1,1
1131189,23879,6,1
3005093,5876,3,0
1768015,34565,8,0
3338267,5785,2,1
779191,42469,2,0
1718682,19612,8,1
3147849,37208,12,0
2607055,32478,1,1
1953378,10017,1,0
100302,38293,4,0
1815912,21137,16,1
3121685,14347,7,0
2315587,21137,5,0
373658,7120,3,1
1958379,19678,4,1
1889679,24852,25,1
1121318,38557,24,0
2683895,40623,3,1
966334,21267,1,1
751714,29034,2,1
1949159,27156,22,0
2082012,21295,3,0
2790111,25170,13,1
3202236,21137,7,1
629227,23854,15,1
2380346,34178,16,1
1028724,42030,11,1
1603437,19068,6,0
113486,36164,13,0
2821303,42791,1,1
974654,38313,7,1
336423,36389,28,1
2278915,44632,6,0
3414109,7676,9,0
3117201,45051,2,1
1591185,5886,4,0
1104559,37067,5,0
1884674,35140,5,0
358895,12211,21,0
2895034,19057,6,0
1828179,18883,7,1
1052714,43183,10,1
2121022,48099,6,0
3278532,24964,4,1
2360017,47788,3,1
875421,26209,2,0
1725202,29898,18,0
1051559,22565,4,1
1424875,35986,7,1
882997,5114,18,1
858265,17328,22,0
3048657,26209,2,1
744812,17008,2,1
1594427,12276,8,1
2530803,39176,20,0
2770916,48335,6,1
1648905,47672,12,1
1941179,46842,3,1
2715919,38887,2,0
2989234,43248,11,0
1787556,24489,10,1
3196061,24852,6,0
1238015,3098,9,0
509825,12373,6,0
785385,27086,18,1
1471750,21137,12,0
3196061,4605,11,0
2420073,16848,3,1
1117304,28199,5,0
1282203,22825,12,1
2689668,28993,10,0
3418597,40538,5,0
3419634,48885,6,0
1481108,30489,4,1
999822,34466,4,0
542414,10749,4,0
2795155,28849,5,1
1023988,31268,3,1
64319,41787,6,1
476247,4141,10,0
6601,21626,6,1
3367172,29439,6,0
3130853,40878,2,0
1172424,35951,16,0
87863,10145,5,1
764341,18337,9,1
942724,5876,7,0
1725202,21267,8,1
772584,28842,11,1
1706342,12845,19,1
772584,4671,8,0
1781025,6740,8,1
1375389,1890,10,1
33785,46088,12,0
96751,47626,5,1
2316788,10831,14,0
3406316,5259,1,0
2615970,39041,11,0
2401188,6046,12,1
890788,23734,3,1
1265766,890,5,1
1739738,43263,15,1
1233999,11712,1,1
777036,14852,9,0
1054417,27156,2,0
738520,20323,16,0
551046,16797,23,1
1737386,9517,11,1
997200,6757,1,0
1606343,19145,8,0
226192,35984,18,0
2401188,21137,2,1
111516,14165,17,0
917307,43122,6,1
1565450,49513,17,0
3415417,25886,5,0
742608,6287,21,1
1980091,27086,3,0
3272670,25556,6,0
3030462,424,11,1
487015,17093,7,0
1439711,13176,2,1
197549,46650,8,1
196354,5825,4,1
1673065,10199,13,0
246129,25630,1,1
2276299,4605,6,0
1393193,17547,9,1
1044651,16521,9,0
1455635,12644,18,1
2889454,20919,9,1
878107,33129,2,1
1946736,9076,7,1
812827,24764,4,0
2163713,14704,3,0
2809547,43122,6,1
586523,31506,3,0
1050290,27966,6,1
1650972,24852,1,1
2219353,27544,14,0
1127459,40063,8,1
3119375,32842,14,1
1060550,31927,8,1
826427,4853,3,1
1964718,4451,3,1
3333096,10385,10,1
374148,42989,20,0
125527,24398,16,1
1382360,9550,7,0
1896008,21019,4,0
1889679,44359,7,1
1980091,17794,7,1
1257719,46473,3,1
1165962,47209,5,1
2232755,41729,3,0
3229331,15613,2,1
3082039,2092,6,0
1124874,28280,5,0
436126,13249,5,0
2555851,16070,22,1
2502010,21903,7,1
926991,47788,3,1
2868058,39581,9,0
377315,38164,14,0
1763628,26497,1,1
3420158,39507,2,1
2383849,43129,3,0
1339862,39475,7,1
783505,41651,8,1
959410,36772,4,1
1316718,13646,5,1
3140442,45013,20,1
913743,35221,2,1
2628112,47209,11,1
959410,32177,10,0
1170256,14197,7,0
1077625,1891,12,1
3303112,13176,8,1
2018860,41149,16,0
1313934,23236,2,0
1230334,47626,5,1
1322202,6197,5,1
3415417,7825,22,1
1953378,18740,8,1
1815912,23282,2,1
280254,35887,19,1
1964718,47766,2,1
81475,22935,24,1
672927,6184,7,0
874923,23254,13,0
732000,5390,8,1
1676253,38553,14,1
2942047,24852,6,1
715016,39040,1,0
3364168,8518,4,0
2997230,24852,3,1
1603903,26604,4,0
3228592,18725,6,1
2449351,5450,13,1
414029,8955,4,1
2766533,5677,6,1
928387,36085,10,0
2636642,42383,8,1
1571982,15860,6,0
1713478,39721,3,1
3337809,10528,1,1
2864229,16797,15,0
779191,27966,22,0
3130206,23102,5,1
33427,9681,12,0
2752035,26714,13,0
1361469,2099,7,1
2500056,11182,3,1
733072,48762,1,1
1175871,45007,15,1
47041,46616,13,0
2584332,36082,17,0
3369424,19730,3,0
1725202,37646,13,1
1121318,45066,19,1
1644594,8518,2,1
2199033,10835,11,0
450065,13176,3,1
90825,25963,15,0
394428,46149,2,1
3130206,27845,4,1
3119375,8536,15,1
1696797,43474,19,1
2567955,13176,1,1
1633370,26604,2,0
2397451,14645,16,1
1935957,13176,3,0
3125052,30450,1,1
2282110,9000,6,1
1565450,42327,3,0
835893,1883,3,1
1360843,41165,16,0
1173240,45856,19,0
1964718,39877,18,0
3148338,6473,8,0
1262456,13949,3,1
3283228,7521,5,0
262634,46667,8,1
2360078,3044,10,1
688175,43122,8,1
3082039,18234,4,0
374148,32413,1,1
1725202,7500,15,1
3419634,31195,13,0
551046,5618,20,0
1077081,38456,15,0
3029879,21903,11,1
2809547,31717,24,1
3282546,37067,2,1
827925,1103,6,1
3167642,11520,4,1
2689668,44683,4,1
2297930,3951,29,1
1243373,41900,8,0
2014989,37067,9,0
2259301,49363,5,1
2078348,5077,5,0
3379405,28985,10,1
1081316,49683,11,0
1731430,22025,11,1
155267,16759,22,0
2895034,13838,1,0
3396556,6948,5,1
1839858,5077,4,1
711923,8580,5,0
2282529,13176,4,1
2920031,11712,5,1
3419634,19711,16,0
1173240,21903,14,1
1064200,5047,17,0
2870910,45066,13,1
1465254,41171,6,1
1221102,34530,14,0
142507,24852,1,1
2615077,20796,1,1
415554,7715,1,1
1858627,48248,13,1
1401083,24964,13,0
2671730,5450,8,0
2428914,39339,31,1
2798028,14862,15,1
2895034,31717,9,0
2788699,35948,4,1
1553517,5371,6,0
448423,24834,5,0
2615945,48047,5,0
793717,13109,8,1
3170244,24852,6,1
485099,4792,7,1
1147586,43799,16,1
545902,26509,12,0
1083906,32700,18,0
1964718,32360,10,1
188023,49235,2,1
478327,27845,1,1
2868611,4600,18,0
3121015,46402,5,0
1593956,12914,7,0
926869,32585,25,1
1706342,15604,2,1
2686941,46088,1,1
757591,26683,1,1
3343505,17518,1,1
180808,36809,14,0
2469848,27845,8,1
3350400,44359,4,1
2188005,45495,12,1
1602552,45054,4,0
882997,9598,3,0
1536955,6210,5,0
276016,23032,4,1
1943542,21420,9,0
1557429,4054,8,0
1045842,13966,1,1
1371837,21903,13,0
2530803,19620,33,0
545645,34530,1,0
1109826,9284,14,1
2600858,27102,13,1
1800023,13500,25,0
2551964,2452,3,1
178543,2120,6,1
330860,43441,5,0
1737386,21137,2,1
1947128,4605,7,0
1961020,43908,12,0
1596587,22220,7,1
2696681,18471,16,0
2156507,34166,15,1
1091347,26412,12,0
1599092,26459,8,0
531970,24852,16,0
1127459,23805,5,1
2841323,30391,10,1
980530,35221,3,0
2181668,21108,15,0
2282529,47209,3,1
779191,24964,9,1
2704542,39170,15,0
2082012,39619,9,0
2011953,38273,21,1
1931693,15734,3,1
676611,15143,6,1
1409734,39732,2,1
1052772,7738,13,1
732000,19057,2,1
3275606,22247,10,1
68219,8174,5,1
3114739,23892,5,0
2098794,21137,8,0
2639837,35909,7,1
1307787,7158,9,1
1752226,34144,1,0
2259301,49520,4,1
1840937,20463,17,1
1840937,5450,10,1
2681092,7748,1,1
6601,19660,1,1
769669,28985,12,1
166425,12983,1,0
1711653,48287,28,0
415554,1749,12,1
1049654,1999,8,1
1471750,14211,7,0
1931344,23288,4,0
436969,38557,18,0
1774589,33847,3,1
1105774,33198,21,0
1838090,11193,8,0
2350937,4634,8,0
1412551,38067,8,1
2011953,14084,2,1
2942047,26695,4,1
3400506,27801,4,1
415554,24852,24,1
1946736,11974,17,0
1461992,32650,1,1
336423,36640,22,1
3178485,39269,2,1
555343,34358,8,1
2785172,33857,3,0
1439711,13635,4,1
1297444,7314,5,1
192444,11712,13,1
551046,343,19,0
878107,42460,4,1
2929106,8061,24,0
2534756,8174,9,1
142507,47185,14,0
1233999,12845,4,0
525135,13176,16,1
675433,20685,5,1
249748,277,8,0
467797,4344,3,0
2555851,45007,11,1
3337809,4920,5,1
73939,3996,9,1
3159065,26209,6,0
2063863,34658,6,1
1245012,30561,1,1
919796,26604,8,1
3377890,48071,6,1
1288137,21810,24,0
2809547,21295,20,1
812827,26209,31,0
3194842,2133,8,1
487015,7969,6,1
1288137,2295,16,0
1889679,12919,1,0
2135040,4779,14,1
1518716,3862,12,0
2248112,9475,1,0
2315587,7090,1,0
2167266,24964,5,0
3238836,34466,5,0
732000,34244,11,1
1630931,18362,5,1
2852498,47388,2,0
3363387,27471,2,0
3300995,38064,5,1
3334139,4605,9,0
2512776,5876,1,1
2530803,24117,10,0
832587,16855,31,1
2378374,5077,1,1
2517956,8174,5,1
2891810,34278,1,0
1969105,37067,6,0
3267757,20927,1,0
2188005,18176,8,1
1191492,23801,14,1
1607431,7090,14,0
1469840,14147,8,1
1523038,42606,16,0
1654776,28204,7,1
738520,4920,5,1
2831476,3856,1,1
1747590,48131,5,0
305867,22620,7,0
2011953,5258,5,0
926869,28285,30,1
1028724,37067,2,1
1941179,46167,29,0
2168213,42162,1,1
1220243,16797,3,1
1463803,12258,1,1
479124,16797,7,0
1058493,26604,11,0
1064200,33452,3,0
2495611,46720,13,0
1989664,46979,12,0
32916,28983,13,1
2639837,13517,4,1
867610,47249,4,1
173334,46562,8,1
345323,3020,4,1
1346906,49683,2,1
171574,38294,20,0
1469840,31647,2,0
1104559,44422,6,1
826427,23801,2,1
1716383,19678,14,1
147658,32655,4,0
1022964,41609,21,1
2486087,23543,6,0
55278,22247,20,0
2404972,6740,8,1
141549,31717,14,1
2608193,2314,5,0
301752,19821,1,1
3396556,24768,7,1
2897081,39280,5,0
90825,42016,2,0
3056559,29406,2,1
262833,48396,7,0
2930044,27286,2,0
2282529,32734,25,1
1593956,31231,2,1
525318,17340,9,0
2521485,15592,9,1
995368,13263,5,1
472154,41662,5,0
1516617,17730,14,1
994829,329,7,1
2795155,28289,9,1
1702465,36550,2,1
2250721,40348,3,1
3178710,24838,3,1
2534756,11005,6,1
1024277,4472,2,1
1512816,23554,9,0
2094728,27243,13,1
1754089,2120,19,0
922297,9913,2,1
1737386,36205,5,1
2751379,31801,9,0
90825,11182,12,0
1905929,25360,6,1
1045353,37220,11,0
497500,15575,1,1
2010460,42265,14,1
2207639,7948,1,1
1657182,36149,1,0
328745,16289,1,1
478112,28842,19,0
2090821,43889,7,0
572658,21793,6,1
1322202,43967,1,0
464408,39464,17,0
2316788,30489,2,1
343485,24622,28,0
755030,28413,5,1
6601,40910,3,1
246129,44663,9,1
2959404,8025,29,1
358895,614,10,0
758118,117,1,0
1946763,5537,16,0
63586,27874,5,1
3130853,3856,4,1
76443,10749,3,1
1464717,14996,11,1
1840937,2949,15,1
2238136,18224,2,1
2033904,10970,28,0
76443,790,7,0
2530803,12276,29,0
1505841,16900,18,1
1988365,5586,17,1
2930044,18394,6,0
1946763,30957,20,0
2010460,24852,8,1
1764235,16748,28,0
3411798,31730,10,0
1917349,28322,1,0
1058493,36050,4,0
763355,32420,6,0
2475764,42124,18,0
3004510,40516,2,0
2599300,34824,3,1
3400506,30183,12,1
141549,18479,1,1
1070297,14814,4,0
509825,32864,3,1
2037521,6647,15,0
2460683,5419,9,0
1369416,4749,10,0
314432,40824,10,1
141549,28985,2,1
2717830,40706,8,0
2255970,43631,4,1
1105774,13807,16,1
59628,7781,4,1
2158709,5707,7,1
2671607,12148,6,0
1017916,38734,13,0
2027167,4462,3,1
1414318,48004,5,1
2253870,26131,17,0
3218966,44799,2,1
423493,130,6,0
2551964,20345,4,1
757837,8518,21,1
96117,40997,5,0
2621260,47626,5,1
1109826,19964,19,1
1651271,5618,14,1
2763318,1005,2,0
772584,26836,3,0
358895,48551,1,1
1892383,43488,3,1
3056559,21137,4,1
3379405,9047,9,0
2897036,459,6,1
2172000,26914,3,1
228658,29722,10,1
1873651,4711,49,0
1671844,29594,13,0
1134630,48205,5,1
2485732,16001,18,1
2480065,27247,13,1
2120886,30305,2,0
672927,27757,9,1
75013,40545,10,1
136621,33100,9,0
1369416,34456,16,0
2688053,4121,8,1
3415641,25010,11,0
136621,27744,14,0
40247,32655,1,1
3222001,30776,1,1
70932,45582,12,1
371933,21137,2,1
2179555,47209,16,1
497500,35221,16,0
607499,27242,16,0
81475,13380,16,1
1091347,8951,35,0
3086719,45445,9,1
298480,22825,6,1
2798028,47766,19,1
991772,33301,17,0
3309959,34497,9,1
3048832,43122,2,1
3147849,17830,10,0
29486,23338,4,1
448423,6532,6,0
2681884,45007,8,1
1673670,38322,21,0
3001104,12476,3,0
24778,47485,22,1
2514824,35163,1,1
1682682,12772,13,0
2835751,14477,1,0
2359134,44142,4,1
3063030,12126,2,0
1951002,22935,2,0
2259301,21724,9,0
1041690,14439,3,0
2684951,16759,8,1
1464717,42110,7,1
1409734,21709,1,0
404164,4920,8,1
2615077,43248,6,0
2179555,12206,8,0
1392788,5025,9,0
2563762,46206,16,1
3408821,23098,7,0
3345931,5769,9,1
1708367,34489,4,1
1580135,15100,23,1
2140510,38944,3,1
565392,24759,1,0
46409,37067,2,1
2824176,44375,4,0
3086475,24235,4,0
1412551,12338,1,1
997929,14680,12,0
1326299,37307,5,0
2930044,5640,1,1
677294,7175,11,0
2795155,8087,17,1
3419634,29344,15,0
2701129,18595,5,1
812827,43086,35,1
3400506,2192,29,1
3218966,34487,5,1
1379909,44910,11,1
267491,8277,11,0
3045532,18721,3,1
2160534,6652,2,1
1838961,15937,3,0
2445119,47912,1,1
478112,31506,27,0
76443,43768,4,1
2474227,30391,4,1
1941179,1368,5,1
913743,44632,1,1
1406604,19906,2,0
987279,17694,17,0
2841323,33065,6,1
1037027,30480,5,0
2250721,25988,6,1
2868191,41220,2,0
1392788,14553,8,0
1379909,5646,10,0
497500,41844,7,0
545902,15290,5,1
928387,33731,4,1
3242636,27695,2,1
1058493,9175,14,1
237808,6184,3,1
3400506,11463,15,0
3419829,37646,5,0
2577537,34668,2,1
2824989,45190,9,0
1434437,21267,4,1
2512776,25525,19,0
308327,43889,9,1
1815912,39928,6,1
2835751,10749,17,0
1945204,48226,4,1
2048259,21267,9,1
1173240,28849,17,0
906163,25138,1,1
254342,11520,4,1
2628112,45066,17,0
2671730,34358,7,1
1045842,22028,6,0
142507,38028,2,1
2445119,40706,15,0
1855033,40377,11,1
1868479,651,1,1
454496,663,3,1
2120886,6635,5,1
2250721,26882,7,1
3030462,32557,14,0
2870910,3270,11,1
1676253,47759,28,1
414029,25506,31,1
1455635,34166,22,1
492086,10121,16,1
2688053,17858,25,0
1052772,26298,11,1
2315587,47209,2,1
493190,43352,14,0
2077812,30391,4,1
1873651,31717,7,0
1879873,16273,10,1
2341376,29898,5,0
1240216,35547,10,0
3396457,45004,1,0
366041,36348,10,0
1899313,17986,8,0
2809547,10385,3,1
772584,34582,12,1
357882,34949,20,0
2684951,3896,1,1
1801142,31737,12,0
1455635,19057,21,1
1282203,20608,5,1
2408544,16797,1,1
2868058,31553,1,0
3363387,39162,18,0
1177941,45064,1,1
2897036,49633,5,1
2034115,300,4,0
3309959,23407,4,0
1109826,36412,21,1
2158622,42265,14,0
2752035,27729,5,1
812827,13176,10,1
358895,26209,27,1
85969,2269,6,0
208335,37067,8,0
2121022,35652,8,0
1504514,46906,11,0
1867718,31288,1,1
2396536,24852,1,1
1713478,38071,10,1
876134,45534,1,1
143782,38312,6,1
748189,26165,1,1
2068743,28849,2,0
1105774,48190,20,1
314432,2825,3,1
156217,37646,2,1
1599092,13619,6,0
1651271,33379,10,0
55435,49044,2,1
2620231,16797,3,0
3147849,43713,9,1
645821,24852,1,1
1580135,40136,21,1
557003,37646,4,1
1862614,44910,3,1
404164,5240,7,1
3283228,3090,6,1
2025409,38689,9,1
2410485,43662,11,0
2681884,40604,9,0
411595,10460,11,0
1440459,32303,1,1
2793915,11448,8,0
2627425,31508,9,0
373658,16521,11,1
557003,27845,1,1
2157222,329,5,1
62539,43713,4,0
1091897,25705,7,1
2998363,15100,9,1
2380346,25691,18,1
330860,35818,7,0
3140442,45582,23,1
1156256,33787,20,0
186921,11777,4,0
1011691,24852,4,1
1789088,13541,12,1
232274,21137,8,0
3117201,10326,10,0
359852,9075,7,1
2766238,287,5,1
2371282,24964,21,1
1518716,11826,9,0
832587,23226,26,1
3196061,18531,8,1
1434437,24320,7,1
445115,28199,5,1
1603437,226,1,0
1307787,13740,3,1
1460305,42356,2,0
2238136,19057,5,1
857255,9808,8,1
629227,30489,4,1
2378374,39561,18,0
676207,25753,2,1
142429,25138,3,1
1155473,5479,23,0
2530803,25232,18,0
2841323,31391,1,0
1580135,21553,7,1
2208390,12409,2,0
794064,13984,3,0
2893609,14540,11,1
1737531,9550,33,1
2108921,16920,8,0
2988047,44277,14,1
2902983,29640,8,1
1889679,42265,9,0
2929106,30450,16,1
301335,10547,3,1
759087,18656,17,0
1654776,11416,4,1
136621,39342,7,0
1155473,44278,19,0
1250013,31915,4,1
2371282,41787,13,1
3156771,13640,16,1
1227989,33810,2,0
1641265,47357,2,0
3050656,33984,1,1
1800023,39108,16,1
2219841,49533,1,0
107974,42828,7,1
1147586,46211,3,1
1308278,36431,6,1
3029879,1376,3,1
2574095,36724,3,1
2297930,38295,18,1
1725202,30442,4,1
2835751,32210,20,0
3121685,40724,18,0
2825121,20383,19,0
1155473,49235,6,1
1845470,43860,21,1
196354,47547,11,0
525318,22823,5,0
1455635,6873,20,1
874923,172,7,0
3414109,8204,5,1
2642501,12036,31,0
2415305,7021,5,0
2512776,15459,9,1
2371581,42447,1,0
284437,28634,15,1
1297684,24964,6,0
116124,14161,3,1
772763,39275,1,1
3178992,45948,16,0
1953378,49610,3,1
3278532,47766,3,1
3419158,41290,3,1
1682682,18439,6,1
1465254,23909,1,0
2460730,38159,2,0
741661,25,5,0
386673,21137,12,1
2313657,36070,13,0
1241815,45615,9,0
2312946,5077,3,0
33427,23288,9,1
310520,17334,42,0
159485,8479,23,0
1858627,49324,10,0
311076,24852,3,1
1731787,48559,1,1
2018860,8174,6,1
502962,27750,12,0
3171407,31610,5,0
1117104,47626,6,1
711923,319,8,0
1706342,13409,1,1
3027309,16096,6,0
55278,29837,10,0
2067696,2078,5,0
1339862,49583,14,1
3082039,40852,1,1
1963154,4005,7,1
3400506,44570,28,0
1439584,30635,2,1
3380907,42013,1,1
572658,14778,2,1
2238376,17794,5,1
2560500,11520,7,1
1608098,46603,3,1
702422,24830,28,1
81475,8174,9,1
1356160,40009,14,0
1867422,44987,6,0
2473729,25138,1,0
1483567,43154,4,1
2200793,5884,5,1
2512776,29213,17,0
1211665,48415,5,0
2835751,5383,4,0
2480065,18370,17,0
1873651,23046,41,0
1064200,19145,5,0
1307787,1463,5,1
2016405,24184,10,1
436969,38622,12,1
2704542,6184,5,0
2150162,48628,4,1
397675,31915,2,0
1498305,10957,1,1
90627,48720,7,0
2949376,42904,4,0
742608,44014,1,0
3148338,3631,11,0
488480,44177,2,1
1079090,32156,14,1
211762,37766,4,0
1440459,38928,2,1
2959404,39758,25,1
3275606,31553,19,1
2430243,5818,2,1
1759819,13598,21,1
686547,29662,6,1
1395773,39275,4,1
732000,13176,1,1
1931693,44251,2,0
2773969,30295,23,0
1946763,11520,1,1
1369416,43530,7,0
772763,26209,2,1
3351503,29370,2,1
2224522,12957,10,0
1896008,43961,6,0
2584332,33125,12,1
858265,40214,11,0
1121318,22825,15,1
366041,17461,3,1
264305,37752,1,1
1795821,13259,1,1
1952959,31737,6,0
3396111,13263,3,0
58438,35124,1,1
1885962,8590,6,0
188303,14197,6,1
543175,24489,4,1
2766238,2340,17,0
443247,40706,2,1
1097707,24009,5,0
659268,33754,7,1
2671607,30675,11,0
3130853,2855,3,0
1553517,34320,2,1
1326299,14332,11,1
3322409,6341,15,1
1983044,5785,1,1
2133551,31036,5,1
3228592,26743,8,1
2988047,24852,13,1
1464717,30489,10,1
22901,32647,7,0
173334,9755,9,1
819481,24673,3,1
357882,23734,10,1
2439875,35503,3,1
328745,3345,8,0
221481,22935,11,1
1221102,12211,9,1
33785,47626,2,1
2368746,40706,5,0
73939,5077,2,1
996728,21220,3,1
2016405,6914,11,1
1941179,7736,26,0
2567955,12276,15,0
267491,49610,10,1
2563762,48110,20,1
2512776,27966,4,0
1414318,5857,1,1
1231050,45848,8,1
777036,28842,25,0
401748,21083,10,0
2919525,36011,2,1
1753259,36735,6,0
1087344,13176,3,1
2084838,30450,2,1
1840937,4920,9,1
2929106,33787,22,0
965870,41177,13,1
449989,33117,21,0
542414,33279,2,1
3344551,40986,3,0
446127,7054,1,1
436244,1188,2,1
1858384,42710,2,0
1374746,23458,6,1
2460730,26738,6,0
3275606,10749,12,1
691356,45066,8,0
2798445,22745,11,0
2537293,6184,3,1
1265766,44449,4,1
3087033,32442,18,0
2766627,13249,1,1
1278498,6598,7,1
2606989,48423,5,0
239592,34270,3,1
2050816,17807,16,0
1134630,4210,10,1
879635,47626,7,0
2689668,8744,6,1
1434437,6187,16,0
1801142,47626,1,1
1371837,9076,10,0
3086719,31263,4,1
3168961,13176,7,0
2905646,23763,1,1
180808,35898,18,0
1339862,18465,6,1
650147,12679,17,0
386283,16953,14,0
2037729,25170,5,0
385508,18234,4,1
476247,39121,5,0
777036,41220,3,0
2621260,49533,9,1
318770,46845,21,0
3185505,45438,9,1
2512776,38312,14,1
2050816,43889,21,0
2929106,19156,23,0
3408821,48494,5,0
1117104,41787,20,0
2102312,8193,6,0
177873,13176,5,1
2108361,46667,4,1
116124,16797,1,1
2376926,33741,16,0
2968643,28986,1,0
1801142,17284,11,0
748642,45007,7,1
3384204,34270,7,1
2486087,37067,4,1
777036,16185,13,0
1644017,27316,4,1
1379909,36961,4,1
2905646,30696,8,1
2229373,49247,4,0
1460305,27706,3,0
509825,23543,2,1
336423,24795,30,1
2615945,42701,2,1
723854,31805,5,0
997929,36418,8,1
2315587,42265,3,1
2835751,46654,27,0
122891,20114,5,1
2445119,11374,2,1
1326299,26384,4,1
1946736,28204,14,0
3168961,44422,4,1
2460683,13135,18,0
1516617,37349,18,0
3396111,11448,2,0
3229331,33198,3,1
2164338,18659,7,1
449989,21520,8,1
1147586,43645,7,1
1077625,21710,13,0
488480,17008,8,1
1360843,45374,2,0
2684951,45,3,1
1711653,5077,17,1
2316788,432,1,1
1749896,27845,2,1
2011953,26800,10,0
2825121,6532,27,1
1787556,27521,1,1
3407187,15953,3,1
1227437,14739,11,0
2689252,19505,7,1
2342655,47766,6,1
1634936,48679,10,1
211750,45007,7,0
778664,32478,3,1
2084838,17948,8,1
2608193,27845,6,1
1278498,23854,4,1
1964718,47759,15,0
936635,18465,7,0
1828527,6933,1,1
832587,32271,25,1
1064200,35286,10,0
2517025,22024,4,1
882983,44683,5,1
113486,26620,1,1
3087033,15438,9,0
1156256,24184,17,1
3415641,46692,7,1
404164,16398,5,1
317655,31257,3,1
140931,42447,2,1
374148,24780,8,1
1465989,30776,20,1
267491,42828,7,1
1607431,30382,7,1
1603903,3957,3,1
686547,35163,17,1
2809547,13838,5,1
2137849,34949,11,1
785385,21288,22,0
2841323,41625,13,0
902794,39408,8,0
2655361,43568,7,1
1676253,12508,27,1
3194842,20082,4,0
769669,22553,9,1
712453,46306,18,0
2156507,39557,20,0
2072131,26209,2,0
857255,10017,12,1
309543,22825,10,1
1963154,35045,3,1
2062543,46667,4,1
2891810,10411,8,0
2157222,47042,14,0
787925,5769,5,0
3396111,36994,15,0
2108361,22935,9,0
1082064,46697,9,0
531970,36724,6,1
3419634,43961,8,1
1282203,17794,2,1
1367879,29487,3,1
1258852,19209,5,1
1671844,8277,1,1
239592,3789,6,1
2792577,4210,4,1
1258852,19734,2,1
2108361,13640,7,0
684054,34358,8,1
1047497,24964,6,1
1521227,28745,2,1
1858627,24789,12,0
401748,31766,7,0
1052714,12011,13,1
759087,41950,4,1
284437,35004,1,1
449989,26209,26,1
2396536,34428,7,1
246129,8728,8,1
500705,44303,15,0
512157,7644,3,1
1753259,21501,13,0
275130,14346,1,0
2199407,17333,1,1
2457821,37089,15,0
568908,18696,24,1
494872,27521,3,1
1840937,26604,13,1
1138351,10912,1,1
1855033,38730,7,1
1393193,13079,4,0
33331,37067,1,1
968730,26510,4,1
2181668,47223,5,0
2485732,16797,12,1
737090,27235,3,0
1127459,28204,1,0
122891,31173,10,0
3375524,20873,13,0
2844368,41400,5,1
1826981,24852,6,1
1238015,47616,4,0
1676253,21936,12,1
3367254,32338,24,0
372017,31374,4,0
1701033,16797,5,1
2766627,17794,5,0
120566,9387,5,0
2072131,49235,4,1
1806738,39041,5,1
3272670,31225,4,0
3404430,38295,9,1
2290762,6348,5,1
1961692,46979,6,1
928387,47630,7,0
328745,46979,4,0
114309,43945,4,1
1650972,2240,3,1
1091347,26172,16,1
397675,38180,9,0
2696681,24489,5,1
2560500,11777,2,1
562031,1194,3,1
416161,38395,2,0
3140442,26790,11,1
2334360,5025,9,0
478327,11520,4,1
1249722,21174,5,1
1040679,43942,12,0
3283228,18362,3,0
2154641,32177,4,0
1759819,41295,3,1
3039231,44765,12,0
2246291,24852,1,1
755452,13176,3,1
3178992,6104,4,1
340663,34126,15,0
867610,24852,7,1
357882,45007,3,0
2837244,17878,3,0
1781773,2295,7,0
155267,6110,17,0
1731430,29447,7,1
3119375,3007,16,0
68408,37646,6,1
139320,21303,19,1
1505841,11983,3,1
867998,28968,7,0
928387,47144,16,1
2489757,26209,5,0
2891810,12403,5,0
1332924,34160,2,1
305867,12870,8,1
1789088,8230,11,1
650147,1179,2,1
545902,24852,16,1
3068101,40408,9,0
2037521,26312,2,0
1781194,32689,8,0
174976,8460,4,0
336423,45032,24,1
3194842,432,3,0
1465989,25305,23,1
3119375,38383,2,0
759087,47034,12,0
974654,35989,13,1
1058493,36365,6,0
1240216,6182,1,1
1900649,24382,6,0
1094484,35951,6,1
1518716,39276,3,1
1700580,33468,3,1
3106064,29987,13,1
2868611,24841,11,0
2259301,43409,13,0
2795874,13767,16,1
1214991,28842,11,1
24778,49605,10,1
3266888,23794,5,0
2512776,37825,21,0
1455635,3952,8,1
1270865,24852,4,1
966334,40706,6,1
1764235,7781,14,1
497500,33990,18,0
867998,6046,14,0
3170244,12211,2,0
1294036,24852,1,1
3178485,12156,9,0
835893,25890,10,0
523965,41594,1,0
1362942,18987,9,1
292489,41375,9,0
3303112,5449,13,1
47041,8021,12,0
1949159,12545,9,1
2982082,48864,6,0
1264286,39900,1,0
1481108,31288,2,1
516142,32689,5,0
2303155,9213,3,1
3068101,29728,6,0
3228592,39010,12,1
3315383,27323,9,1
1702465,27012,18,0
188303,22935,7,1
1357273,7746,10,0
238665,49609,8,1
844890,30696,2,1
3087033,2078,4,0
1109826,47809,3,1
338988,15803,10,1
1594427,8587,7,1
2751101,18800,5,0
3333096,46667,4,1
2064438,27885,1,0
2376926,18656,14,0
3079208,39180,2,0
1104559,24506,14,0
298442,21616,3,0
280254,3588,21,0
1580135,13176,20,1
2011953,13176,17,1
2060943,8955,3,0
1017916,18594,10,1
3323559,5077,5,1
1024277,29045,9,0
684054,38273,4,1
2041951,9618,9,1
2735618,15592,5,1
1483950,23888,2,1
1049654,22007,6,0
2205439,12606,1,1
2491906,29617,11,1
2199033,14218,3,1
1744633,13984,7,1
125527,12323,17,1
893488,23734,5,1
2108921,17338,3,1
2317342,1463,1,0
3169755,8246,4,1
2238376,27845,3,1
32916,31573,5,1
1398622,24197,2,0
2257798,43352,2,1
1375389,4116,13,1
2684951,29442,12,1
859568,17794,8,1
1463803,21903,2,0
1731430,24622,5,1
702422,15261,6,0
2868611,30117,9,0
386283,27423,5,1
2078585,9284,12,0
2238376,15872,4,1
1705383,7704,5,0
1845829,5785,1,1
1081316,33407,14,0
905865,20119,2,0
237808,15164,1,1
3005093,884,6,1
3323641,1360,6,1
572658,35772,4,1
2313657,39877,4,1
2826735,2326,4,0
1702465,5785,4,0
1650972,2956,23,0
267491,47766,9,0
2544353,28703,7,1
3196061,42240,20,0
373658,48563,14,0
2597457,10814,1,0
1079090,33198,15,1
2554464,10860,11,0
1946763,29075,18,0
1252827,43961,28,0
2052149,39013,12,0
2329036,19296,5,0
1041690,22890,6,1
2735618,7228,13,1
1310901,9601,7,0
1211665,47626,2,0
1585527,2350,2,1
998879,24852,11,1
1826981,10840,8,1
531970,26604,2,1
1026077,46023,2,0
757837,39877,9,1
2460683,48871,16,1
2702856,25962,8,0
1017916,48523,6,1
2902983,9076,14,1
3067293,27247,1,0
3350400,24622,1,0
1661890,9366,5,0
2034115,10385,5,0
926869,34224,23,1
1290822,11520,19,0
2158622,4799,10,1
450065,28420,6,0
292489,5550,7,0
1090832,22255,6,0
1228213,4086,4,0
1295441,14999,5,1
3343386,16965,8,1
957284,40603,1,1
3218966,27958,15,1
2835751,42310,2,0
2988047,39501,20,1
813117,35383,13,1
815342,35221,2,0
2179555,24852,10,1
2430243,3999,13,0
757591,45066,6,1
1083906,3880,20,0
2770916,21914,5,1
2555851,8424,16,1
1828179,25138,3,1
328745,9494,13,0
1290822,7398,17,0
1379909,35535,16,1
2073675,33956,7,1
22901,39275,2,1
2798445,47766,4,1
55435,37003,10,1
2898330,37520,1,1
2295939,13245,6,1
2163713,43961,7,1
732000,18531,3,1
3246286,37067,2,1
1977792,28609,5,1
1689000,43392,10,1
1683669,46692,6,1
834642,7026,1,1
1690886,12016,1,1
2659697,44014,15,0
2282529,22035,14,1
1650972,20077,16,0
3171285,44359,11,1
3145116,31506,2,0
2790111,36032,15,0
1041690,757,11,0
1104559,47280,7,0
2199033,32271,16,0
607499,14554,5,0
3377890,16797,3,0
2050816,31506,32,0
1790072,14197,5,0
1650972,49110,17,1
2806039,21925,6,1
679841,26604,6,0
96117,1313,10,1
483600,32689,3,0
3048657,42557,12,1
1346906,42244,7,1
1603437,14977,9,0
2016405,17872,6,1
1855033,14947,3,1
992989,24852,6,0
1018207,42701,2,0
2464931,12409,5,1
1165962,37646,15,1
2818632,22952,4,0
1022964,2349,13,0
3048832,14477,13,1
1949159,40725,24,1
1917563,16696,5,1
572658,44949,10,0
1022964,47766,28,1
699269,27958,36,1
896359,21709,4,0
2336048,36717,3,1
1252827,28842,26,0
677294,32665,8,0
3228592,49354,20,1
2704542,23645,12,0
1109826,10749,5,1
779191,45965,19,0
3118619,13083,5,1
1671844,20574,7,1
777036,22825,26,0
757837,13733,14,1
1523038,19678,10,0
2917865,4724,3,0
1651462,32465,10,1
1094484,21903,4,1
1271003,28309,5,0
1518716,277,14,0
1095049,48527,2,1
1090832,24852,5,0
2078585,39170,17,1
2560500,31343,13,1
759087,34243,15,0
1946736,10212,12,0
1105774,24838,7,1
174976,26209,8,0
1826981,20876,3,1
2474227,21137,7,1
3228592,9155,2,1
1626604,16953,4,0
777036,11107,30,0
1367879,49235,6,1
1339862,24964,5,1
2870580,37766,2,0
1651271,12157,9,0
712453,47766,1,1
2821303,19660,2,1
1673670,27336,17,1
2750166,47813,1,1
2360909,17679,5,1
1151977,37202,9,1
2350937,35805,1,0
502962,3952,1,1
1616264,20935,3,1
3370725,31481,2,1
787925,35108,10,1
748189,22963,2,1
2811757,8670,3,1
1964718,8021,11,1
311076,21158,1,1
974903,16281,8,0
2498920,42828,2,1
2156507,42701,4,1
772763,17679,5,0
1740558,13166,2,1
542414,22247,9,0
2943385,44292,1,1
2457821,17224,7,0
974654,5450,18,1
1594427,19585,2,0
3070849,5385,1,1
2033904,30391,26,0
2460730,27400,8,0
1295441,42333,8,0
68219,30850,3,0
63586,17828,15,1
1379909,5450,1,1
1155135,31418,3,1
1673670,21405,4,1
2988047,6218,7,1
2207796,40174,6,1
1094484,7854,1,1
1100907,47626,3,0
677294,41950,2,1
3355305,17631,2,1
2160534,5876,5,0
1335462,4920,3,1
336423,42320,25,1
144193,17370,7,1
813117,9436,15,0
3242636,36506,4,1
5696,20178,2,1
1648905,13819,6,1
3035695,20282,1,1
772584,40174,17,1
2750166,47521,7,1
921950,26283,2,1
2018860,34584,7,1
231475,11619,14,0
2835751,27336,8,0
410902,39121,22,0
2105603,39448,4,0
858265,31667,12,1
1156256,19156,18,1
2401188,25340,21,1
984136,24221,30,1
777036,1935,7,1
787870,21137,4,0
81475,39877,3,1
1176884,42265,16,1
3197136,16523,2,1
555343,9839,1,1
2185930,35045,5,0
1483950,22395,6,1
96751,9076,1,1
1752226,33301,2,1
1745499,35221,19,1
190203,16396,8,0
2130140,19173,18,0
1121318,10749,10,1
1375389,25146,16,1
3189826,24622,12,0
492086,21903,4,1
1279171,21137,5,1
1884674,22224,10,0
1530932,14540,13,1
906163,5194,20,0
2895034,34243,16,0
1011691,25601,11,1
2559979,5876,8,1
1866506,46618,3,1
2224522,7503,4,0
1749896,45063,7,1
783505,22610,1,1
283421,9327,6,0
2063863,33198,3,1
3411798,12384,3,1
318770,8174,20,1
2704542,16920,8,0
2154641,34969,3,1
795216,40604,9,1
2835751,25818,12,0
122891,15545,6,0
221481,26751,18,0
171574,36127,5,1
74625,8424,12,0
2380346,8390,13,0
1651271,35821,21,0
1052772,40130,1,1
3287074,39705,6,0
1650972,35915,6,1
1530932,24852,1,1
2089989,23563,3,1
551046,46979,16,1
3367254,5782,30,1
764518,35997,13,1
1867422,9076,7,0
2504445,13851,8,1
857255,31444,14,1
3272670,37478,15,0
1058493,46572,29,0
280254,30027,3,0
464408,22312,3,0
188023,26165,10,1
700878,9955,9,0
1177941,20516,4,1
1376096,34789,11,1
3358415,30731,2,0
1530932,45007,5,1
2218370,2316,2,0
2965401,4210,3,1
3185505,31066,11,1
1032465,16797,5,1
2891355,45,5,1
2246291,18479,19,0
226192,41377,11,0
1828527,35221,9,1
1833382,27104,4,1
1109826,47788,18,0
383311,42611,1,1
2837244,1194,6,0
2487759,3339,7,1
1079090,41588,8,1
777036,14890,18,0
1083906,47333,12,1
702422,4605,12,0
1412551,46047,5,1
858265,9056,26,0
1486828,2339,6,0
764341,19910,19,0
1764235,14650,31,0
3117201,12427,4,1
147827,29103,3,1
162182,47626,1,1
1227572,41177,7,0
1759819,36735,29,1
741661,45603,2,0
1324075,5785,1,1
882983,8638,1,1
3214740,5357,11,0
2811757,18849,4,0
374148,6283,28,0
711923,13889,7,0
677829,32455,2,1
3400506,47180,19,0
2776754,712,4,0
2238376,35166,9,1
2368144,42736,1,1
1134927,27845,1,0
103513,14735,4,0
2929106,13176,1,1
3363387,311,23,1
2297930,29447,10,1
1392788,4605,13,1
2340751,24852,2,0
1943542,1920,4,1
2164563,43961,3,0
423259,47596,5,1
2371282,6873,14,1
1696797,33819,11,1
906163,4302,19,0
508989,7806,1,1
1931344,14277,7,0
1165962,10644,22,0
332084,30391,4,0
812827,24964,30,1
809920,23537,24,0
2975261,13194,6,0
2873745,21195,2,1
2615970,10749,7,0
3218966,260,4,1
2368144,14992,16,0
436126,14332,8,0
3162717,23165,3,1
974654,42091,17,1
1857438,35951,6,1
109143,27845,2,1
1219325,47357,6,1
1208677,5015,5,1
68219,45774,11,0
1795016,33198,3,0
926869,43875,18,1
2825121,46667,20,1
485099,33731,1,1
1395632,11913,6,1
68408,12771,4,0
1781773,21938,8,0
1587280,44683,5,1
2480065,12029,5,1
2659697,31553,14,0
317655,5451,6,1
1946411,38573,1,1
494872,8667,8,0
922297,47717,4,1
1706342,24184,21,0
2868611,15649,12,1
607499,24269,18,1
2157222,35221,3,1
886188,47305,12,1
1270565,30307,3,1
867610,34262,21,0
408929,46654,8,1
809920,44632,3,0
645821,41470,3,1
366041,5450,9,1
1899313,49354,7,0
1087344,329,17,1
2997230,47141,1,1
125527,16254,22,1
2677350,44342,2,0
959395,44987,7,1
3231198,17320,2,0
755452,16083,2,1
2681884,40706,3,1
1522391,14302,4,0
1469840,42762,9,0
1588323,16479,1,1
374148,42534,15,1
1899083,38689,1,1
1172424,8174,12,1
415429,14159,5,1
2271176,47766,5,1
959395,48174,10,1
737090,24838,4,0
374148,2425,5,1
1683669,24852,10,1
1764235,6218,8,1
2110658,47209,1,1
3106064,43961,18,0
2127202,38003,9,1
1790072,30406,1,0
1504514,28465,7,0
3197136,47006,1,1
1153735,3413,4,1
2126836,21653,2,1
522396,23165,9,1
254342,27325,1,1
3317683,10199,1,1
1288137,27307,21,1
2457821,8479,26,0
2795155,9290,14,1
1557429,40516,3,0
2158622,41970,7,1
493190,4097,1,1
2098794,3962,14,0
2655361,25825,10,1
2034115,47626,8,1
2793915,21903,11,0
832587,2180,30,1
1240216,3957,2,1
2150162,4210,2,1
2790111,49352,4,1
148866,42768,15,0
2989234,27462,7,0
1469840,9076,6,1
301335,1154,1,0
159485,14011,8,1
3231198,14400,1,0
966334,24009,4,1
1319390,20899,11,0
2310286,39984,3,0
826427,5646,1,0
2279582,44156,3,1
2825121,3849,25,1
1319390,40604,14,1
3396111,43594,9,0
3415641,39136,9,1
2798445,1824,1,0
737214,32478,3,0
1083906,25544,10,1
1264286,26604,4,0
1117104,31553,16,1
1097707,27086,11,1
2464931,23405,24,0
676611,8758,2,0
130722,32624,14,0
2684951,20995,11,1
2604622,18792,6,1
449989,19158,5,1
3309959,24852,5,1
2376926,18441,19,1
2480876,13212,8,0
374148,37036,17,0
2485732,36929,7,1
772549,48015,2,1
1603437,2596,5,0
2877607,46041,15,0
2795155,16616,8,1
125527,19019,24,1
1745499,18027,10,0
2090821,22935,3,1
2140510,12911,7,1
1739738,35906,8,1
741661,12741,6,0
1295441,39408,6,1
1064200,13733,20,0
1931344,44632,3,0
358895,23643,13,0
772549,8475,5,1
1963154,35042,14,1
3275606,14010,18,1
1379909,27521,15,0
1708367,432,11,1
3035695,48246,4,0
974654,9450,15,1
2792577,32478,5,1
3218966,19972,24,1
936635,1939,11,0
1140230,37065,7,1
1165962,2295,8,0
1995094,19019,2,0
1211665,17829,1,1
1284652,21903,8,0
113839,14467,3,1
1952959,8421,1,0
199346,26209,6,0
1718682,28204,1,1
2717830,12575,4,1
443247,13629,7,1
2993458,12679,7,0
1754089,33065,29,0
649782,4269,7,0
1176861,16044,3,1
2052864,35866,3,0
587154,23804,12,1
3196061,45760,14,0
291642,11022,1,1
875421,29956,5,0
85969,39363,4,1
280254,46667,9,0
3367254,48455,3,0
3350400,4605,6,1
3419634,9864,11,0
995278,41319,3,1
436969,30252,4,1
2844368,46041,1,1
1690886,12980,5,1
34546,31553,3,0
103513,15261,5,0
3400506,33525,18,0
2795874,20378,22,1
1988365,28745,12,1
55435,3020,9,1
502962,13517,2,1
3130853,30024,8,0
147827,33198,1,1
2350937,8903,5,0
1725202,14209,16,1
508989,34126,5,1
2868611,46990,15,1
1716383,40706,6,1
3119375,5994,17,1
1297684,18234,12,0
1229133,28601,4,1
1790072,34969,3,1
757837,8193,19,1
2060943,18656,8,1
1439584,16953,4,1
1265766,10243,8,0
903107,41787,10,1
1465229,35951,14,1
1106114,11520,12,1
2534756,30391,7,1
2735618,32717,6,1
3363387,25890,11,1
959395,23236,24,0
1711653,28054,12,1
1384155,39692,16,0
507053,17924,3,1
2374107,16797,4,1
2329036,43565,9,0
2997645,1203,2,0
1091347,48455,11,1
2868058,18880,6,1
3371845,35084,2,1
2033904,49026,20,0
1279171,611,2,1
1465229,41950,9,1
748189,45007,13,1
1789088,49374,5,1
764341,23734,25,0
171574,47209,9,1
2154641,4724,21,0
629227,21298,19,0
919796,28427,3,1
2250721,9387,1,1
2841323,27885,3,1
415554,13870,18,1
1905929,16349,5,1
2297930,11009,26,0
436126,21376,2,0
2295295,7826,4,1
336423,12496,32,0
2696681,21137,9,1
903107,14778,2,1
384530,41544,4,1
2530803,34598,19,1
1546802,26620,9,1
886188,11874,15,0
2988047,46575,22,1
2050816,41665,15,0
1946763,13176,2,1
1028724,16797,3,1
742608,1979,3,0
159485,49235,12,1
3121685,23233,8,0
2460730,36011,1,1
1596587,12223,8,1
3322409,21019,20,1
1172424,40709,22,1
1657563,39877,2,1
1127459,18465,12,0
3303112,21903,3,1
2376926,18095,9,1
874923,16415,1,0
311076,24053,2,1
2098068,21903,4,0
1884842,41593,6,0
2681884,30489,10,0
1469840,4778,10,1
2275444,38739,2,1
2751379,42768,2,1
2360909,12271,2,1
2309126,47209,6,1
1060550,9808,14,1
1288137,17461,11,0
1290822,47222,22,1
276016,10690,8,1
764518,10132,1,1
1759819,46853,10,1
358895,436,30,0
926869,5077,32,1
3063904,42768,8,0
3277561,19057,13,1
1375389,3756,34,0
3035695,24954,6,1
262634,9387,7,1
423259,29848,2,1
1806738,41591,19,0
1326080,26914,1,1
309543,28769,6,0
1052772,49328,17,0
2304978,36695,2,1
411595,35176,14,1
2805752,21709,6,1
2551964,21096,1,1
3162717,16209,10,0
1845470,2245,17,1
1483950,2651,8,1
2449351,29484,4,0
1873651,32163,36,0
299911,24838,2,1
39845,14378,1,1
1233999,5240,20,0
3272670,40724,23,0
1270865,28427,1,1
356781,3849,12,0
713073,37357,9,1
2019002,25931,2,1
1815912,17600,28,1
39845,39218,6,1
3385060,38318,3,1
785385,30489,9,1
936635,10504,1,1
3001104,196,1,1
2246291,20600,4,1
1172424,30027,14,0
947765,42731,1,1
125527,5818,25,1
2229411,28985,1,1
2371282,42736,17,1
764518,13198,2,0
2809547,47890,15,1
242709,21903,2,1
1855033,44359,15,0
3400506,15258,1,1
2902983,1217,9,1
1058493,9944,26,0
2218370,27796,3,1
3037228,32655,9,1
488480,6201,12,1
2958000,38383,3,1
1265766,24184,6,0
310520,23953,7,1
96117,40557,7,0
2158709,24632,34,0
557003,8174,11,0
886188,20468,6,0
1197569,37778,3,0
1512816,22825,11,1
1082064,39982,2,1
180808,32139,20,0
1828527,30353,10,1
2550592,6615,8,0
1654843,45007,2,1
2989234,20344,6,0
1651271,33198,6,1
2636642,35140,2,0
534151,34898,6,1
2243802,35208,3,0
400576,11520,9,1
1781194,33768,14,1
2671607,1330,9,0
1580895,17317,16,0
1740558,24964,7,1
1731787,45603,2,1
3322409,27639,7,1
1603903,21137,1,1
2642501,605,9,1
147658,26575,5,0
3334139,10749,10,0
254280,7496,6,0
1041690,13886,9,1
1214991,43565,8,1
2401188,47209,4,1
3019237,41135,9,1
1969820,13252,5,1
1384155,24807,17,0
3218966,12496,8,1
2825748,35044,6,1
2600858,13029,2,1
2951304,2380,5,0
39845,41836,10,1
2018860,20995,15,1
1091347,33754,28,0
74625,30720,10,0
2866821,33055,5,1
2208390,33198,1,1
1288137,25300,1,1
2424254,39984,11,0
809920,14917,7,0
1580135,32455,17,0
1745499,40332,9,1
3196061,40516,12,1
2255970,25569,7,1
1884842,46650,8,1
372193,15872,8,0
3302929,14929,8,0
2475764,12099,1,1
2079459,31121,5,0
1332924,25588,5,0
3302929,43379,3,0
1011691,12159,5,1
525318,10522,2,0
959395,33401,21,1
2017680,41131,3,1
2248198,46720,4,0
64319,6184,5,1
1079090,37,13,1
838496,19901,2,0
2497140,18288,22,1
400576,21137,11,0
310520,6297,36,0
384530,46461,15,0
1270865,21100,3,1
2642501,35951,27,1
2689580,6972,1,1
3087033,49609,6,0
840777,21195,5,0
1140230,19209,9,1
1362942,19985,13,1
1036185,46595,12,1
1946763,32912,4,1
1476041,40174,13,1
2826735,16759,6,0
1360843,7412,12,0
144193,25144,8,1
1221895,5065,5,1
1838961,32227,1,1
142507,46222,9,1
699269,15891,33,1
33785,46630,10,0
916795,28199,2,0
1090807,2314,10,0
2068743,46900,5,1
1565450,16715,9,0
1265766,23579,1,0
2152455,35167,7,1
1731473,21405,7,1
1857438,42768,2,0
144193,26604,13,0
3287074,15613,7,1
626215,31040,3,1
232274,27156,2,1
464408,4210,14,1
2371282,26209,3,1
1307787,34894,1,0
1947128,46676,5,1
2824176,7837,1,1
2560500,24372,19,1
386283,10181,27,1
1749896,44359,20,0
1654843,29923,5,0
1339862,43129,11,0
1657563,6972,7,1
1702465,19678,5,0
1393193,23233,1,0
1706342,29418,12,1
2363164,30278,10,1
1398622,10137,3,0
596265,20634,5,0
525135,3145,19,0
1806738,19155,2,1
2959404,29204,32,1
176114,15399,7,1
291642,18441,5,0
443247,49683,3,1
3196061,19744,15,1
34546,29334,2,0
409481,41958,7,0
3086475,27413,8,0
3169755,47865,11,0
1375389,8021,20,1
1043033,9649,19,0
3367172,42265,7,0
2889454,38113,14,1
1045353,1360,1,1
809920,4472,2,1
858265,1872,3,0
371933,3952,5,1
113486,31964,2,0
254415,27398,1,0
1322202,34270,2,1
2615518,21616,4,0
1800023,5876,17,1
2342655,29307,7,0
723854,30827,6,1
2787322,45066,2,0
1022964,37468,24,0
1788324,22935,4,0
1903418,5385,10,0
867610,44632,24,1
129389,20520,3,0
2562608,24489,4,1
