order_id,product_id,add_to_cart_order,reordered
1895135,23288,2,1
1049568,23769,7,1
102028,44142,6,1
930570,44329,8,1
891492,24654,3,0
1882958,11989,8,0
790231,24964,1,1
340473,36618,10,0
1242194,4799,1,1
1414324,34668,7,0
3350981,16797,5,0
2689328,10673,6,0
1805109,9808,9,1
3121414,40645,40,0
1627949,26209,1,0
1138236,9357,1,0
1727746,13176,1,1
3197406,28985,2,1
2196924,5212,5,1
1658400,343,13,0
2918840,16168,2,1
834395,44912,2,0
2455447,2086,6,0
1904249,12797,5,0
2257282,44368,2,0
2960235,18272,1,1
3059076,33279,30,1
2641032,1069,10,1
2777798,26756,16,0
3103978,17766,1,1
2106749,33741,3,0
2645976,6375,1,0
1388438,22935,1,0
1355835,13176,1,1
799637,7725,1,1
3386657,18370,3,0
2454413,27790,1,1
2290481,810,9,0
2868167,35124,16,1
2214483,18362,3,0
494497,8309,16,1
2623298,25144,12,0
2211372,49683,7,1
701474,35440,4,0
3322523,36865,14,0
2261907,24221,24,0
2659063,24852,2,1
2136995,45007,4,1
717916,9941,24,1
1387436,37496,6,1
1401309,44683,1,0
2772916,48450,10,1
2878446,38635,26,0
1362807,4605,21,0
2944451,42275,1,0
14647,16696,4,0
1853184,19678,21,1
752253,30639,1,1
758566,47156,19,1
3042260,21938,29,1
2518839,45007,5,0
780383,29447,15,1
1758639,6184,5,1
888990,22935,11,1
1246678,4957,5,1
130592,23437,6,1
1689033,18288,10,1
3184805,43337,9,1
3145889,19048,5,1
933383,29487,16,1
1648363,25837,5,1
3060958,19087,5,0
1782383,11512,28,0
2934073,36994,17,0
239636,17485,7,0
1692978,42495,6,1
976396,49533,6,0
3109639,14356,3,1
238401,20574,19,1
1674667,8021,1,0
2355589,28985,4,1
2123402,42699,11,1
1003422,5725,11,0
1903701,26298,8,0
732952,20648,26,0
1827308,33674,6,0
1604010,31371,11,0
3102627,45537,10,1
968293,16953,2,0
936492,44628,18,0
130592,13733,19,0
3143267,16781,4,0
1406847,39877,4,1
1347307,48679,17,0
1534249,35951,9,1
2878698,30169,3,1
1762575,13176,1,1
2719316,24852,4,1
2284635,2716,1,1
1928996,12672,2,0
1655198,35068,5,1
1636812,17706,13,1
2579039,44987,1,1
3046450,19478,8,1
3096612,38293,2,1
3024721,46667,13,0
328899,13176,2,1
2380771,27555,3,1
2708844,35939,16,1
2215327,22825,12,1
967333,26629,26,0
2424487,45664,8,0
1854375,36322,12,0
919712,15359,2,0
464454,49683,16,1
1888171,37076,22,1
3005107,26460,8,1
3184970,29457,3,1
1593172,24115,14,0
2123268,41065,15,0
2245309,38970,4,0
3360812,42736,4,0
1738253,42701,12,0
3267157,40545,3,1
237329,43749,15,1
2877499,36316,8,0
1925631,26985,2,1
562466,5991,5,0
2394907,45535,9,1
3419825,4006,9,0
137420,12384,1,1
3146086,42078,3,1
815201,18725,32,1
1190582,2452,6,0
116874,42145,4,1
1154338,46226,10,1
743551,14678,11,0
1631808,18465,10,1
3226176,41276,3,1
239636,13176,6,1
1461743,22124,3,1
2229154,6846,29,1
960662,22825,4,0
2920762,30583,10,1
2681105,41844,19,0
2592838,31555,19,0
3382838,7212,9,1
2781237,24053,19,1
2434663,8518,3,0
175140,39275,11,0
942563,27695,3,1
2846704,13603,7,0
2293433,40763,4,1
1550826,48726,4,1
196208,3599,6,1
1508053,6184,3,1
1207687,8150,9,0
1334464,37849,21,0
923285,12144,5,0
3052221,432,6,1
3060833,27104,6,1
1491992,42508,5,1
165351,33316,8,0
1651019,24852,2,1
3033500,42110,14,1
1078578,27966,14,1
1974159,17794,9,0
3333799,45061,1,1
2159023,21938,16,0
147235,8571,5,1
441481,22957,1,0
2711485,8518,8,1
2049209,28204,8,0
3171557,17008,9,0
832387,2449,5,0
888990,39558,4,1
1286929,21616,3,0
2042742,25890,17,1
1319340,22935,3,1
2225416,25890,8,1
403179,21179,11,1
1336176,33198,12,1
1466816,19057,4,1
3411342,34358,1,1
3184805,32315,14,1
489571,14867,27,1
2901579,33772,6,1
2371990,15902,2,1
1387420,39890,24,0
2691282,38739,10,0
2823045,26751,2,0
1362807,23643,18,0
2791134,17794,2,0
2760819,32734,11,0
3060958,11142,3,0
2834292,49533,9,0
2640132,30027,7,1
2727488,42557,11,0
2293433,27845,1,1
2610074,12167,10,0
358760,12935,12,1
525542,4605,10,1
755549,28754,3,1
322,28842,5,1
272279,29079,8,0
1094608,32271,12,0
2131071,44053,3,1
1589758,7179,20,1
818819,11941,12,1
1290288,43768,12,0
1338656,48183,1,1
1371693,18370,2,1
2163126,29672,8,1
3184542,10613,6,0
3267157,1062,6,1
166272,18027,12,1
2665513,48845,12,1
1256187,31888,13,1
1365391,42768,19,1
2796075,41273,17,0
2773900,22124,2,1
2661207,8048,1,1
2013242,5271,1,0
2261907,38988,9,0
3316698,35689,2,0
2355779,12341,7,1
1190741,38074,9,1
2424487,32740,6,0
1405140,397,10,1
2830613,7948,4,0
287663,45747,5,1
1540047,15290,12,0
2080150,7503,11,1
1763357,24838,2,1
1779097,31701,6,0
753544,49235,3,1
300350,26914,35,0
2244165,39448,3,0
145025,28199,9,1
1400111,17794,1,1
3350981,45061,6,0
2834292,43122,7,0
3190575,16797,2,1
2337041,11520,1,1
1139616,29447,2,1
2894799,40519,7,1
1091712,25852,6,1
3236192,49075,11,0
2485534,12771,4,0
441186,45572,7,0
759740,4514,2,1
1903766,8903,10,0
2266351,34969,7,1
1738004,8277,1,0
514331,17592,24,0
2588432,12955,25,1
106790,8021,4,1
3326394,31717,29,1
2274757,49235,4,0
1577829,45763,4,1
1526289,19005,32,0
2754800,48679,11,0
2572376,8025,9,1
2224123,5922,6,1
403179,17634,17,0
828426,7781,5,1
1091712,45763,5,0
2269764,41722,21,1
514882,16772,8,0
2471799,16797,5,1
756864,33845,8,1
650651,47144,2,0
2544855,123,5,0
1481063,48210,6,1
1576736,7600,26,0
1054900,39618,13,0
1171284,20682,1,1
2816373,16797,3,1
1613587,39411,13,1
2866522,1710,1,1
2676633,26165,4,1
921032,4799,11,1
1190582,31371,4,0
905807,17461,8,1
2556536,39157,27,1
3286070,21504,9,0
2281494,5450,7,1
873307,45007,5,0
2785197,44212,1,0
1355835,24583,29,1
1954808,15160,6,0
1336176,46676,20,1
3261850,27325,4,1
310272,9076,6,1
838752,8997,9,1
2288371,22142,1,0
3084119,35022,5,0
1027664,8048,1,1
1141716,31717,7,1
3413698,34126,22,1
2630498,11941,18,1
790403,4605,18,1
2331415,39170,1,1
61558,19660,1,0
1063342,2295,3,0
771747,37739,16,0
986576,28204,5,1
1838190,19678,1,0
1805081,21938,20,0
2282581,49496,21,1
1070034,47209,22,1
908496,38293,14,0
2711584,23537,4,1
449178,17638,10,1
1495301,34050,10,0
1693264,6348,14,0
1658400,41406,19,0
2242505,3717,5,0
556646,539,5,1
3361042,34358,9,1
88868,43182,3,1
1521827,23423,3,1
3334372,4920,12,1
1439603,30290,11,0
3000960,38563,31,0
1575548,29487,4,1
3163059,22922,12,0
1099441,35951,12,0
1600920,35108,3,1
214118,13851,21,0
2496833,24852,1,1
888990,21616,21,1
1061207,35352,1,1
2048045,38650,17,0
680209,45007,15,1
2769970,34969,4,1
2032722,37220,9,0
1714812,2238,2,0
3322644,47626,2,1
608190,48226,3,0
2507340,18503,4,0
414129,3318,1,1
1978740,3605,2,0
1296027,4920,2,1
1611529,13176,2,1
1733149,48624,4,0
2386766,22369,4,1
2955483,15984,18,1
2773900,16676,3,0
514882,45622,1,1
1717116,4942,1,1
228411,24184,12,1
29312,25513,7,1
1349364,21376,1,1
2878446,42701,8,1
502774,24852,4,1
996218,41357,5,1
1230161,13166,8,1
2369123,27690,14,1
1684050,15904,9,0
133354,7649,7,1
110580,42828,4,1
300350,39427,15,1
2869976,38028,13,1
214118,46352,18,0
1733750,40721,12,1
1160424,10130,3,0
465658,47209,1,1
1863965,27012,1,0
517945,38689,3,1
3221049,47766,16,0
1577409,27086,23,0
1764274,5769,2,1
1421558,28985,8,0
1143897,42719,8,1
3121414,23650,18,0
1054548,38562,6,1
456635,26940,7,1
2384861,41367,2,0
385210,25527,8,0
2041690,4920,4,0
2748367,7533,7,1
1818666,48679,8,0
217334,857,3,1
150480,34358,4,1
137211,19660,2,1
1956408,39877,7,1
3025339,43086,21,1
2287396,16759,7,1
1297422,19154,7,0
1659120,32035,9,1
2102829,10908,9,1
2295674,7314,8,1
2224123,21616,9,1
771747,20324,4,0
2653633,5785,6,1
1060957,10473,1,1
1000881,1408,20,0
3237290,10782,3,1
838752,27966,3,1
391053,21903,3,0
2749763,22557,1,0
41376,6774,1,1
2368528,2604,2,1
2925919,25980,30,1
650651,49075,3,1
1989898,35168,21,0
2612482,19019,7,1
2550931,4210,3,1
2528689,6873,18,0
2687178,47209,2,1
2869976,1614,19,1
2812622,10904,1,1
1616735,21938,40,0
2139866,14704,2,1
1434063,49383,8,1
3028479,16839,1,1
3321167,40604,4,0
1499348,24615,2,1
2210583,44632,14,1
1488067,36724,12,0
769376,35939,19,0
3243858,49235,1,1
1060367,39180,4,1
3000449,11408,13,0
566466,27104,7,1
2630498,38827,6,1
1888171,26369,20,0
2267100,21517,2,0
970829,22827,7,0
2625808,30391,19,1
1396268,10621,5,1
3222693,47788,16,0
3239348,46802,17,1
1538117,11422,7,1
3028479,5684,4,1
1735588,45013,10,1
689129,1516,3,0
1648815,15816,9,0
446689,45570,5,1
1817245,46667,12,1
2665513,6457,23,0
1667558,33787,8,1
3131722,14852,4,0
631759,24838,4,0
440365,7159,11,1
2081562,3298,9,1
3397759,21137,6,1
2771140,49215,7,1
79136,5322,5,1
2837977,31640,1,1
2181285,35383,2,1
388281,43961,3,1
2662158,19240,25,0
2251040,5876,2,1
3386657,43122,5,1
1905960,23888,4,1
3418279,9507,18,1
1290210,27695,18,1
2665513,27960,3,1
3330603,11712,2,1
1830289,24797,15,1
573921,18583,10,0
1913498,31081,1,0
1817342,48628,5,1
323074,47626,11,1
3295994,41065,7,1
2018522,22935,10,1
2220246,24320,13,0
1644241,34024,7,0
618735,27393,3,0
1122487,1890,4,0
1577409,49683,9,0
652693,17984,10,1
959205,38698,4,0
1698914,15795,6,1
2437021,23009,2,0
2387307,25435,3,1
1500697,19660,4,1
2564285,27104,11,1
3109639,9438,5,1
494332,15290,3,1
1577184,7364,14,1
217334,38739,20,0
1403307,3459,28,1
2975886,24852,3,1
1284203,14903,19,1
1555697,35951,3,1
2928509,26553,3,0
2945173,18465,4,0
2112315,49340,4,1
2817464,2855,12,0
1442449,36106,5,1
1417362,39303,15,0
1304239,27845,1,1
2919666,4605,18,1
1280598,38108,2,1
681045,18019,19,1
518627,34942,10,0
2698199,1463,1,1
757659,35992,14,0
1963123,11250,12,1
180087,36865,10,1
2876783,14573,9,1
1644241,35070,9,1
443664,20114,3,1
1234084,8424,3,1
559779,34325,2,0
865969,31242,21,1
2294656,35221,5,1
2914070,47912,6,1
2295674,28842,28,1
3388399,5322,3,0
2942088,27344,7,1
2548018,26209,8,1
129158,21938,5,0
1395279,33124,6,1
1636812,47209,21,0
3314688,329,3,1
2010851,11422,13,0
2894916,25844,1,1
385210,49652,7,0
1925550,34126,8,0
833288,42701,2,0
675301,48142,2,1
2063248,5077,15,0
1067973,2838,8,0
2167593,21945,14,0
1550297,8174,15,1
783439,24852,51,1
1257842,47029,6,0
2763915,27012,1,0
1317316,47209,3,1
559779,33731,1,1
2888560,16759,1,0
2623298,23909,4,1
328187,33000,12,0
2068407,43039,12,0
905807,24852,2,1
1835895,49023,6,1
3230918,45066,9,1
483486,13176,18,1
3409131,5111,26,1
2992169,12463,3,1
1081391,1463,2,1
1338472,8838,9,0
1005204,34668,4,0
2972514,35951,9,1
1705072,21064,6,0
1420644,23517,10,1
1762281,31504,22,0
3203974,25513,5,1
2136204,48679,32,0
1763649,20113,4,0
2708844,39984,23,0
457495,19678,1,1
610096,26209,14,1
2138086,890,5,1
332928,20995,12,0
238621,21497,9,1
2882456,47135,6,0
657572,36784,3,1
1536939,24852,7,0
2901063,14781,2,0
103710,27316,7,1
848665,18531,2,0
3246963,7948,6,1
1045947,26897,11,0
1989898,14161,4,1
1620007,24964,6,0
1244719,35306,4,1
3080767,44910,16,0
1988526,30021,12,1
2081925,3330,6,1
2944682,4663,6,0
1666464,1541,2,1
3133686,40688,2,1
2450787,45154,5,0
498596,26216,13,0
2789485,44632,3,1
2396863,4920,7,0
2097901,9932,2,0
1555697,43988,1,1
732952,29662,21,1
1557493,28079,14,1
2781237,32403,11,1
2081925,5575,3,1
534199,27966,5,0
1421558,4605,9,1
1411097,46979,22,1
1648363,20977,20,0
1008748,47672,13,0
1420644,436,11,0
2229154,20842,3,1
2953228,44008,2,1
1576736,20828,36,0
1278071,42623,2,0
604265,28439,13,1
184473,10301,5,1
1887172,25138,8,1
3025339,260,19,1
1955108,6104,1,1
453643,19459,18,1
1826359,2433,2,0
1564691,3481,7,0
913465,36114,4,1
2773817,28842,7,1
1871419,40342,25,0
42238,43739,1,1
2852531,15011,2,1
2665018,24852,6,1
573921,26790,9,0
2482871,27086,3,1
1307165,42585,14,1
2245309,10957,27,1
862218,23011,10,0
2884777,7469,5,1
2877499,30771,2,1
891240,21653,10,1
2679079,2132,7,1
1564691,27086,11,0
73751,25170,4,0
519720,41149,9,1
2707549,13431,1,0
2164528,28553,11,1
2648029,11919,1,1
2194017,22935,2,0
2787070,39275,7,1
1727432,24489,11,1
1534349,46667,16,0
3021088,12872,3,1
2664489,36011,7,1
811116,22475,22,1
3351373,19057,7,1
3027951,32717,19,1
1818403,8567,6,0
831292,21616,8,1
1721062,16797,6,0
2397146,3166,12,1
2676153,16595,3,1
1300442,43248,1,0
2806886,31215,7,1
3350435,41023,1,1
2877499,39889,5,1
726044,31634,13,0
1395032,37156,4,1
657572,37489,5,0
793458,40992,15,0
683286,29627,4,1
165351,24363,6,0
599011,33198,1,1
700820,24024,5,1
3315866,10193,1,0
63649,30489,7,1
1162861,30796,2,1
675410,9510,1,0
113729,1408,21,0
350582,172,2,1
39791,39046,9,0
555231,12756,4,0
1503291,47209,4,1
1557493,9366,19,1
3397963,8193,16,0
2211372,34551,17,1
498596,23687,14,1
570264,9076,9,1
3208314,13166,9,1
2517022,5991,16,1
2137071,26209,19,1
1131751,35221,5,1
1454013,11481,1,1
2592492,33572,7,0
3405385,28725,1,0
1678022,3919,1,1
2708844,13176,5,1
2226933,19536,1,0
1488731,26209,2,0
1492542,21903,2,1
2269764,45968,15,1
764296,18113,1,1
3202203,27086,1,0
1623570,27122,2,0
578257,31678,1,1
1355835,27845,2,1
2456313,45106,4,1
1840774,10390,10,1
1272333,8518,13,1
652693,27240,15,0
2557243,34878,22,0
1489228,29950,14,1
656499,31506,4,0
891240,7131,8,1
1561320,8555,9,0
1424807,43961,14,1
1524084,15623,2,0
833288,21267,1,1
388478,22124,14,1
3317334,9739,14,0
579236,5114,13,0
3284322,40706,15,1
2709791,39812,1,1
2578079,43789,10,0
166272,4870,15,1
3024721,44014,14,0
2180726,48487,8,0
3009500,36170,6,1
1190777,47291,7,0
782847,28842,24,0
1528513,4416,15,0
102028,432,2,1
356069,13042,1,1
2560889,23888,3,0
2730520,11960,3,1
2390104,11777,4,1
2336715,7035,9,0
2944552,6567,7,1
583005,31334,12,1
2082539,23400,6,0
3334372,39275,24,1
2136995,36488,29,0
1394039,31717,1,0
206747,29910,5,0
2433512,1215,14,0
1303188,47008,17,0
2584585,26882,1,1
2517022,25715,5,1
2370090,47766,4,1
951845,38400,14,1
1766760,43713,8,0
1201914,25806,14,0
3077071,32446,3,1
595726,37687,1,1
2147845,4962,9,1
191506,11352,5,1
1527773,21137,4,0
2996306,4455,1,1
689839,27344,19,1
2138086,22395,3,1
1737166,14947,2,1
3041736,33386,13,1
2292943,16797,2,1
3353350,8021,6,1
2681105,5212,5,1
1545584,34448,10,0
2180977,5450,9,0
3142896,16224,9,1
1902528,13605,4,0
374956,8193,2,1
2789149,15945,4,0
2990707,44632,12,1
610096,28842,10,0
936492,2893,21,1
374542,45188,5,0
2148176,24852,6,1
2416667,22035,2,1
1218793,9459,3,1
1644241,32030,8,0
610096,31506,19,1
3073001,34530,6,0
2353590,33733,11,1
3356599,7559,6,1
1063342,44949,7,0
1339513,37361,3,1
2227607,33731,3,1
706641,47734,7,0
45189,17122,1,0
217059,13031,1,1
2506102,18564,5,1
3035474,18644,7,0
2925919,24841,33,0
113729,41319,15,0
3359312,47209,14,1
246119,23219,5,1
1361365,43192,7,0
298801,8277,24,1
3312919,12078,4,1
233957,44375,5,0
2533515,29127,3,1
1880695,9755,3,0
1623548,41387,4,1
2852904,5451,1,1
2390337,10866,7,0
2876579,14565,3,1
246119,43713,30,0
175538,20574,1,1
252505,38596,1,0
717916,20708,23,1
2823045,17206,5,0
2082355,43154,26,1
3125639,39619,8,1
2665388,17170,14,1
1472280,22699,9,0
226156,19261,6,0
154318,16868,14,0
2250985,35182,16,0
2407073,2272,1,1
1449657,1700,7,0
2473430,23650,38,1
1925005,32935,2,1
265557,665,3,0
888990,46969,23,0
130006,8571,4,0
2073940,47884,4,1
3033500,1416,20,0
3359312,26209,17,1
1718342,44632,6,1
1227223,27156,18,1
936568,13780,10,0
110580,36772,17,0
3267157,3990,1,1
2786733,10761,11,1
1489667,17794,3,0
2730334,25466,1,1
3040238,48723,7,1
2204939,5785,2,1
1116683,37629,30,0
1977750,24231,4,1
1853184,29311,14,1
1782383,19366,31,0
2397739,18159,4,0
1036434,35510,11,0
2617243,9444,3,1
358760,45013,14,1
3236106,25230,5,1
2785563,1217,17,0
185135,12129,4,0
2705982,22915,12,0
1949434,16974,1,1
3104523,15269,10,1
2955715,3327,6,0
3226289,28745,5,1
2489477,9076,3,0
3147707,26452,9,1
1159106,17666,17,1
1782383,26800,10,0
2960963,10549,11,1
758566,24852,5,1
1762575,10326,7,1
1355835,30391,39,0
2136462,44712,19,1
525968,28199,8,0
2966362,21938,21,1
642561,32428,12,0
1635798,7116,25,0
522404,24413,12,0
3109703,47766,1,1
3404774,26209,3,1
1597685,43662,5,1
1123946,14010,6,1
3279847,34487,7,1
2852904,30016,3,0
1060367,30442,12,1
116933,42701,4,1
1207364,47626,7,1
3342349,48799,1,1
1263927,27662,13,0
3335433,30233,6,0
259282,29993,1,1
3387911,21137,2,1
1796492,27796,2,1
2008861,40469,3,1
2823045,3869,1,0
2704331,35951,11,0
1590523,38533,10,1
2220246,23537,3,0
923285,27966,6,1
3033500,10315,1,1
1341840,39108,13,0
2940421,27323,2,1
3282106,38453,4,1
3010366,15976,7,1
3382838,37646,17,0
1112414,35883,13,1
3104523,4595,4,0
389115,44795,12,0
999612,46526,4,1
1284203,459,2,1
157365,12078,4,1
259282,47626,8,0
2190751,18656,18,1
1022897,32134,1,1
1779108,41990,6,0
2371990,24830,12,1
778025,28556,6,0
1387068,30233,14,1
2194774,364,18,0
1864242,31717,5,1
2660237,45394,7,0
3008027,47766,2,1
663164,43867,18,1
1488731,42450,3,0
1894145,6343,25,0
328899,12276,21,1
729902,12206,7,1
2964954,11454,7,0
1268418,45279,4,1
514882,34221,6,0
1227223,42342,1,1
3418279,40706,10,1
2137071,21403,17,0
983583,28427,2,1
2036707,15535,9,1
1473441,15290,10,1
2345707,45100,3,1
482564,49198,5,1
1526289,3439,35,0
1718342,37496,3,1
1787831,49215,5,0
3349491,39984,7,0
1916455,8277,14,1
1414324,17828,13,0
2920083,3999,2,1
449178,43080,22,1
3103978,4605,6,1
60198,23801,4,1
718280,26080,16,1
577493,27156,4,0
2925845,35951,2,1
239636,38456,1,0
1749769,27122,18,0
388564,48753,7,0
2043534,44867,1,0
150329,46203,9,0
1499348,33819,3,1
2754800,37524,21,1
2970304,939,22,1
1733143,41605,7,1
252505,19057,7,1
2024553,5876,15,1
3308769,9124,2,1
726044,15872,8,0
1809339,19048,9,1
1034062,24964,7,1
518627,27571,7,0
3239951,20009,2,1
116932,8277,5,0
2136462,31343,4,1
1449657,5620,2,0
1968047,46667,6,0
873975,20114,2,1
1722880,38650,2,1
1766651,3957,3,1
2946568,49082,1,0
222331,21903,14,0
2739052,27966,2,1
1227265,23148,19,0
2972514,29180,1,1
3415690,43961,7,1
3339394,41400,1,1
3402985,27142,9,0
2565605,44359,14,1
3302561,24852,1,1
57068,21903,2,1
2235911,28985,1,0
2620958,820,1,1
1190142,39928,2,1
1927734,2962,4,1
2244165,9554,4,0
810499,669,12,1
1607397,22935,2,1
3033815,28632,8,1
347179,14579,1,1
1056399,2471,17,0
2526258,13249,2,1
880618,38739,4,0
3413698,24852,7,1
3267157,43772,7,0
3135473,47209,6,0
1464659,4462,10,1
1412344,28990,2,0
2221689,39947,7,0
2776896,40627,7,1
41376,35561,5,1
1227265,30391,23,0
2927938,24852,2,1
1456342,46709,6,1
2720594,5876,1,1
86827,19057,9,0
3082890,30695,12,1
628372,15030,3,0
3298200,45007,3,0
1927734,7562,8,0
2242113,47209,2,1
2569081,4472,11,1
1738253,27086,14,0
323074,38739,7,1
1411097,13512,11,1
2869976,34050,10,1
1842600,3970,3,0
521509,35752,11,0
1162618,13176,5,1
284047,44632,2,1
374956,43712,12,1
2021378,41950,1,1
1472280,24852,2,1
2450363,13497,6,0
1751684,38456,1,0
1613587,36717,5,1
2480609,44283,11,0
922868,3616,7,0
940275,13198,12,1
514331,28785,3,0
377188,16768,11,1
977817,5025,6,0
174685,47209,3,0
1232902,25270,14,0
680209,27966,18,1
1887238,23879,12,0
1727432,44632,5,1
2037789,33098,11,0
434839,31717,12,1
385526,24184,24,0
2882456,22533,7,0
1876256,23854,17,0
976941,42557,6,1
2315427,32478,8,1
2569081,24954,2,1
2295674,37508,5,1
1786343,33647,3,0
815201,723,9,1
3163362,26885,4,1
1403307,14971,24,1
1711489,21777,19,0
2622944,7557,1,1
522798,40427,5,0
1662008,29594,1,0
1686105,15613,2,1
1449657,41642,12,1
3080767,47626,5,0
73122,37866,3,1
557274,3007,23,1
1000881,278,13,1
3295994,26131,24,1
1346368,40229,3,0
304908,3491,3,0
2015438,14086,2,1
2510711,46969,12,1
3141121,49198,1,1
434034,33249,2,1
1387542,10365,2,1
1953790,39275,5,0
2729429,44042,1,1
1919192,15392,2,0
2270792,4269,6,1
239636,48034,23,0
1212584,48395,4,1
2548527,9047,8,1
2680250,11352,5,1
213808,4920,6,1
2123402,3142,16,0
217059,26369,15,1
1457040,34640,4,1
1838884,19678,12,0
2024457,47537,12,1
1029954,28985,7,1
2728571,47759,14,0
1590523,34720,18,0
271069,9076,14,0
3297824,3398,8,1
3062193,5994,11,0
1454710,17149,13,0
783439,47734,42,1
1783761,43086,20,0
835317,260,10,0
101963,43961,1,1
2447291,31727,9,1
2728389,4855,5,1
1658400,45787,8,1
2689537,21296,14,1
3240664,27086,8,0
2183652,10957,5,1
2795831,280,11,0
2664124,13015,1,0
2590950,21292,4,0
597717,30353,6,1
3186408,33731,25,0
859425,29487,6,0
1706489,34262,4,1
1198409,7751,3,1
2029393,35914,6,1
977817,6474,7,1
1439603,3481,4,0
3214338,14444,11,0
2893151,4799,6,1
1741341,28597,5,0
2098773,13512,7,0
2384861,36106,16,0
443341,43086,2,1
1315105,44359,7,1
1499348,5025,5,1
2173141,13304,7,1
1406847,9839,15,1
2281257,6567,2,0
1085241,25043,8,1
196100,5652,34,0
1830289,20244,13,0
2956721,18531,4,1
3182585,10108,3,1
328137,10699,12,0
1294352,42479,6,1
1261762,44449,8,0
1473441,47435,11,0
1496025,4792,2,1
2147927,22950,6,1
1839066,20708,12,0
2081562,130,13,0
1532304,14372,3,0
3186408,7806,14,1
348335,35561,1,1
665707,39216,9,1
1075590,12481,11,0
1735588,13740,7,1
2067931,29646,23,1
1657457,36574,4,0
1612421,23765,4,1
1423063,9852,2,0
2366276,42803,3,0
1651325,17300,1,0
1830289,33894,2,1
1131751,5194,9,1
3146808,43875,3,1
999612,21137,10,1
241599,30561,11,1
1816691,41960,11,1
2322101,38093,6,0
1554650,43654,7,1
1354983,2480,5,0
2648029,24810,8,1
1693799,10054,21,1
1119992,14901,5,0
2550215,14719,2,0
1524173,8349,11,0
2353590,10960,25,1
494518,36976,4,1
1812579,25093,10,0
1518272,19057,1,1
1725880,43713,12,1
332928,36695,11,0
2882456,40256,20,0
1612421,19125,5,0
504142,21290,10,0
1880695,35951,1,1
1627181,5025,1,1
1116683,22963,28,0
663164,5077,2,1
3186408,27413,32,0
2665388,34427,21,0
840275,25931,8,1
2216508,9666,12,0
3351729,13870,12,1
2929115,23543,7,1
2075436,21242,3,1
414129,37229,16,1
1532138,11462,4,0
87749,45741,4,1
820866,25318,4,0
158135,40055,1,0
3246963,162,3,0
2839062,4796,14,0
522404,2611,3,1
2659733,17526,1,1
3135473,47626,1,0
708824,31506,12,0
1946392,8174,10,0
1651019,19457,17,0
2350273,14084,1,1
2819185,49201,18,0
2745379,47386,15,0
1844833,27104,5,1
1259020,23087,8,0
1143717,28420,8,0
1661664,47209,3,1
2861329,24852,10,0
130592,34582,15,1
3159931,14947,4,1
3300865,20580,2,1
2781237,19766,15,0
478046,6184,1,1
2277893,13548,16,1
503120,22142,1,1
3344640,16101,12,0
509824,27104,10,1
521174,22963,7,1
3239951,3717,6,1
2149774,26201,16,1
605528,24838,6,0
2839062,16823,6,0
2216508,45374,10,1
665707,8174,21,0
1027673,38959,5,0
657572,17409,8,1
3366369,14084,2,0
3290296,43892,2,0
1557493,44289,30,0
2055774,7552,7,0
2974126,9554,17,1
2082355,29544,31,1
2394545,33787,4,1
1692372,47766,6,1
2625403,44910,7,1
1752418,8935,6,0
2040407,18722,1,1
3034547,45842,27,0
328899,19006,25,0
3244509,38164,17,1
3135473,39337,11,0
1952312,40279,2,1
2061928,6348,5,1
2377518,1025,10,1
1532304,35176,1,1
2662158,25371,8,1
2012874,11481,17,1
165163,5603,13,0
1903766,41787,5,1
2756537,31717,5,1
407460,46673,6,0
773487,19660,5,1
2564655,8277,5,1
2676633,8025,8,1
1989898,46847,8,1
3104523,7388,5,0
2287396,16869,5,1
214118,40310,19,0
1477105,25493,1,1
1355835,2726,26,1
2944986,25682,3,1
1604010,45200,2,0
1047784,4367,5,1
1371693,19366,10,1
618301,45123,8,0
1784000,20127,11,0
630802,14223,1,0
2262743,35140,2,1
27431,8955,2,0
1513945,10246,7,0
2813132,43662,2,1
2781248,41373,4,1
1411241,24852,1,1
663164,34368,5,1
1785392,44987,1,1
584013,10385,17,1
2288371,14493,9,0
661374,27845,8,0
565929,13176,23,1
774362,4920,9,0
2223362,39408,6,1
3366369,43961,4,0
2685683,14084,10,1
2816373,44782,12,0
1717719,19448,4,1
3290079,15872,6,1
3317334,45007,11,1
1785392,13802,11,0
2381192,14711,9,0
31254,38425,8,1
2406616,7010,8,1
712110,24118,5,1
180747,23734,5,1
1902528,11611,19,0
165351,41220,2,1
864886,30489,3,1
3409131,37286,29,1
126582,39530,5,0
790403,35004,14,1
431815,13049,12,1
863590,16616,11,1
1183871,19160,10,1
3208314,10246,11,0
2949496,44142,12,1
974593,47209,3,1
312055,11422,6,1
2895755,9517,5,0
2709752,5550,5,1
3000625,27845,10,1
1342932,19821,6,1
2479043,37521,1,0
1659066,7021,5,0
2369123,24838,11,1
802137,46470,2,1
2063370,43697,2,0
1246226,20323,3,0
3114264,12341,2,1
2125808,10504,8,1
3253052,35577,5,1
3018078,23554,21,0
3317334,8174,3,1
2364638,17795,4,1
2283843,24084,2,0
1682767,49235,5,1
2084417,30720,11,1
2270474,29473,4,0
836777,13176,2,1
196100,10369,3,1
936732,20378,13,0
2841495,48142,5,1
1492083,42840,3,0
414129,25830,15,1
917276,38293,6,1
1244719,21137,3,1
267895,12606,5,1
1397660,25741,1,1
865200,44801,6,0
2654878,39727,13,0
1346368,10070,7,1
2270694,2135,2,1
1207838,42244,9,1
1209721,5197,20,1
1921507,40723,22,0
3163362,4329,2,1
2190751,45161,21,1
1508652,30305,8,1
1720723,21938,18,1
417211,12738,4,0
2254934,47209,3,1
3348244,25659,17,0
1387068,8997,1,1
3212565,17976,1,1
960662,24535,14,0
1627949,11182,22,1
634566,46069,8,0
3236192,14872,7,0
1910275,46906,11,0
2856752,47685,18,0
723809,40404,4,0
3366398,9777,10,0
3141610,22417,15,1
1457147,48364,2,1
1060367,27925,11,1
1974193,15891,6,0
3009409,13176,2,1
2173141,20520,16,1
1853184,44632,4,1
521861,20887,8,0
3082890,48679,5,1
2244165,13870,2,0
1455059,30385,2,1
3327623,40604,14,0
134131,45541,4,0
233957,33787,3,0
461005,28465,7,0
1248443,26940,7,0
2955715,2772,7,0
2220246,35217,2,0
2111456,29487,2,0
2071079,17010,10,1
2069239,1940,1,1
2227347,39216,5,1
188647,19660,14,0
14647,29392,1,0
2219464,13176,5,0
2149774,45066,1,1
16206,19451,1,0
1812543,41694,14,1
2080762,7715,7,1
453928,4350,11,1
417211,43632,5,1
228411,39922,13,1
3282841,27761,5,1
604265,40287,6,1
441652,14240,3,0
2578614,196,5,1
2631310,1374,4,0
292287,16696,2,0
2689537,16185,7,1
2880994,43961,24,0
2746291,3550,5,1
2756537,33238,17,0
1445569,6184,2,1
145025,27966,8,1
49123,33056,18,1
2740781,18725,6,1
656499,20127,2,0
391053,4724,2,1
1227223,40396,8,1
645036,15290,7,1
1303188,11276,7,0
2450636,150,1,1
180802,13176,1,1
772538,46676,3,1
3144293,46667,8,1
900983,17207,4,0
3033500,10369,16,1
2305433,5876,1,0
1054548,4920,5,1
2469417,5785,3,1
2206462,10089,2,0
2306361,21903,14,1
2743515,12330,11,0
783439,12456,3,1
2220246,30957,15,0
2350273,28156,2,1
2588432,1640,5,1
2150579,13284,2,1
3002379,6972,9,0
1056399,10125,9,1
1482787,27683,7,1
1696964,36431,3,0
2807030,329,3,1
2210199,35948,9,0
1589126,10070,6,0
458292,10605,5,1
3062193,24489,32,0
2270694,33351,6,1
1395989,23693,1,1
723665,23537,3,0
519720,651,1,1
634964,44961,2,1
323074,1463,1,1
1770322,5450,6,1
570875,30233,5,1
3147707,2295,8,1
1396016,22935,9,1
1720723,30430,4,1
3093386,38313,4,1
1399853,35221,3,1
805051,48476,16,1
1838884,22935,4,1
3214011,9755,10,0
2741121,43389,8,0
986576,13733,16,0
707416,47144,2,0
2469996,7862,5,0
3018078,38809,8,1
3121414,24891,36,0
1863363,41290,1,1
2147222,14161,6,1
2180726,23715,17,0
470942,44238,11,1
2216508,781,13,0
35054,22425,2,1
514331,2295,17,0
2520433,9067,14,0
1499348,49139,22,1
2296359,32052,3,0
1298608,13176,1,1
753751,5068,5,1
1333178,24852,1,1
2921959,2223,4,1
1466816,2078,32,1
2631310,1463,1,1
3280215,27966,6,1
966502,40120,17,0
827496,5097,18,1
2844860,46522,12,1
125371,12341,3,1
1395644,5077,21,0
760471,3935,4,0
2250985,17704,5,0
1655216,22141,1,1
2749763,10453,2,0
3064552,27966,2,1
3090699,16759,11,0
2019961,17149,3,1
1788296,29315,7,1
3024491,29009,8,0
3111806,5989,18,0
3146808,47626,12,1
2032722,42613,10,0
1648109,39475,15,1
2820365,13251,4,1
416790,31683,4,1
3231889,49044,13,0
1147702,33956,3,1
1785392,34126,18,0
2526148,16617,16,1
922868,42518,1,1
3363829,9212,14,1
1655216,47626,7,1
1395989,44632,2,1
540093,17872,7,0
2080762,47209,6,1
350582,812,1,1
1237526,45948,3,1
2480609,14678,9,0
1456099,38439,12,1
1349086,47912,5,1
1248775,33198,14,1
2835192,17752,37,1
546893,19218,10,0
3297979,44926,6,0
2396735,29370,3,1
3197406,39812,6,1
2564655,5769,8,0
189779,21288,2,1
2835189,47626,6,1
3156211,18880,4,1
2363279,11933,6,0
2607280,28985,4,0
1619435,43352,10,1
686403,11520,3,1
344265,45007,1,1
1846693,8424,10,0
3274783,39275,2,1
2538388,25659,9,0
1789044,48057,7,0
2471773,43961,4,1
103710,9076,6,1
1816715,3459,9,1
1553386,44830,6,1
142207,13984,4,0
3052221,35921,7,1
2754800,44359,6,1
328137,13176,1,1
535392,21709,11,0
1576736,18352,24,1
664478,35605,8,0
1631808,21137,5,1
2711485,21903,1,0
2136995,47630,23,1
965476,22935,1,1
1138236,32880,8,0
2687178,39275,6,1
2286379,44683,7,1
832387,29015,4,0
2087784,23695,1,1
834195,38383,6,1
347123,12899,1,1
63733,14506,7,0
682107,40992,11,1
1648109,31539,9,0
2450363,32740,3,1
608449,13535,1,1
2221609,47144,1,1
1627949,35188,18,0
2180726,31717,18,0
2958118,46906,2,0
3015464,26209,1,0
2640789,7948,8,0
3339416,21295,1,0
1696964,26312,1,0
1785137,31869,9,1
1937142,42239,3,1
3394307,1503,14,1
2244165,38078,19,0
2295674,47848,25,0
2976662,2664,23,1
970829,46969,4,1
413757,1394,4,0
384823,49235,7,0
2777798,21938,10,0
1414324,30463,12,0
1826359,25647,10,1
2903502,35199,4,1
1094608,19005,22,0
3284322,8277,10,1
3102856,3599,5,1
1513493,24595,7,0
2015209,24489,4,1
3034557,37754,3,1
2817895,37121,11,1
2106749,40706,25,0
2456633,32553,3,1
876895,28450,8,0
3223250,38827,4,0
2865701,19575,3,0
407460,49433,8,0
2255474,33232,22,1
2859070,30290,4,1
480156,8277,3,0
1787335,33401,2,1
512709,39861,26,0
1488067,47941,14,1
1505204,5876,3,1
2551089,37687,2,1
2998996,18534,4,0
3090699,12409,9,0
404226,33000,8,1
963204,15767,8,0
2064499,25937,5,1
2798178,35140,10,0
271930,24024,3,1
2419056,2855,3,1
2820779,8536,12,0
457495,45,3,1
2959863,7041,2,0
3305158,35914,12,1
1832945,9839,2,0
1471738,24834,14,1
1113221,45769,2,1
1942105,46692,4,1
1601131,30425,6,0
1347153,23543,1,0
2136204,5769,11,1
1541078,33589,1,1
954978,43768,3,0
1340735,18327,6,0
250107,26128,12,1
3363829,35225,15,1
698422,45007,11,1
2098704,106,11,0
2048045,27104,13,0
2776896,8866,6,1
2880994,34497,6,1
2621257,37011,4,0
294209,28842,2,1
2256752,22935,3,0
1009873,24852,4,1
2791134,20995,9,0
1201914,36107,5,1
150794,863,1,0
2298243,4724,1,1
296718,40396,1,1
1194122,17634,11,1
2878446,41662,19,0
2868167,39041,12,1
2596788,16560,9,0
2813624,5547,5,0
54287,15200,3,0
1627949,10798,31,0
886421,32519,6,0
2264313,26437,5,0
3195398,1392,4,1
1616735,22832,3,1
1196345,7751,3,0
556646,12260,6,0
2133610,20345,7,0
1032785,13176,3,1
3282247,47229,12,1
1390505,24964,3,0
3419825,16816,11,1
1503291,14223,5,0
1431329,18603,10,0
2920537,24838,3,1
1557530,22842,10,0
262479,28985,10,1
253902,32655,9,1
2117923,27845,2,0
3290079,25,1,0
2935289,25890,8,0
1162861,22935,6,1
2892862,43122,9,1
2005896,27845,17,1
42563,26604,2,1
1968069,22935,6,1
2379941,47626,14,1
1262838,13263,9,1
1805109,23044,8,1
1246261,16262,2,1
2817148,35921,1,1
1511954,7477,14,0
3239348,21903,19,1
1263927,10749,10,1
1455059,44838,5,0
2032710,44359,3,1
2769970,40706,3,0
1403048,47912,15,1
458292,48239,21,1
1129413,12343,12,1
1264829,3721,2,0
450921,9387,8,1
2695585,6801,6,0
2769198,42342,1,1
2414863,45128,2,1
2170762,44396,13,0
805051,25466,8,1
2153867,34866,15,0
2039601,32747,1,1
2163126,36695,7,1
1576736,37274,9,0
634566,24964,4,0
3195398,21137,3,1
3115302,30950,14,1
3334372,21497,11,1
2032722,45210,6,1
110580,33438,11,0
999612,29965,11,1
2107075,29487,3,1
823844,27881,7,0
2408621,24954,8,1
1576736,14161,12,0
2920537,22369,2,1
23726,34809,25,0
1421558,31553,11,1
2111456,27104,6,0
1309463,4138,2,0
2754800,16349,12,0
73751,34969,7,0
2298722,25513,4,0
1724253,40310,9,1
1059177,29307,2,1
240181,43961,5,1
723665,18531,9,0
129158,18370,9,0
1910903,15937,16,1
3304580,47209,16,1
2681105,33198,20,0
79136,20127,10,1
1648815,27247,3,1
2315465,37646,3,1
2419056,27744,4,1
313297,20269,6,0
2537455,19511,1,1
2806886,41248,6,1
2035798,39275,1,1
434839,13780,10,1
463540,21376,7,1
2342770,4493,4,0
2261340,18011,12,1
3289113,42139,3,1
2737317,33000,2,1
2492255,32293,20,1
3079467,41716,18,0
911158,38890,3,0
1051200,329,1,1
2966362,30489,23,1
3138883,35140,17,0
396126,19156,17,1
2722178,47931,2,1
835025,43739,2,1
1263927,40229,11,1
2004686,27344,6,0
1184270,26384,12,0
2755194,40723,12,0
465658,13231,9,1
1963123,35750,15,0
2246208,2450,6,1
238621,945,7,1
2545409,4920,8,1
1591950,22950,2,1
938613,11712,6,1
3093286,30720,25,1
1977485,8352,2,1
3413271,432,6,1
1662560,14852,4,0
2510572,24130,22,0
1492083,26604,5,1
2510572,26172,20,1
2355589,24184,19,0
2557243,43867,20,0
1817342,9339,6,1
643530,15996,8,0
2659205,36086,3,0
1901379,35951,3,1
1553718,7325,1,1
398589,44120,3,0
612625,2493,10,1
116706,42736,25,0
1396268,43262,18,0
1775730,17807,3,1
1227223,5025,12,1
2581945,47209,14,1
3067962,31506,5,1
3405385,30391,18,0
2547369,47209,11,1
3052221,32163,13,1
1116683,4086,11,0
1999664,24082,3,1
2970981,21903,5,0
1644898,42445,5,1
1227083,49683,1,1
1925631,34969,7,1
2662158,15146,6,1
185135,3008,3,0
472983,31605,8,0
1479136,22935,4,1
1552035,29180,7,1
1540823,42592,4,1
2998996,38996,18,0
2813132,49235,1,1
2760819,18465,4,1
1253623,21709,1,0
776110,32734,6,1
217334,42138,2,1
1972821,29363,3,1
2878698,45965,1,1
2961128,24852,1,1
3171951,48697,8,0
141134,25005,25,0
3344890,13249,3,0
468521,1689,2,0
61558,10706,9,1
2458517,26040,7,1
2773900,21903,1,0
2619914,10814,3,0
3413698,7746,4,1
2681105,13176,4,1
3291523,45870,9,1
3295994,16239,28,1
291265,20995,1,1
552481,43768,8,1
3131410,9387,4,0
1990565,21137,3,1
2956721,10978,11,0
3214660,45948,3,1
467272,23763,8,0
2138086,6328,6,1
2032722,2716,5,1
2738283,16874,5,1
3090699,7260,4,1
1934720,329,3,1
1180642,3142,7,1
1838190,35939,9,1
1276842,40516,10,0
1948780,48364,3,1
2193607,19660,4,1
2772911,19155,7,1
666714,33294,7,1
2929997,17600,7,1
1094608,37637,4,1
1384870,32078,8,1
1692244,24852,4,1
103562,47209,3,1
1010292,15820,2,1
1661664,31720,6,1
3360620,5785,2,1
292236,24841,14,1
1952879,32403,1,1
1643851,49683,10,1
1190142,7500,7,1
353013,20186,3,1
536731,4081,5,0
1550826,37257,22,1
723489,45104,9,1
1123221,48144,7,0
1904384,29142,4,0
927790,44138,2,0
149157,20574,9,1
2805105,13988,5,1
1183871,12980,9,1
1195459,21227,2,0
1388438,5876,3,0
1925778,47766,2,1
2045489,27714,2,0
1046998,39581,3,1
1726333,24852,4,1
596253,49339,2,1
3084633,49235,3,1
3138883,9337,10,0
2490522,39964,5,1
2445018,7916,4,1
2557243,24184,17,1
798947,21938,12,1
708824,36322,11,0
1536939,14945,16,0
1387420,18441,26,0
657584,24852,2,1
1387436,17731,5,0
3073593,19169,4,0
3315996,16797,15,1
1515849,20574,4,1
1941779,5876,8,1
1665552,29508,8,1
1837287,35940,4,0
2350994,11182,1,0
17202,46770,13,0
185135,33153,1,0
117384,19240,18,1
517552,38985,1,1
3109162,14536,2,0
1355835,45007,11,1
3359312,38558,9,1
771747,44142,3,0
2804990,5876,2,1
2976662,1131,19,1
2215422,8908,3,1
610096,8518,13,0
2550215,12980,14,0
2795831,23064,23,1
349009,44632,2,1
1230250,4605,1,1
1536939,28934,12,0
2203182,24131,5,1
1035489,47034,1,1
940275,22035,7,1
1417569,22559,12,1
1051406,14579,2,1
1516651,18606,6,1
2167593,9839,2,1
1264829,13708,11,0
2655148,48799,2,0
2336715,21903,2,1
1545584,30391,14,1
2173638,21903,3,1
2223362,24852,3,1
1068009,19660,2,1
2015039,6873,2,1
280691,9385,2,1
547540,5876,12,0
1581676,5067,27,1
1250858,34358,5,0
2938842,13176,1,1
1189500,45104,5,1
1812070,37687,1,1
1160952,13670,2,1
790183,16965,8,0
2256802,22105,2,0
1492028,22620,1,0
153467,18027,10,0
1291302,18339,7,0
2901063,49264,8,0
2946568,4933,5,0
2402751,20661,2,0
1487072,39190,1,1
1036344,9666,2,0
2828586,47209,2,1
3344640,29027,9,0
62477,23734,4,1
665707,21070,17,0
756694,2480,7,0
3031830,11520,1,1
522537,10481,2,1
1666102,38051,9,1
1190777,7619,29,0
1506554,19970,4,0
3347815,46677,5,0
648983,45437,1,1
1143830,31683,6,1
1656908,28918,6,0
3413698,42944,8,1
2377828,13176,3,1
1257842,5184,2,1
2610507,1360,16,0
996696,47209,7,1
2705982,31853,1,1
3356599,17122,11,1
3103978,3599,4,1
779211,5912,5,0
873975,34584,5,0
556646,20976,16,1
1930124,25093,18,1
2817895,24852,8,1
501174,41588,4,1
1056399,40310,14,1
1977750,432,7,1
2338695,25837,1,0
1518861,21137,1,1
2166045,47672,18,1
3111806,23643,7,1
2234614,4938,4,1
579378,28214,1,0
2929115,44310,17,0
936568,21616,14,0
1499484,24489,7,1
2075436,27683,6,0
2664124,43070,5,0
2511677,389,8,1
522404,44471,13,0
1127125,21137,5,1
547540,27044,4,1
2625403,31343,10,0
1631333,48118,6,0
1220920,13176,1,1
2789485,46388,18,1
339445,47209,5,0
2336273,42026,12,0
2526258,39190,3,0
2011176,40397,8,0
2590600,8518,10,1
1785137,16797,5,1
812073,4942,6,1
501834,17600,1,0
1131751,9438,39,0
441186,41363,2,1
591838,48335,9,0
890612,47209,1,1
2708338,28226,5,0
3142896,28749,1,1
468349,28359,9,1
2238524,31800,6,1
807183,23645,5,0
2192122,31043,23,0
470142,27845,9,0
1727085,4472,2,1
1003683,46667,5,1
2018522,12341,7,0
2397162,36772,8,1
3391131,28199,3,1
384505,8460,9,0
3104380,16558,2,0
2063370,41065,4,0
2679079,26915,2,1
253464,31915,6,1
292236,21326,13,1
1034062,40010,9,0
2630126,283,5,0
3217995,24288,4,1
2577966,45066,11,1
3378937,41787,15,0
693617,35855,10,0
2753266,40706,6,0
783439,9839,46,1
2644098,12980,16,1
2689328,325,7,1
1084862,23541,8,0
2331415,47890,15,0
1154338,809,7,1
2797892,12276,10,0
3413698,34905,14,0
1749769,7781,6,0
1759873,21938,3,1
930570,2132,9,1
2914070,19057,16,1
2207662,44142,9,0
2353590,4597,27,1
2919666,24964,27,0
2484111,22802,3,1
1131903,49683,2,1
1666102,44449,8,0
2103550,16797,1,0
1876256,24852,4,1
2689328,1090,9,1
1524173,952,5,0
3335921,27690,6,0
1998614,27966,6,1
3193884,47626,10,0
2571323,11869,5,0
2078365,18048,16,1
1340735,13147,1,0
413757,9076,13,0
3286992,43923,12,1
1797616,31288,14,1
3212651,18963,6,1
1983151,23579,3,0
3052221,47626,5,1
3409131,6508,37,0
683175,16703,2,1
302743,21938,3,1
3397963,46802,6,1
980098,39877,2,1
2878285,43255,5,1
3126528,21903,2,1
2744445,4920,7,0
456868,49517,10,0
2300002,19057,5,1
1897745,27104,7,1
1316992,42736,11,0
142426,16759,6,0
1067973,21053,7,1
2063315,13176,6,1
1913147,29406,12,1
1873008,7021,1,0
191815,19660,1,1
1187964,7411,6,0
2971522,9409,5,0
612625,42299,15,0
2928697,34622,4,1
1505204,43858,13,1
1116683,44987,21,0
3299935,9458,6,0
1616409,22247,5,0
1223808,38274,7,0
1093097,13605,1,1
1574331,32850,2,0
779559,7259,10,0
592338,13251,8,0
1009873,21137,1,1
2613569,47672,1,0
3025339,44632,23,1
1947646,13176,2,1
2664508,28441,9,1
456868,24852,1,1
847610,5884,3,1
2204939,17758,8,1
2557243,25544,12,0
28957,14084,6,1
1612421,28204,3,1
1505204,37099,14,1
2722623,2210,5,1
1457656,1202,4,1
3110383,44560,6,1
434839,45965,1,1
2840337,2802,15,1
2125285,12572,4,0
3322523,33120,9,0
2876783,26317,5,1
2653514,42265,10,1
477762,10673,5,1
2229154,6201,34,1
1733253,47875,6,1
2934073,1710,11,1
470033,16611,3,1
3125639,35264,16,0
1039287,7147,9,0
2689328,37731,16,1
2621191,46667,2,0
2136995,22849,18,0
2473430,39589,9,1
1945696,15290,1,1
811116,27428,12,1
1461743,24024,7,1
3052221,28476,10,0
1876256,6631,6,1
685731,34504,2,0
2330892,42938,3,1
3402985,13083,4,0
785257,18918,12,0
1320817,24489,11,1
1887238,24846,9,0
850538,21019,7,0
2925919,19575,3,1
1522980,44683,25,0
482564,24437,3,1
552595,26209,9,1
369128,28931,2,1
2240516,13997,6,1
3359312,43888,12,1
3125639,10017,23,1
970829,39275,6,0
314427,14941,4,0
1679812,47058,13,1
2296370,5546,5,0
414129,11158,19,1
2949136,2295,1,1
3131359,32402,4,0
2245309,23233,26,1
5599,21616,2,0
1136966,24852,1,1
1456099,5077,9,1
3131722,3951,5,0
1347307,47209,7,1
1527773,39275,5,1
3405555,27086,3,0
293129,35535,3,1
2856752,9018,16,0
1887035,15290,3,1
1903701,5373,3,1
3038779,22825,3,1
821786,35622,4,0
369128,41844,1,1
801889,1824,1,1
557395,43352,4,1
2629965,21150,9,0
3288552,26079,6,1
1564691,22935,10,0
464454,33787,9,0
2048045,41220,2,1
1564230,21616,10,1
1805081,27237,8,1
811116,46799,9,0
1917281,34126,9,1
1492372,33452,20,1
253464,47144,3,0
2082355,37876,20,0
36814,22908,9,1
905807,21137,15,1
3131359,40709,8,1
442856,49260,2,0
1894145,19677,5,1
651634,34969,10,1
2402579,16797,18,0
746965,24964,6,1
1663324,32655,3,1
2881911,38311,6,1
2702142,45200,10,0
3419011,10,8,1
2885484,26604,4,1
921914,43352,9,1
1067113,24184,4,1
2209840,21386,6,0
489531,49425,22,0
3282106,15649,3,1
2360288,12955,10,1
434839,2716,8,1
1022567,21198,5,0
2020140,49235,8,1
2747426,25588,13,1
498596,36606,16,0
3334372,26209,9,1
3041971,35921,3,0
1131751,44098,18,1
397084,2180,5,0
514683,24964,12,1
292287,14320,10,0
2360288,22825,5,1
1939226,28986,11,0
1623561,47630,2,1
3035474,39639,5,0
2453357,34137,7,1
768767,24852,13,1
2654878,42342,8,1
799783,46931,11,0
2253067,48057,3,1
1533920,26764,13,0
3000960,28157,29,0
345948,3262,10,0
1089416,43094,2,0
1296027,14870,3,1
2560889,11278,5,1
3289113,37646,4,1
2814420,33290,6,0
2075280,18339,1,1
1454013,3376,37,0
2257062,47968,7,0
200585,8377,3,0
2295510,49243,5,1
1503291,38248,12,1
2483852,13733,13,0
1592021,48205,19,1
458292,42450,14,0
2584355,35264,9,0
863313,25886,6,0
828608,26751,3,0
1951347,49424,5,0
1722880,48357,3,1
612304,46593,10,0
1688227,45603,3,1
2480609,19048,8,0
2029887,21903,3,1
34244,17794,13,1
2921994,49683,15,0
2423757,23236,3,0
1284203,2668,42,0
787230,3957,3,1
768767,47626,5,1
1581676,47185,20,1
917710,2361,2,0
2331906,48593,1,1
3232819,21137,3,1
1818666,40960,13,0
2206196,34137,6,1
3142659,20512,5,1
382373,31506,7,0
2599454,31553,1,1
2789485,26223,14,1
1534249,28985,12,1
389842,13338,15,0
2556536,21351,2,1
1601680,31640,9,0
1778294,18699,11,1
2742639,27243,4,1
262307,24062,2,1
986576,30489,4,1
1131751,25146,17,1
1439598,24955,2,0
2075290,13176,1,1
2578079,45646,4,0
113729,26209,20,0
3015464,35887,3,1
210969,10305,7,1
1718781,21137,14,0
2220151,41276,1,0
2027917,33198,3,1
2565605,47626,8,1
84785,12163,1,0
2946568,32684,4,0
1944045,43988,16,0
494497,4957,13,1
2966362,7622,25,0
2353590,45309,22,1
2211234,12015,2,1
3177752,9736,2,1
80954,45066,5,1
3053220,29650,2,1
274017,18288,3,0
384938,14870,2,1
86849,44097,2,1
509960,12630,6,1
689839,28330,39,1
2755194,33120,15,0
3276934,27521,3,1
1172996,19467,5,0
936568,47029,25,0
161752,44257,1,1
2193774,25069,1,0
2727488,26283,10,0
2118039,47209,3,1
1162861,47209,7,1
2492255,274,1,0
2760549,15050,3,0
661612,41874,30,1
254834,11303,33,1
1587081,28840,14,0
1534924,40706,6,0
2956721,35824,17,1
88868,38277,12,1
3219325,46979,9,1
1421558,17872,5,1
2125808,28171,10,1
2231694,39947,3,1
1713951,21903,4,1
2567240,14536,6,0
811116,19402,33,0
1384870,34584,4,1
929490,2770,3,1
20921,24852,3,1
230474,38273,13,0
2419056,9339,5,1
1811607,12170,7,1
2966362,26706,14,0
498646,20114,2,0
2747426,21903,5,1
1218279,12703,3,0
1078578,44987,10,1
717837,21292,5,0
1627020,6948,2,1
1733253,27344,9,0
578740,7150,2,1
2264737,16797,6,0
2259341,49319,3,1
2245975,13016,2,1
2704331,41605,2,1
1505704,46802,2,0
3104523,35312,19,1
2172468,9124,18,1
461915,16768,1,0
328137,40245,7,1
284189,39693,17,0
1926961,14447,13,0
2564655,46667,9,0
2787070,38293,6,1
2190751,16823,6,1
1467516,10246,15,1
918451,7901,19,1
2163126,13565,14,1
454536,25706,1,1
1731548,39180,3,1
2664489,45002,17,0
1697253,1940,3,1
2612482,12872,21,0
1717084,1864,10,1
214118,14084,2,0
742611,21386,1,1
2044769,30489,19,1
2330333,33120,4,0
1601131,11985,2,0
2012874,47766,6,1
254834,12238,43,0
2124718,21019,20,1
3193884,40723,16,0
996218,2230,3,0
2653633,28521,13,0
1393702,21267,1,1
2823729,21903,8,0
1260174,36389,9,1
3102627,1231,3,0
144165,47766,4,0
3219345,15579,7,1
56577,26475,12,1
304908,44632,1,1
1778567,24852,1,1
2955483,30489,19,1
403179,47611,3,1
3351729,31506,24,1
2665513,47766,4,1
1913926,26283,11,1
2569081,37228,7,1
2465803,24852,4,1
371134,6878,4,1
2808637,1099,25,0
3341034,17794,2,0
1799192,47766,3,1
274017,39094,2,1
1301830,49683,3,0
2376046,9213,1,0
2559993,49235,7,1
1798868,14386,6,0
42238,35269,5,1
2489728,32566,6,1
1939226,6046,3,0
2196924,19660,12,0
3272421,34243,3,1
1224099,22298,6,0
385526,42557,23,1
2306743,14462,4,1
2772911,16797,10,1
23726,20632,21,0
3010645,39180,4,1
675954,21050,2,1
2763915,48679,5,1
2005470,14992,10,1
3242869,46246,2,1
2159023,13549,6,0
165163,26098,5,1
389842,37157,11,0
2755194,43713,18,0
2174824,8670,11,1
2914070,43122,2,1
1209721,27697,6,0
1226681,784,2,0
3391131,29447,2,1
2389250,723,16,1
2170762,44149,5,1
1394368,7088,8,0
142207,10369,11,0
202979,8061,9,1
1692372,44142,7,1
2698690,16145,12,0
2677385,24561,8,1
2255052,3558,14,0
1614888,12341,11,1
2532667,21903,11,0
1094608,34368,19,0
1823245,32277,9,1
2560889,31487,6,0
2418198,26914,2,0
793458,36085,25,0
2420794,32935,1,0
2555240,34780,1,0
2124998,30561,6,1
2630126,11135,13,0
1851029,12620,6,1
1977750,340,1,1
1661664,22035,11,1
2982675,24751,4,0
596253,35921,3,1
3326394,40334,16,1
2732170,27845,7,1
3282841,16518,6,1
2978769,196,1,1
1284203,38167,36,1
1782383,49585,22,0
559469,3389,5,1
2485534,31433,1,1
33041,30720,1,0
294209,44359,8,1
2211372,5618,11,0
2346211,12341,5,1
2709791,41463,8,0
1515849,27999,12,1
2315309,4210,2,0
358179,45616,6,1
1228621,24024,2,1
1636812,31040,20,0
2760819,26242,1,1
1613427,21938,1,1
3394819,33198,2,1
1091126,20229,2,1
253054,15290,5,0
1835005,25753,11,1
689129,24852,1,0
264042,10690,2,1
555231,27966,2,1
416444,3265,3,0
2761299,19057,6,1
640090,3957,12,0
2769660,15084,2,1
3059076,32177,24,0
1533920,26209,11,0
2665513,38608,11,1
661612,26606,6,1
184473,38991,4,1
914625,24664,22,0
1637389,37646,7,1
914625,15096,2,1
1261762,11408,7,1
732952,13176,1,1
1557804,15290,18,1
3388399,16665,6,0
1666721,23457,2,1
491077,10008,6,1
1817448,30450,20,0
2042742,22328,21,1
3360812,48726,13,0
377188,6656,10,1
3131410,35363,5,0
2990167,13634,2,1
1000881,6187,6,0
471000,49683,14,0
1123946,13646,12,1
2610707,39180,4,1
1143717,39040,14,1
2221689,17191,6,0
2209840,37460,12,1
752253,47626,6,1
2323728,5876,4,0
1894145,19775,22,0
329595,13032,5,1
214118,30192,14,1
783439,36913,20,1
1648109,21927,10,1
2317494,4137,2,0
2757435,37646,2,1
396126,48626,18,1
1407350,3090,10,0
11388,33195,3,0
235896,49247,2,1
1202617,23165,4,1
1636812,8277,17,0
3137744,36011,4,0
966502,30489,12,1
1061207,31766,4,0
412496,9139,5,0
2296370,37194,6,0
1232902,38652,13,0
540093,21903,9,1
833409,19180,2,1
881182,45007,4,1
143488,13870,4,0
1661256,27966,14,1
1500804,40302,1,1
2544855,44514,6,0
2614518,21616,18,0
63649,39896,1,0
3152287,35477,10,1
2387307,22035,5,1
2329084,3856,6,0
2708844,34126,15,1
783439,42900,32,1
1787831,45007,1,0
1449118,14119,5,0
1913956,48015,6,0
1972821,27639,10,1
194904,21938,18,1
1335220,21137,9,1
812073,36735,8,1
284047,27966,7,0
68595,36070,4,1
1513945,2086,5,1
3042260,43908,7,0
1492372,13755,9,1
1122487,28199,10,0
782847,34530,16,0
235689,22935,3,1
663915,9839,7,1
3031937,16349,10,1
3326394,34126,23,1
2906083,34243,11,1
153467,32486,6,1
66269,4714,7,1
2386467,18434,7,1
1478388,11182,8,0
1787831,26604,2,0
706641,5692,5,0
400484,8277,1,1
573921,21791,11,0
1027673,38374,8,0
2869314,5785,2,1
3159931,49683,7,1
1989898,27845,5,1
136569,432,7,1
2617243,21376,4,1
3397963,44293,3,1
1912935,7018,14,0
2966362,33787,3,1
1060367,42265,6,1
3001594,2132,4,0
3405385,14553,24,0
1763858,39984,2,1
908457,33000,3,1
1488067,9387,1,1
3236355,30082,15,0
896110,49683,4,0
2412532,36070,4,1
1112414,47209,4,1
87749,8075,19,0
1083491,37766,1,1
1989898,23291,26,0
2060410,47734,15,0
2610507,22935,4,0
1686105,43192,3,1
2621257,21982,15,0
3276864,41220,4,1
525968,45007,11,0
300350,21903,19,1
1938991,17769,5,1
900983,28413,3,0
1174742,34073,12,0
2722623,3550,7,1
996696,49235,2,1
474382,3682,12,1
2227347,27104,19,1
2224448,8480,5,0
2010440,45007,10,0
3018078,43504,15,1
2711584,8075,2,0
2550931,37891,6,1
2747426,21195,12,1
2037789,3855,22,0
2442401,27243,9,0
3295994,23165,9,1
914625,32303,5,1
1190142,44397,11,1
1075378,43961,17,0
2921959,11422,5,1
1417569,36822,4,1
1577184,25035,12,1
1616735,23801,34,0
764963,24294,9,0
1778250,42265,12,1
2677385,24852,1,1
2295510,41276,3,1
213060,43643,12,1
2822679,24852,1,1
2449390,9075,1,1
571126,33701,10,0
1286768,12914,3,1
2518839,39558,7,1
2743515,32870,5,0
1728655,21137,1,1
1887485,47209,5,0
1655198,12986,2,0
452100,34217,3,1
3228410,45603,1,1
2622802,20940,2,0
1722825,48957,11,0
2691282,8153,12,0
2205219,20424,12,1
1159106,48745,7,1
1320817,38656,14,1
2149774,20178,12,1
3214011,14778,22,0
2037789,47280,19,0
2251040,42105,3,0
2068407,42949,11,1
1600920,39415,12,1
220720,27966,2,1
1556907,10036,13,0
2665388,27336,34,0
2167593,49608,3,0
413757,40706,8,0
1912935,26209,11,1
2036180,38777,13,0
2082539,44595,1,1
2401647,20682,2,0
2295510,41400,21,0
2517022,36070,18,1
2835192,45432,22,0
500276,40974,10,0
3228410,25705,4,1
2315427,13176,3,1
473746,12756,7,1
1956927,9497,4,1
3105823,42824,11,0
173359,21386,1,0
2920004,23323,3,0
539865,48577,1,1
1051260,13176,2,1
1939475,19886,24,0
196100,42536,18,1
2082476,4799,1,1
951845,3874,2,0
2576532,24852,2,1
2010851,1203,21,1
1508652,21137,12,0
1289147,49,5,1
878028,28473,22,0
3174922,21903,2,1
3098070,39699,15,1
312055,17828,3,1
2370500,35221,7,0
1232902,9614,4,0
2176256,21709,1,1
180087,46075,14,0
1157080,17795,5,0
3348093,26209,23,0
3062193,47209,6,0
1070034,31717,1,1
2291674,33206,10,0
1193163,16797,1,1
700820,17652,18,1
2921959,36586,2,1
2832691,2825,7,1
2990707,49247,7,1
2914070,13176,3,1
225243,7644,2,0
3042260,46969,28,0
2880994,45066,16,0
1631333,31065,2,0
224869,2535,4,1
1968069,13757,9,1
1853184,79,15,0
2254934,34126,12,1
486444,47441,3,0
471000,32950,1,1
3348093,28228,10,0
2691110,47766,3,1
3138883,28289,3,0
79136,8022,16,1
371134,36425,3,1
1722825,10749,4,1
1454013,48487,28,1
2564511,34466,11,1
1655216,22035,23,0
206747,12212,2,1
1890847,41149,6,0
1914875,21996,17,0
521174,42828,17,1
2127087,47209,3,1
2652617,46667,14,0
684635,4321,8,0
1566301,33508,9,1
596253,5867,9,1
1276886,18851,21,0
2125171,21174,5,1
659026,46020,3,0
188647,4605,7,0
2163126,16953,19,1
3048517,7521,1,1
1370714,17616,11,0
2098704,29712,9,1
3242064,30599,14,0
292287,25273,12,0
3187282,4366,18,1
1828856,49480,15,0
2315465,3952,25,1
2131071,21137,2,1
3228318,2664,5,0
1978509,46667,13,1
1578084,26312,2,1
2806886,4314,3,1
2785563,28204,1,1
2174824,39693,9,1
2787070,42736,13,0
1720723,46045,5,1
2224123,99,10,1
1902528,34582,13,0
1303188,35163,1,0
2312873,21658,9,1
1838190,14112,7,0
1581676,14493,21,1
322025,24852,5,1
1881557,12341,2,1
2840337,3593,56,0
2255474,12894,17,0
1356263,3480,1,0
1276886,43765,15,0
1464659,45007,3,1
2235911,9000,12,0
2073658,14870,3,1
2610507,5077,15,0
2268216,20754,3,1
300350,31730,14,0
184647,4274,14,0
217059,3546,10,1
3337287,13176,2,1
2392481,16349,6,1
2288371,1979,7,1
2919666,8424,22,0
2989037,22963,2,1
2194119,6508,1,1
1814225,37458,3,0
1320817,45066,5,1
1333178,6972,9,0
1084454,44522,2,1
863313,5575,5,0
184647,28537,15,0
2972514,45056,4,1
3053220,42411,7,1
723489,19585,27,0
2745379,31066,6,0
1425482,20463,7,1
228411,26209,2,1
1717116,44910,4,1
470154,24097,2,0
198106,28465,1,1
1550297,17847,25,1
221974,27690,2,1
1355835,12324,20,1
292287,47758,1,1
1914875,5876,14,0
990507,5460,6,1
2758501,25817,2,1
3415145,1514,4,0
2024457,8536,10,1
873307,46979,13,0
261172,5876,3,1
3236643,23158,1,0
86424,39928,6,1
2698199,11422,2,0
3105906,34134,7,1
2018522,34214,17,0
1871419,30117,4,1
2036180,35628,11,1
1471738,23765,8,1
446529,24852,4,0
394847,41165,7,0
2394907,21903,8,1
49718,44359,4,0
1648815,5477,8,1
2250985,27845,1,1
2195471,46616,4,1
3272019,4799,5,1
2961704,8277,3,1
644871,9351,11,1
3221310,204,7,0
1000881,30967,5,1
1034268,16797,3,0
276898,1446,16,1
2548018,22035,6,1
3221310,14962,14,1
68359,11537,23,0
2190751,33043,8,1
596253,26351,50,0
711133,44632,1,1
514683,3464,25,1
203394,36658,2,0
908496,23594,18,1
2578079,10017,2,0
3244509,39475,10,1
1688227,27156,10,0
2989037,21903,3,1
26932,25199,12,1
2690389,4605,1,1
914625,41057,14,0
411073,11892,4,0
2756537,41220,12,1
2211234,18890,16,1
2368528,8352,4,1
1246261,5115,4,1
2111456,10885,4,0
879253,40706,2,1
2193774,41860,7,1
970190,20641,8,1
3221049,3481,23,0
3317334,5876,6,1
2704331,18353,10,0
1154338,11781,11,1
2960963,28299,8,1
746062,33156,4,1
599174,25133,3,1
2644098,40516,21,0
572368,1194,2,0
482207,17545,1,1
2684747,22210,16,1
2940682,6878,1,1
2537455,5559,13,0
470142,43772,4,0
1093097,14218,6,1
1939475,34358,18,1
1495301,49235,13,0
2621257,44282,16,0
665707,5206,8,1
3202670,13380,1,0
2338695,35417,8,1
1069069,46069,14,1
2455090,48205,2,1
1138236,36736,4,0
385526,40386,3,0
1288454,19816,1,1
2556536,19348,4,1
2958801,11408,3,1
1126474,31717,5,0
1925550,148,14,1
1061553,24852,1,1
389842,33642,19,0
2533898,8424,19,1
1454710,39928,1,1
618301,27104,7,1
2005896,14161,18,0
3012945,43692,6,0
2447291,10749,2,1
2934531,722,4,1
1595055,31555,25,0
3015806,22825,7,0
2319889,39993,11,0
923857,41593,2,0
2221689,40279,3,1
1538117,18362,8,1
1362807,17794,15,1
2207662,33731,5,1
3295994,48364,2,1
2458193,79,6,0
1083635,15872,2,1
1838884,10749,13,0
3176061,13076,4,0
1574331,27156,14,1
100953,27714,13,0
204062,27845,5,1
1069069,1377,15,1
1429167,21183,2,1
1154338,47209,17,0
477762,14863,32,1
2545409,27966,10,1
3053220,19660,8,1
2665388,15399,17,1
192137,16973,8,1
441481,6000,3,1
2653514,19678,19,0
1248033,21903,2,1
1974283,47766,2,1
1548278,48946,1,1
2974126,10337,18,1
2377518,1244,27,1
1354983,7948,4,0
19532,12212,9,1
1207687,48808,4,1
2006423,43565,5,0
3205411,24852,3,0
759541,16479,8,1
2418198,49235,3,0
1524084,19906,32,0
358179,19006,7,1
3386657,15613,27,0
962514,20704,1,0
2284013,33642,6,0
253902,1940,2,1
2659205,3243,14,0
2708338,43616,36,1
1276842,49326,4,0
2955483,8580,1,0
415162,40501,12,0
1763858,38051,8,1
213808,34969,1,1
2169328,11421,1,1
196100,5876,6,1
2251040,47209,6,1
1284203,8479,16,1
299348,10644,13,1
835317,25659,18,0
2791134,40529,1,0
1686105,10960,4,1
177586,8852,1,1
636074,34026,19,0
3115302,26209,4,0
2819185,33135,6,1
1644241,12381,10,1
2210583,41909,8,1
384938,14309,3,0
1370714,1006,2,1
2130066,40604,14,1
1882958,3179,1,0
1103355,2677,2,0
801889,3957,5,0
966104,4081,15,0
2785563,18337,7,1
2819115,20906,8,1
1972973,27554,2,1
919944,9666,20,0
1718781,34024,3,1
2160510,40028,10,1
199504,33636,5,1
1209721,46680,18,1
1454013,24838,6,1
2901579,16797,10,1
1538117,5450,9,1
468349,16759,14,1
449178,12121,25,0
919712,40600,6,0
2840337,27334,30,1
1925778,34358,4,0
2961704,25931,8,1
1356263,13032,2,1
286291,16869,2,0
288557,26604,2,1
2466076,6184,1,1
2885484,6661,15,1
2280357,31338,12,1
2654878,24850,3,1
1463892,46402,9,1
1545584,25890,7,1
1315105,4086,12,1
624366,22247,15,0
17202,40723,10,0
2479043,19519,3,0
2227607,28849,13,1
1387068,31640,19,1
194904,44146,13,1
521509,25745,8,0
2004686,42118,1,1
2987032,39947,2,0
2147927,42105,9,0
2589051,29941,3,0
2214267,15261,18,0
514683,24852,1,1
1726333,7041,1,1
706641,24184,8,0
1853184,22963,7,0
1963123,46979,13,0
1564691,29941,4,0
508629,44514,10,0
2024765,26165,2,1
634964,33527,4,0
3316088,18510,10,0
271930,39643,7,1
2420821,6867,5,1
2032710,14947,1,1
2143881,30027,3,0
1099441,27683,22,0
1290288,20873,9,1
1387068,18606,22,1
2839062,11223,10,0
717916,40332,3,1
2252000,25156,1,0
2700391,10613,7,0
681503,34557,8,1
2482578,44632,7,1
3108715,2054,2,0
688277,39040,12,1
2194516,4396,18,1
3196137,9137,3,0
610096,34126,6,0
2147845,39071,15,1
648983,11946,4,1
2397146,39182,4,0
1505704,46906,11,0
431277,33796,11,1
2269764,45084,8,1
1782383,651,4,1
1561986,48205,3,1
681503,17579,9,1
1925201,24852,3,1
519720,4962,3,1
2710214,27626,4,1
1528592,39558,1,0
2602913,1529,1,1
779211,42701,4,0
300350,493,27,0
660164,20899,1,1
2769970,8518,5,0
103710,6340,1,0
3186408,44372,16,1
1280598,16182,11,1
2797892,28985,1,0
1565536,21137,2,0
49718,20114,1,0
645036,34615,8,0
2704331,27297,1,1
569555,49520,1,1
2473430,45800,14,1
2526148,6361,12,0
1316992,43295,7,0
2511677,40310,18,0
2215327,21137,4,1
878360,940,4,0
2620752,7559,2,0
3413732,33391,12,1
689839,8022,6,1
3325115,9644,1,1
881182,44359,9,0
262479,46906,17,1
3126388,28110,10,1
547220,16043,5,0
2765831,14246,1,1
1626307,46654,8,0
3041971,26209,8,0
2817148,44765,19,1
1571989,2180,12,0
1102408,40706,12,0
1355835,41149,37,1
196100,33303,17,1
3348244,14814,9,1
3000449,39040,10,1
1892389,30668,4,0
2844860,45763,9,1
142207,28204,5,1
2458517,28006,9,0
1887172,21616,6,1
535392,4451,2,1
3109065,37654,12,0
3401357,19508,18,1
908287,13838,1,0
1607397,28601,8,1
271930,38647,30,0
73751,34194,2,0
3420574,29439,22,0
1395644,9736,16,0
2316206,42518,4,1
3152287,18811,4,1
2705982,4920,14,0
2154434,33065,2,0
316452,10371,1,1
2238056,6287,4,1
1499348,35551,35,0
615857,35982,3,1
1661069,25357,3,0
1824128,38689,8,0
2048045,28985,16,0
136862,21903,1,1
2755194,11777,4,1
2469996,29898,3,0
3264461,7736,2,0
213808,42347,8,1
2955483,13263,5,1
2029393,5077,7,1
657572,39046,10,0
1298987,32655,2,0
2996170,42659,3,1
610658,32689,11,1
1883476,33568,3,0
2753617,5120,7,1
154318,33929,11,0
2147845,18618,11,1
461915,35108,27,0
1751169,43100,14,1
3273429,33000,19,1
345948,29373,5,1
2869976,17863,20,1
453928,22170,8,1
1613587,36010,7,0
1814225,8518,17,0
1916266,33065,2,1
2250743,21903,1,1
2664124,16797,7,0
314706,16185,2,0
552481,17791,6,1
1207687,28244,8,0
1717084,5852,11,1
1489228,32655,3,1
689839,37276,25,1
3386657,21938,11,1
2318551,44640,6,1
2008861,21203,10,1
46859,35599,4,0
225756,48559,11,1
3189703,43504,1,1
3304580,23765,8,1
453928,6508,32,1
276898,34069,8,1
1256187,46388,2,1
480156,13629,1,0
3368135,47759,3,0
2108356,48287,12,1
2211372,25555,15,0
2167991,23232,12,1
3195398,40078,5,0
1332485,38739,7,0
3057611,31717,2,1
2797892,9171,6,0
782847,34126,26,0
2419056,47830,19,1
2503310,2597,12,0
3061835,5994,2,1
1816691,44359,8,1
2731169,25088,3,1
1321074,19348,2,1
1931251,19057,10,1
161752,8281,4,0
1370714,41273,5,1
2112315,33651,5,1
1086774,19049,1,1
2544855,19048,7,0
219524,18281,6,0
2322101,8277,3,0
2064818,10768,21,0
2903502,17122,2,0
521509,13718,1,0
1720723,15386,23,1
805051,16508,9,1
2336485,19057,24,1
393920,24009,9,0
1978509,46979,2,1
233078,20178,2,0
1402564,27966,5,0
2526148,21616,19,0
489531,19938,10,1
85929,39877,3,0
1336176,5045,23,1
1417569,33045,14,1
681503,36340,21,1
1642416,32605,10,1
1424807,47209,2,1
2288371,22021,8,1
3134439,35094,18,0
2359308,33896,6,0
746965,2954,1,1
885313,24362,2,1
656499,1529,6,0
1248033,2014,1,1
205723,38650,3,1
3316698,6971,4,0
3252857,45504,2,1
1171284,15134,9,1
1581676,41351,23,0
2623298,7901,6,1
2071079,45149,12,1
2307506,37825,6,0
1396016,42585,6,1
2164528,21903,8,1
1105911,2175,11,1
1955108,13176,2,1
1478388,47209,3,1
1132731,18849,3,1
2698690,26209,19,1
465660,39699,6,1
2336715,47209,7,1
2155094,6177,3,1
1664133,34036,1,0
891492,17948,9,1
663573,2716,8,1
2474956,27392,2,1
1008748,49131,6,1
2084417,10872,1,0
1595858,16083,6,1
1000881,22959,4,1
2952385,1354,2,1
1717084,29622,7,1
1612891,11452,6,0
1536726,34050,4,1
3033815,16087,14,1
835317,31717,21,0
1133730,9816,2,1
865259,21137,8,0
353013,36082,17,1
1085241,23025,2,1
936732,25124,12,0
1749769,27730,1,0
920923,5024,6,1
2584585,21903,6,1
3038413,21903,12,1
1554650,19904,4,1
2105410,16965,1,0
644871,33754,13,1
2636268,39928,8,1
3253052,41674,8,1
3295994,24838,10,1
596824,3704,6,1
2447291,18465,1,1
1972973,11869,11,1
36814,16589,10,1
2012382,41463,14,0
2295510,35336,4,1
2590600,46667,9,1
766449,34496,5,0
1846693,36792,2,1
2920762,36127,17,1
1230161,6971,1,0
1595055,35628,19,0
725840,46394,6,0
2135221,5212,16,1
2295510,10310,11,1
3316698,44359,12,1
2204939,39747,5,1
1637564,6046,4,1
3015464,14218,10,1
1782500,21949,10,1
1545584,34584,6,1
2567240,6216,7,0
1522980,39408,21,0
121370,45296,6,0
3235817,45646,3,0
494497,10840,2,0
2229154,4966,26,0
2559924,21872,8,1
610096,14429,18,0
880618,38919,3,0
1666721,34969,8,0
1288291,47045,7,1
3141610,5550,13,1
168765,12572,11,1
2792518,3957,3,1
180802,13765,2,1
2720594,28985,7,1
517262,21417,5,0
1690300,37710,1,1
2901063,42611,7,0
3284231,31553,5,0
2708844,39812,19,1
1934720,35213,9,1
1823245,16345,10,0
489531,41527,13,1
1303188,38093,6,0
838752,44025,7,1
1661664,21137,16,1
3186408,27966,3,1
2379941,47209,17,1
657572,36540,6,0
1643851,12845,7,1
1387420,8277,1,1
117384,26324,14,0
379341,7863,4,1
2159664,18152,1,0
1207838,26369,4,1
461915,46313,2,0
1388442,15424,7,1
3334372,4947,25,1
3387911,45437,3,1
1917281,44422,1,1
1464659,432,1,1
2630126,2651,3,0
1213888,15592,5,0
2218527,35752,1,0
2704331,25346,4,1
464984,24680,8,0
1613427,14992,3,1
2117923,31985,3,0
2298243,8048,4,1
2469996,34969,6,0
718280,36485,11,0
246119,5876,13,1
1892389,38772,8,0
1078578,18362,16,1
3404644,26165,2,1
463378,20588,3,1
1020340,14493,2,0
1830289,12779,9,0
629288,24852,1,1
2260343,29307,4,0
1819887,2120,3,0
461005,30618,11,0
1082576,36735,2,1
1202722,12409,7,0
2652617,38077,11,0
265110,17835,4,0
2500821,2537,13,0
1164053,19370,5,0
58774,37654,9,1
758566,15992,16,0
1122487,34,7,0
1250858,12013,4,1
388478,42495,10,1
2610321,46069,2,1
3024721,46795,9,1
204719,4932,1,1
783439,35425,13,1
681503,27690,11,1
2133182,23594,11,1
106790,2067,9,0
3189703,21137,2,1
470033,2611,19,1
2944777,44234,2,1
2439256,8195,6,1
2389250,13287,24,1
911861,42900,4,1
2533898,21083,18,1
2510572,46059,15,1
464984,13176,4,1
2166045,23554,17,1
2781237,10819,24,1
2944552,30489,27,1
918451,40103,14,0
1914489,45051,7,0
3134439,3627,17,1
702050,42736,3,0
3280215,31717,13,1
2417959,19057,4,1
183691,19678,3,1
936492,28597,12,0
3080767,24489,13,0
1414776,11266,4,0
2621257,46676,5,0
3033815,39921,15,1
1349364,2452,3,1
525968,16589,3,1
1207838,6740,20,1
1557530,16772,1,1
66007,45066,3,1
2490557,781,3,1
446091,14584,9,0
1489228,38388,6,1
1944045,11440,20,0
1523231,13176,3,1
790403,47209,20,1
426820,17122,2,0
3179447,21267,1,1
878360,30827,6,1
1725880,18370,10,1
2124718,38182,5,0
381983,27086,1,1
192794,47185,1,1
2194119,2770,5,0
120460,5047,14,0
1552699,8190,1,0
2564655,26209,13,1
2300002,10749,7,1
2269764,32403,5,1
977817,39799,2,0
2036528,13984,21,1
1398748,47766,11,1
1830289,28204,11,0
2291693,45013,3,1
565929,29439,14,0
740395,9421,12,1
1786343,38063,1,0
3132375,21846,2,0
2884228,7286,1,1
965476,35784,6,1
2803797,9839,19,1
865200,37956,4,1
1887526,3308,18,0
3351729,21137,31,1
3311948,35417,5,1
1060376,29487,5,1
1651019,25705,11,1
166272,3944,13,1
2798596,21288,30,0
1114743,8518,1,1
2489477,36758,4,0
3186408,27104,23,1
2106749,43662,14,1
316126,21137,11,0
552481,11408,19,0
2738283,40310,1,1
1659120,29487,6,0
494332,2295,2,1
235689,40706,12,0
626550,277,4,1
904935,12206,2,0
2836139,27024,8,0
385526,32611,22,0
2929115,13176,4,1
2420794,6111,4,1
604853,3583,6,0
2294445,16349,1,1
1693264,19520,4,1
996218,8072,9,0
1114021,21903,7,0
3272019,26604,7,0
1116683,5296,33,0
1481063,49683,3,1
3236355,15100,16,1
722936,33120,8,0
669833,34614,12,0
2682490,4472,4,1
1548278,14491,2,1
35475,41787,2,0
2720594,7948,6,1
1340735,39574,9,1
2060410,37067,1,1
41227,30442,2,1
2215422,16797,5,1
1261762,23952,2,1
1717084,6210,12,0
1708530,2210,5,1
2287396,19677,2,1
1953790,27845,10,0
2537455,16953,6,0
1952641,15984,13,1
2101847,14183,4,0
2702142,35535,7,1
2966362,31066,30,1
208468,12341,1,1
865969,17985,9,1
1553386,24852,1,1
1393702,39354,11,0
2581945,17872,19,1
1363423,48179,13,1
517262,42701,1,1
31254,34243,10,0
402916,42265,7,1
1859323,36011,6,0
2268216,38890,4,1
2817148,5550,18,1
309818,14197,10,1
1783311,25138,6,0
767160,44299,6,1
966104,3308,1,1
1860876,41610,4,0
3062193,42612,28,0
2662499,22367,5,1
2214267,148,3,1
2901462,10375,3,0
2885484,25387,12,1
1629881,16826,8,1
1822085,30279,4,0
1244719,36082,9,1
1946392,42342,1,0
1522980,13780,3,1
1896455,26282,2,0
1986163,31539,1,0
900649,43928,4,1
2013242,42614,8,1
2754514,35669,2,1
3263241,22594,10,1
1414324,25477,8,1
2828586,39108,7,1
271930,44765,8,1
23726,45578,10,1
2846704,42265,5,0
1586341,47755,1,0
2123268,49683,12,1
1205398,20600,5,0
381983,48679,7,1
1450601,32666,1,0
382373,16953,8,0
799209,49235,12,0
1561986,14439,8,0
918451,45313,6,0
1478972,43122,9,1
3295994,21616,15,1
1023422,15937,2,1
96619,40545,4,1
951845,23822,4,0
2447291,24964,10,1
2960450,47766,5,1
1738253,13984,1,0
3409131,49352,3,1
642561,39276,13,0
3031937,3631,8,1
2567240,28990,10,0
2764785,45622,3,1
3142267,18303,27,0
3351729,19660,1,1
680209,8436,13,1
2719316,30450,3,1
3030560,27629,3,1
1418587,45061,1,1
1812579,5959,14,0
514683,19348,18,1
2789485,35221,2,1
586783,47029,5,1
3105823,21903,2,0
895261,43858,5,0
1692978,23734,10,1
708824,2180,10,0
1819887,31154,4,0
2676153,35430,11,1
2866486,46667,9,1
2463209,30776,12,1
2901320,9076,5,0
3373606,45200,2,1
2973902,14702,8,0
2798596,40593,27,0
16497,28204,7,0
1464659,26604,9,0
1576736,21626,44,0
2221557,6473,4,0
1080363,196,2,0
272157,34243,23,0
2331906,20084,3,1
2108356,6101,2,0
1075411,25808,3,1
2836331,25146,5,1
2800979,18523,3,1
2235911,36305,8,0
204842,41539,1,1
2136462,19627,17,1
398840,2086,4,1
2865005,19019,5,0
1329403,35383,8,1
2342770,6475,5,0
358760,39055,4,0
2003786,30391,2,0
2568043,45603,6,1
2792505,18362,10,1
1636812,16185,5,0
103216,42504,2,0
284047,27845,3,1
1000881,8239,9,0
2834338,34126,6,1
3386776,24964,6,0
945142,13352,2,0
1457040,39408,6,1
2977124,32139,5,1
769572,5771,1,0
2183860,23400,7,0
699612,41860,1,1
2796075,42617,10,0
2355589,43961,15,1
3176061,8518,7,1
1061207,27325,2,0
1323528,46301,4,0
2888427,9357,14,0
2295510,31506,22,1
2905635,24852,3,1
1897504,14992,2,1
3049866,22504,2,0
1651019,26723,9,1
571126,25562,1,0
1340735,22699,15,0
2901063,43858,1,0
701474,13641,2,1
1595055,1819,14,0
2722623,3272,29,0
3397345,39921,3,0
3316698,18362,11,0
2194017,3060,8,0
789940,47209,5,1
2225015,26128,2,1
2920537,11078,1,1
3387911,21616,12,0
250107,43961,10,1
2266120,21573,6,1
2806886,8309,2,0
660164,43818,9,1
2084417,11046,9,0
2882456,7021,27,0
3084633,15399,5,1
196100,19508,19,1
217334,35547,16,0
2786733,33787,5,1
2700391,24852,10,0
5402,45767,13,1
468521,5157,1,1
3000625,93,4,1
2820365,27729,6,1
2955979,7350,1,0
2840337,16797,16,1
1889264,35263,5,1
1511954,5025,16,0
2502320,22935,6,1
3033500,10749,10,1
1972821,47626,26,0
3284231,49683,2,0
2804990,16136,8,1
1534555,12899,19,0
821786,5436,3,0
1968069,21131,4,1
1892389,31927,7,0
2862828,40338,5,0
1195476,36456,22,0
2522824,21616,13,1
3018078,16290,3,1
2221480,44843,2,0
332928,43234,20,0
227425,21137,2,0
3267482,13263,2,1
2067931,27020,12,1
2018093,13496,5,1
2766034,12513,8,1
517945,9076,8,1
3024491,44628,5,0
905807,6948,3,1
16497,17948,4,1
397084,436,2,0
2420821,18721,3,1
1887035,34407,10,1
2934073,13176,9,1
3020811,39619,10,0
3010645,19816,16,1
2196924,5578,6,0
1687584,17333,16,1
3196137,21137,13,1
36025,34262,8,0
996696,8996,5,1
143488,27966,1,1
2708338,15048,23,0
702366,13176,5,0
2227011,47169,1,0
2722623,46584,14,1
3415690,1947,9,0
1548278,24852,10,1
2795831,11461,21,0
3187282,13646,9,1
2869976,8195,4,1
3348093,17789,7,0
1449409,23734,2,1
2081562,8571,3,1
464984,5427,10,1
855382,18027,4,0
2221689,28842,1,0
3378937,780,3,1
1593172,39928,11,0
597717,23763,2,0
1925778,19167,5,0
230474,40852,3,1
2038752,32079,5,0
919441,19677,4,1
1597685,13640,16,1
835317,35168,2,0
2518839,49327,2,1
1626307,15134,2,0
264042,15094,15,0
2377518,47209,14,1
2621257,25659,23,0
1552183,45923,7,1
1642416,1025,14,1
2687541,34092,7,0
3356167,24184,1,1
722376,24852,4,1
1201914,25804,4,1
60198,5855,6,1
3052700,17122,5,1
3041061,28527,5,0
596824,36772,9,1
746062,24620,1,1
449178,47144,5,1
300350,26252,17,0
2720594,21096,16,1
71668,38139,2,1
1466816,16083,5,1
1882958,15464,5,0
3219325,43768,6,1
732952,33787,6,1
489531,49511,15,1
1554650,21417,3,1
489338,16864,3,1
960662,651,19,0
1320817,40396,22,1
2300002,44142,12,1
847610,6438,6,0
1622654,16415,10,1
113729,24964,17,0
3348244,6740,4,1
1731576,260,4,1
1138236,27361,10,0
3401357,33352,15,1
2271847,32638,9,0
1207838,34584,5,1
3355219,35951,3,1
663573,47912,5,1
1395644,49236,12,1
1000881,26369,23,0
3105823,18479,9,0
5599,18596,11,0
463540,38159,14,0
252242,42078,1,1
3000960,48657,30,1
786918,24852,18,1
3033500,22825,2,1
1023422,16797,7,0
3318430,21903,11,1
2313499,23288,4,1
193077,39877,18,1
3027599,3957,10,1
1636812,45063,10,0
681045,6069,27,1
1209721,17795,3,1
1540047,21903,9,1
2607280,34466,6,1
1522739,30309,5,0
2106749,1830,21,1
1786343,4060,8,0
2329084,36144,7,0
2164667,13879,10,0
1990364,17652,7,1
917740,8153,3,0
657572,12845,9,0
2977027,28985,8,1
157365,12427,1,1
774362,26209,1,0
271069,21405,3,0
2163126,41842,17,1
1056106,34214,12,1
2578614,5157,3,0
26932,26201,7,0
3401357,39275,27,1
3269884,28204,2,1
2036180,37229,19,0
1689033,22123,3,1
2061928,46820,11,1
1529572,47672,10,1
1014751,34508,10,0
2773175,21910,9,1
2773817,5025,2,1
715495,11849,4,0
2266351,27012,12,1
1887526,9360,9,0
198106,46906,9,1
2173638,18471,6,0
3219345,24838,3,1
317995,38288,7,1
2578614,44172,2,1
3093573,39180,2,1
3059076,11520,31,1
368123,34551,5,0
91344,36695,13,1
584013,5463,15,1
356027,24852,1,1
2613090,39924,5,0
656499,14486,7,0
1446279,33552,7,1
2080150,1158,6,1
2139866,48219,8,1
2363058,40706,8,0
1403127,27885,2,1
764963,34466,1,1
2333119,2770,7,0
457964,10248,3,1
228411,45007,18,1
2705978,12872,2,0
2986553,20591,10,1
2166045,19964,21,0
2037789,28358,20,0
2769970,28849,14,1
3272891,45537,11,1
134767,16436,2,1
2049512,37766,5,1
417211,6128,21,1
137923,41844,9,0
1412463,7521,3,1
2773175,40268,11,1
1685830,33768,4,1
272157,21655,22,0
2644098,40706,22,1
2665388,48007,9,1
2005470,36695,3,1
458292,22950,24,0
1680238,21616,11,0
2976662,35921,21,1
3104523,17616,13,0
2665388,33401,36,0
1039287,39408,4,0
661374,9755,19,0
3361042,43961,7,1
1113221,17896,1,1
2944682,47766,4,0
1056106,5250,6,1
2897069,26217,3,0
1607611,25981,6,1
2679066,24852,1,1
1733750,39275,1,1
2878698,16168,8,0
2868167,16797,3,1
3242064,5450,2,1
3388847,16696,4,1
1687987,43017,19,0
967333,8728,15,0
1644241,49352,4,1
1627949,3822,19,0
1925005,35140,5,0
557274,9337,6,0
1821844,27086,2,1
1887172,37022,5,1
2645234,27966,5,0
1576736,40516,17,1
2680931,6184,3,0
2665018,22479,18,0
88868,47873,5,1
2665018,39590,33,0
3126495,27629,6,1
905807,7781,6,1
2282581,12515,40,0
1505704,3481,3,1
33041,1511,4,1
2174513,21903,1,1
1693799,14061,1,0
403179,38200,2,1
2996288,21405,11,1
3041736,41695,4,0
964339,27966,3,0
3308769,37570,11,0
1907716,13263,3,1
2089295,30135,7,1
730064,21316,13,0
1084454,47766,1,1
192997,15872,10,0
2715692,1940,1,1
2150784,12955,16,1
1559269,25890,8,1
2350994,13176,4,0
986576,38996,10,1
1316085,37741,2,0
470033,21413,14,1
880882,45005,10,1
2653514,13852,9,1
883825,48628,1,0
292560,4042,13,0
1050845,43867,14,0
1515849,26668,8,1
1696556,13219,1,1
2970981,4487,2,1
2955715,14999,4,1
1600920,39877,11,1
786918,42731,7,1
878047,34950,12,1
2775086,29129,3,0
767160,4920,9,1
1075378,21137,14,0
2578614,25588,8,0
2903502,12341,3,1
2098704,2770,6,0
2245020,29270,2,0
1447541,35939,8,1
1709068,47626,9,1
900649,20309,12,1
2256802,16185,14,1
793458,40706,22,0
959205,41588,13,0
960662,25093,9,0
2753266,1158,1,0
2972514,21903,15,1
1828856,87,16,0
240181,44781,4,1
1082576,9426,15,1
2261907,44580,12,1
976527,19057,14,1
2164528,41950,4,1
801701,41290,2,1
1687987,6962,12,1
1888005,23339,8,0
2433512,46676,18,0
2344381,45007,4,1
1576736,27307,27,0
2713500,17454,3,0
2526148,890,26,0
2135166,31343,11,1
150329,21011,24,0
1286929,46979,2,1
2340530,46331,3,0
1198409,14320,5,0
2080150,44632,5,1
116706,4163,14,1
3026087,19808,5,0
1646436,8021,21,0
1782383,45066,18,0
68359,47848,11,0
381983,47900,8,1
565929,28156,27,0
2005896,8670,20,0
3176061,47087,11,1
1388442,31154,1,0
2610074,12782,4,0
1393702,17163,2,1
1655216,8518,6,0
3150732,44514,21,1
3041171,20549,16,1
1709068,27625,7,1
184647,12916,27,0
1649688,2480,10,1
3052221,3235,11,1
2185235,30553,7,1
3030740,10339,8,0
1417362,47318,18,0
2485556,13176,1,0
2529955,21195,6,0
1960026,49652,7,0
483486,24964,12,1
2532667,47977,4,1
886421,33651,19,0
2674758,6508,3,0
2469996,26209,4,0
2766034,8536,5,1
3024491,4342,9,0
367679,25126,20,1
272279,44142,5,0
735618,32664,4,1
2665388,21903,33,1
1866585,18288,2,1
3264461,31564,3,0
1272352,1197,9,0
2588432,781,4,1
1276886,4081,12,1
980098,21903,6,1
1361470,42389,3,1
1679812,47626,7,1
2578614,33720,1,0
1049568,28745,9,1
1540047,43768,13,0
2127348,42489,1,1
757892,10603,14,0
1687987,16953,2,1
474382,29778,3,1
3146808,12395,8,1
1488731,18523,13,1
1993829,21903,6,1
578257,45447,13,1
1259020,14633,13,0
3314088,46990,1,0
566466,45007,6,1
702050,4461,2,1
2624533,14050,8,0
596253,26649,57,0
628977,248,12,1
3179009,17949,18,1
123061,43867,3,1
559469,36170,4,1
2172468,40363,9,1
1785392,33792,19,0
1760880,9430,2,1
1338472,20408,23,0
2834292,17794,5,1
1864242,5876,16,1
3142267,30233,7,0
453928,24852,28,1
264042,16974,11,1
3041736,48243,12,1
862218,1408,12,0
2019961,3464,11,0
2342770,27845,7,1
1448069,16908,1,1
1395644,24035,9,0
769376,45544,11,1
1839066,39276,1,1
609215,31553,4,1
3316698,21513,24,0
2133182,49113,13,1
888904,36929,4,0
1892389,40585,9,0
121612,25552,1,0
2059802,40706,12,1
626848,20600,7,1
1449409,31248,5,1
3177428,24852,3,1
1758639,30633,6,1
3232819,21847,30,1
2250985,30571,12,1
1473441,17630,7,1
2502320,23537,2,0
449949,21323,2,0
2548527,8021,7,0
727225,23102,1,1
934989,16349,13,0
3169725,7461,14,0
2844860,2180,14,0
1817245,18531,11,1
1635798,34050,1,1
2792505,13176,1,1
980098,41842,15,1
2136462,6891,14,1
1548278,33000,5,1
2282581,13866,2,1
661612,11422,24,1
2836139,6975,10,1
740729,41400,2,0
301947,16797,5,0
2123402,11182,14,1
1698914,47766,1,1
2306361,30233,5,1
689129,790,9,0
1818121,38226,2,0
643530,49175,5,0
1938991,26165,2,1
137211,42802,1,1
691191,22752,8,1
608190,29447,1,1
626550,10673,12,1
2015438,20024,5,1
1901608,27626,21,0
1495493,20042,4,1
3109639,28199,4,1
1526289,8193,30,1
2049512,14660,9,1
2732170,18159,19,0
1812543,16589,1,1
85929,32557,7,0
2717631,39225,3,1
2620958,28199,10,1
1207364,48775,11,1
2428333,26209,5,1
2043534,32691,4,1
2862828,22021,19,1
1641477,3098,3,1
3142267,1554,32,0
2485534,25146,8,0
1047784,5876,16,1
2458193,14133,12,0
2191666,24427,2,1
416444,48193,2,0
1063380,40745,4,0
596253,27730,15,1
417211,34092,20,1
2198243,34128,4,0
130592,2456,10,1
2225490,28829,10,0
1806968,28380,11,0
1928996,32047,4,0
1973075,17769,6,1
1506406,35547,5,1
1988526,36810,21,1
1334464,24852,5,1
799637,46842,6,1
2291693,42508,15,1
380105,29091,4,0
157970,8506,11,1
2124718,283,22,1
1506554,20542,13,0
1520435,36929,10,1
2987032,19006,4,0
230869,24852,3,0
2059029,5176,7,0
1785392,14084,7,0
2551089,6348,12,1
1414324,21137,3,1
2644098,41570,27,1
2081925,46584,1,1
2392481,24535,2,1
2244051,28476,3,1
259282,24097,9,1
3093286,21903,12,1
3363175,7419,10,0
2030597,11155,3,1
1971664,24062,5,1
656499,20842,8,0
2564285,2748,2,1
2125285,44292,9,1
338788,4920,22,0
1202532,13198,7,1
2225416,34786,6,0
2359531,33894,3,1
1488067,28204,2,1
996218,22414,7,1
2790586,28199,2,0
2636268,33743,5,0
1387420,34824,29,0
1853184,28132,22,1
2281257,40174,10,1
2270474,18362,3,0
3317413,7156,9,1
2917208,17302,5,0
1533411,3376,2,1
1903701,7854,5,1
583005,13870,9,1
2261206,6795,4,0
3015576,30353,1,1
2490522,38662,18,1
935393,30304,2,0
102028,38656,5,1
2548018,16349,2,1
3109703,6975,14,1
857171,34487,16,1
1789047,45161,5,0
396126,23452,5,1
3098070,31869,10,1
2014122,329,8,1
1983151,23716,5,0
3194643,49683,6,1
1887238,35425,10,0
2894900,12099,4,1
2623298,35518,1,1
700063,43450,8,1
196100,13176,38,0
1457656,7521,3,1
1732849,32955,18,1
1141716,13176,3,1
596253,29870,39,0
29312,29487,5,1
1402825,49520,6,0
970829,18234,8,1
1047784,39812,11,1
1492372,27361,5,0
1534924,31717,7,0
3315866,49269,7,0
133354,36076,11,0
2945902,13176,1,1
3003426,33825,7,0
2630498,30839,17,0
39446,29487,3,1
2005470,44359,14,1
394847,47652,18,0
2958801,9076,22,1
835586,27041,3,1
1282537,46654,3,1
2128545,39812,2,0
3382838,22312,19,0
1601131,6611,3,0
3000960,17858,34,0
2866522,17794,3,1
2442401,47626,11,0
2015438,8479,17,1
1925973,40199,6,0
1577184,30696,8,1
2998283,48784,3,0
324877,16083,29,1
2990167,4920,3,0
3359446,13176,13,1
2312873,35556,2,1
2654878,40593,9,0
3315996,20919,2,1
2683140,7503,10,1
1403307,39247,30,0
2590600,2820,7,1
834195,46992,3,1
3164886,42063,4,1
110781,34827,11,1
2433512,18918,19,0
2044769,48600,20,1
661612,28842,11,1
1039500,44371,4,0
2042742,30489,9,1
3015576,48523,7,1
419475,11791,5,1
578928,49520,1,1
1953790,28597,8,0
230474,9825,1,1
2837977,21295,3,0
1136966,13733,16,1
2869976,36719,2,0
116932,28199,4,1
577493,4269,7,0
1939475,37065,25,0
3214011,11352,9,0
3030740,8242,1,0
1553718,47209,3,1
584013,389,12,1
1545584,17794,12,0
1320859,18310,6,0
3080855,33897,8,0
3187282,49175,15,1
1488731,17835,9,0
130970,47209,17,1
2738283,42445,11,1
639642,5322,1,1
177167,48775,13,1
2106749,3835,8,1
1822548,7625,3,0
2067931,19029,3,1
3015806,37288,8,0
1089864,7598,3,0
2576871,13176,3,1
3226474,31263,7,1
1914489,22925,6,0
352569,15680,5,1
3248349,7461,18,0
783439,12395,43,1
141134,2452,17,1
645441,3957,1,1
2977027,21543,17,1
580127,16818,2,1
3048715,28601,2,0
628977,23001,27,0
545550,44008,2,0
1925973,41400,1,0
958132,35688,2,1
3351729,48726,3,1
689839,40329,41,0
1968069,11827,13,1
968293,20019,4,0
2136995,45464,26,0
707416,33120,1,1
1652163,42205,16,1
411643,11520,2,1
3015464,19508,7,1
989011,2741,7,0
142467,48679,4,0
3262488,10151,4,0
2018093,31678,1,1
3350435,33217,5,0
3031830,24035,7,1
2229154,21351,22,1
1904249,5575,14,1
1557493,39928,12,1
3335921,39024,2,1
2816373,46595,8,0
257459,31589,26,0
1685181,5161,3,0
3152287,12694,9,1
2856752,46842,13,0
2261907,5103,48,0
2036707,29553,2,0
414129,15322,11,1
3244509,47087,1,1
2222426,12206,5,1
782847,8518,6,0
2548527,2086,6,0
1724253,25533,8,1
532711,44142,10,1
1034062,43308,14,0
1536939,45646,23,0
1234521,5959,3,0
196100,34497,23,1
1903766,20736,14,0
607502,16961,2,0
2771322,38293,1,0
3187761,28571,11,1
2505269,24852,4,1
3163059,8988,7,0
3341034,13517,9,0
45229,27086,11,1
1561986,3744,2,1
1980801,28427,2,1
1464659,9623,4,1
2987933,2067,5,1
758566,31404,14,1
150318,41950,4,0
2015438,14437,6,1
3375469,9020,5,0
2492255,19863,17,1
2268216,45788,16,1
500276,27796,1,0
457964,41220,1,0
60221,42460,11,1
628977,13779,3,1
722936,24489,6,1
2457577,6813,10,0
2792505,11576,9,1
3221049,4605,14,0
636866,29662,4,1
2193774,25981,2,1
3239493,45252,3,1
2509588,21288,2,0
939890,14853,5,0
522784,20699,7,0
272157,28842,3,1
357234,17794,11,1
3284231,8518,16,1
2968164,32347,2,1
3085984,22935,5,1
2238056,5876,7,0
1812543,44449,19,0
2136204,24369,23,1
3322523,28465,13,0
3040238,12683,13,0
769572,877,7,1
2071079,40490,13,1
700820,21361,20,1
1817448,48707,9,1
2756537,47766,2,0
1061553,18598,5,0
27431,28226,4,0
63733,9106,11,0
1213888,27086,3,0
142426,10673,23,0
175538,25093,2,1
1651019,39692,22,0
2441396,5603,6,0
1955525,34921,2,1
1124957,24852,6,1
1513797,16797,2,1
2754800,17400,25,0
2914070,43713,13,0
1411097,16145,40,1
1564282,17680,3,1
596824,31683,4,1
2740781,12341,3,1
2764532,47209,10,1
2981662,39475,1,0
3041971,29616,6,0
1127125,33647,11,1
2569081,9689,17,0
214118,4421,20,0
1288291,41651,4,1
357234,26384,3,1
274958,32428,10,0
3020934,13885,4,0
2893017,30391,5,0
1036344,3464,7,0
2194119,35221,6,1
2421070,35958,4,1
2474966,16797,1,1
3400507,28968,16,0
1342024,47766,7,1
644871,21616,17,1
684635,28242,5,1
1942105,34382,19,0
2249324,19125,3,0
120460,38291,2,0
2599454,22247,11,0
1411097,41750,9,1
1784213,47946,1,1
799209,14429,10,0
1870020,35140,16,1
790183,36322,7,1
1939403,49111,2,0
1682324,9881,7,0
873975,38293,1,1
1866585,47141,7,0
2494261,15872,6,1
367679,48415,6,1
2340797,21938,5,0
3413732,43928,6,1
2307644,44234,11,1
1232902,22421,1,0
3102627,27744,2,1
1930124,9637,23,0
681503,33321,28,1
3049866,24838,3,0
921103,28985,3,1
1039287,32403,3,1
936732,27676,11,0
1417362,11926,19,0
1218793,23102,1,1
3105234,21137,5,0
3308884,31883,2,1
2787070,19511,2,1
72037,43973,7,1
3383946,6069,7,0
2639157,42097,10,0
2386766,36550,3,1
3273429,11520,18,1
2679079,29801,13,1
2082355,45671,16,0
2730520,6109,2,1
478046,13176,6,1
3000625,19966,15,0
1227083,5876,2,1
1760880,49383,6,1
2662499,49191,11,1
3005390,17758,1,1
1725880,4605,11,1
2127348,46516,5,1
2458413,8277,17,1
1846923,39781,11,1
1515849,39812,10,1
238621,23072,10,0
2362476,48775,5,0
3062193,25879,13,0
1394368,44471,4,1
936568,17794,6,0
2173912,5818,2,1
884086,45633,3,1
508629,47626,3,1
2266351,8522,2,1
2798178,47766,7,1
1658400,32360,5,1
2207662,13966,7,1
602859,28278,4,1
1021155,39275,2,1
1538117,10132,2,1
1988731,43867,4,1
3024493,33214,10,1
217059,14764,13,1
2051704,38077,2,0
1752418,40397,8,0
3105434,16349,11,1
2148176,40310,16,0
324877,25886,31,1
357234,44580,9,1
1718781,10032,4,1
1224099,16823,9,0
1550826,19678,16,1
514331,45007,23,1
3222693,47766,3,1
2167991,16696,4,1
2139866,26949,6,1
631759,8174,9,0
458292,47766,1,1
343370,38768,2,1
2711632,5240,3,0
1721788,8076,10,0
2377518,27695,8,1
380877,38689,2,1
1266716,10957,2,1
485136,28289,10,0
2295510,34829,16,1
170591,32655,12,0
271069,42768,5,0
2261907,16249,36,0
2115404,41787,7,0
2215327,41890,15,1
2976662,29594,3,1
2975886,46676,9,1
241131,4149,8,1
220136,35121,4,1
101222,13829,17,0
3062193,611,25,0
500235,49683,7,1
1513797,8571,4,1
2958801,44359,14,1
837980,26209,2,0
876895,15380,7,0
522404,6489,10,0
967712,49235,3,1
3202203,49032,3,0
3055981,21903,1,0
1119932,18881,14,0
1820455,41319,4,1
2482578,20119,10,1
2075838,21077,11,1
2232838,38189,18,1
2789485,264,10,1
2836331,36865,8,1
595726,38273,8,0
2892862,42611,14,0
1568043,42624,1,1
516403,37033,6,0
2857529,30696,9,1
3105932,8552,2,0
135306,12732,1,1
1329403,21903,4,1
2412532,47626,6,0
2048045,44683,12,0
2541457,4656,7,1
191506,43768,11,1
2406616,7500,6,0
2191324,28745,11,1
2772916,1463,2,1
1572772,13870,4,1
663573,18891,7,1
1131751,40545,26,1
1398748,24852,7,1
2370090,21925,3,1
2173447,45123,12,0
2760549,30233,10,0
2059802,36011,2,1
2345707,16622,4,1
2564655,48017,10,0
3079467,40706,10,0
3152287,44682,1,0
430376,21019,5,1
2346211,35898,9,0
3025339,13176,30,0
353013,21497,16,0
91344,6101,17,0
20921,44651,5,1
1068657,21334,17,0
2167593,5994,4,0
2970304,38544,2,1
595726,34335,10,0
384505,32707,13,0
2754800,27241,22,1
3276864,42701,2,0
1360045,13391,8,0
1388162,16464,3,0
3285602,13176,3,0
2262743,13176,1,1
1067264,33754,4,1
1784000,4367,4,0
1466816,5550,29,1
1116683,37966,44,0
3400507,24721,8,1
68359,43933,9,0
3077087,2326,11,1
599174,13176,2,1
2010440,47209,3,0
2481837,26348,5,1
458292,48857,20,1
1649688,31853,8,0
1927734,37163,11,0
936492,31824,10,0
1931251,26706,7,1
377646,6046,7,1
72037,20463,2,1
3272421,45437,10,1
2668650,47137,1,0
964339,35233,4,0
2025765,39275,3,1
960662,14732,29,0
348701,196,3,1
2625808,12419,24,0
692224,28956,4,0
192794,48808,7,1
2899063,4066,8,0
2270792,8174,19,1
1903766,30489,8,1
130970,33572,14,1
708824,29139,8,0
477762,45938,30,0
521509,6698,9,0
1149784,2243,4,1
1402825,24852,4,1
441186,46886,5,1
441186,36406,3,1
718280,43662,7,1
404226,45149,2,1
3018078,41844,29,0
396126,15613,2,1
299348,884,6,0
431815,2748,5,1
1068657,4920,20,0
2772916,47209,3,1
329595,13042,6,1
3409131,13176,2,1
2704653,43154,10,0
891807,40281,19,0
1022897,42399,2,0
880475,5077,4,1
1717116,12341,13,1
717916,114,20,0
2893151,3376,11,1
489531,45771,11,1
1565536,42701,17,0
519315,46931,6,1
1403307,47616,25,1
1068009,27966,3,1
3354029,46654,13,0
19532,35900,3,1
1003422,228,4,0
1838190,4421,4,0
604853,22788,16,0
2005896,41950,9,1
2510711,28476,7,0
1557804,43867,25,1
217059,11502,7,1
1174742,3358,7,0
411643,11090,11,1
3038779,45113,2,1
2198243,5077,7,1
878028,10957,10,1
2449390,26546,8,0
2792518,16837,1,1
2592838,12409,16,0
728943,31940,2,1
1202722,20114,9,0
611201,42736,6,0
1405047,11520,5,1
837980,30489,4,0
2880994,39558,15,0
2024553,546,2,0
949756,34197,1,1
2025765,3583,1,1
2227347,5450,15,1
2136995,40723,11,0
2164667,18159,5,1
1434063,17708,11,0
2066035,33249,1,1
446689,39619,9,1
13008,26369,7,0
1454946,37710,1,1
1338472,40198,2,1
2221480,35181,5,0
1047784,30489,10,0
1873008,5876,8,1
358760,30489,3,1
1936308,1987,3,1
494332,28204,1,1
2012334,32689,2,1
3067962,15386,9,1
1389350,18379,3,1
1604010,9825,10,1
2684978,42828,11,1
2690389,31372,2,0
2446100,46286,1,0
339445,890,8,0
1131751,24489,32,0
1792604,23687,6,0
3176061,12013,2,1
1307165,44303,17,1
1998614,10482,5,1
1564230,35939,6,1
2723375,37460,12,1
1336176,36818,15,0
493787,27511,1,1
1880456,22599,5,1
2675323,39132,5,0
2862828,17639,16,0
3327623,28572,4,1
6591,36117,3,1
2490435,13176,1,1
3317413,30489,3,1
1395644,4410,41,0
102028,26497,8,0
1338472,3384,12,0
2060410,6104,6,1
3104523,15159,11,1
3253052,24852,1,1
389115,7175,7,1
2345707,34044,7,1
722936,20995,5,1
1034062,11020,5,1
2660949,10132,1,1
1054900,47977,5,0
1711489,42318,14,1
2191666,10957,4,1
2160510,23032,12,1
1722759,2314,8,0
2139367,30827,1,1
565929,9339,24,0
17202,26790,9,0
1635798,18670,3,1
1273795,12395,2,1
1451336,28199,15,1
198523,21292,12,0
3040163,34217,4,1
2082539,47098,20,0
193077,24759,10,1
2225416,6669,10,0
506744,19376,9,1
210969,13409,5,1
1984847,37933,4,0
1495301,13536,7,0
2764785,37029,8,0
2468902,717,14,0
1997475,16398,6,1
2836139,2086,7,0
2691982,15366,3,0
494518,43875,3,1
669833,33100,10,0
1166260,40568,8,0
2082476,37359,4,0
2036528,7969,20,0
2817895,38067,7,0
847610,24582,4,0
1471738,47209,10,1
2862828,44632,1,0
584013,47610,9,1
2298722,3856,7,0
1099441,38674,7,0
1974283,26209,8,1
618301,29447,3,1
133279,23805,5,1
2604490,4945,4,1
2209840,12086,1,1
3115104,2120,8,1
2003926,11408,22,0
72956,1516,6,1
3125639,13176,2,1
1735250,39028,6,0
2675378,12899,1,1
1770322,44799,2,0
2319195,22825,5,1
3026087,13643,10,0
1406847,13176,14,1
621485,21903,1,0
1403048,41220,13,0
2665018,3431,29,1
878028,22206,1,0
2067931,36534,19,0
1937142,35887,6,1
184647,38240,17,0
3069327,14852,2,1
1610913,5785,5,1
695861,47766,9,1
1259020,24390,9,0
2820779,26209,4,1
142426,5539,28,0
1307165,23929,9,1
1272352,43986,13,0
3387911,47231,4,1
1201914,196,11,1
1917281,16797,21,0
1942105,33560,16,0
1392395,22935,8,1
2064818,19002,18,1
1129548,9598,6,1
612304,41844,2,1
227512,48205,10,0
202979,43504,11,1
3159373,28156,3,1
2962104,9387,4,1
1536939,22035,5,0
2455090,16494,16,1
137923,21153,7,0
519112,15937,4,0
2061928,41787,13,0
3286992,24838,18,0
1051260,18627,33,0
1340693,33731,8,0
941780,43772,8,1
3226176,26589,7,0
3219325,49248,2,0
2803797,311,12,1
1536939,48493,4,0
148607,40910,5,0
3077087,2716,9,1
102028,44628,10,0
939647,26384,7,0
3018078,38164,26,1
2312873,48710,3,0
1883476,21799,15,0
688277,21616,1,1
1400111,39250,5,1
1921507,19006,19,1
3197570,48023,1,1
2218984,20250,2,1
1011726,24852,2,1
204842,35600,4,1
821760,46906,3,0
1193163,18838,2,0
966502,39993,16,1
2693027,47626,6,1
2556536,3260,28,1
3110383,46496,4,1
1613587,47672,4,1
3090699,49383,16,0
2990707,1099,18,0
1890847,24852,3,1
1607397,47209,6,1
2731169,19003,25,0
2220246,11520,18,0
1068009,5876,8,1
2270694,37766,4,1
663164,28647,21,1
3147707,44359,25,0
2409711,7916,7,1
2673711,32428,4,0
1276842,45488,18,0
2259341,20161,6,0
1651452,14147,4,1
2135221,31717,3,1
2483337,38015,2,0
1193326,23645,7,0
860479,4942,4,0
2685683,15040,18,1
3219325,34126,8,1
2868167,46842,15,1
819301,49683,8,1
5599,37869,1,0
2303842,30020,2,1
2587377,45535,5,0
384505,46041,14,0
1557493,35221,1,1
2161272,36316,2,1
2572376,30252,6,1
142207,33572,1,1
2005470,21616,1,1
2791459,48210,2,0
2434663,913,13,1
1457656,27156,19,1
652382,45924,4,1
2261907,6361,18,0
739226,1999,5,1
470033,39411,20,1
2373767,44142,2,1
245359,21288,3,1
502152,31915,9,0
522798,18105,4,0
2545409,21137,13,1
1600920,26369,1,1
2942088,23044,3,1
2690429,28371,5,0
382373,49605,16,1
3126528,29118,5,1
1439603,37019,16,1
1627733,26723,8,1
1094608,7663,16,0
2192122,28647,11,1
2955483,21137,14,1
129158,43789,11,0
920923,25340,14,0
1056106,46667,9,1
2182976,2188,6,0
868373,40706,3,0
1622006,13409,1,1
2610507,19886,7,0
1190777,5097,36,0
3367675,32478,6,0
2363058,34584,7,0
2888702,22175,14,1
2517022,34993,13,1
3196137,39877,6,0
241599,11520,4,1
3418279,4605,13,0
746062,48179,5,0
814061,37646,6,1
523544,17871,6,1
643530,28985,7,0
1999692,19625,7,0
989469,29447,4,1
1587754,39619,3,0
377646,26209,4,1
1093097,27966,11,1
539049,35321,3,1
446689,17795,8,1
1355005,30391,5,0
228411,21872,11,1
14647,14233,7,0
1316992,30918,9,0
2500821,47209,7,0
1044539,29403,5,1
1284203,40706,9,1
339945,13399,3,0
468349,38827,3,1
2191324,40199,19,0
2835189,5212,18,0
2946659,40310,21,0
2124141,25890,1,1
3105906,21405,3,1
2252000,41665,4,1
272279,42768,6,0
2689328,31608,32,0
1550826,5383,19,1
237329,44949,5,1
2775301,22893,11,0
2981662,8277,3,1
121612,19862,3,1
1951347,25407,7,1
1930124,18606,21,0
2796075,10447,9,0
1527773,26604,3,1
2587377,45885,3,0
1569593,5479,10,1
3375469,39275,4,0
1174742,11383,9,1
799637,41290,4,1
1248683,7669,2,1
1029954,39812,3,1
501174,39557,7,1
1470403,34024,6,0
2664489,33754,5,1
3394307,33754,13,1
2797892,7916,2,0
640090,7559,4,1
3305158,42803,8,1
25243,31248,4,0
3236355,44799,10,1
2377828,9138,11,1
1835895,7076,9,0
2135221,17600,10,0
1452971,12545,2,0
2804990,11777,3,0
1284695,10749,6,0
1668844,18999,17,0
2961128,40770,5,0
2798596,10017,12,1
1307165,23687,1,1
2410101,890,3,0
799637,15174,3,1
2331415,18468,10,0
1272333,48230,2,1
3142267,30151,28,0
2416667,22969,6,1
3074643,8424,3,1
3354029,47209,12,1
2250985,31553,17,0
2944552,11858,13,1
2025765,24830,8,1
2607105,10337,4,0
2882456,8174,11,0
2565605,37646,5,1
265110,16349,5,1
840275,43504,5,1
136862,42345,11,1
1902528,7781,7,0
2972514,25965,14,1
1050845,23356,12,0
3347381,16574,4,0
3145889,27925,1,1
1611529,16325,8,0
465660,31717,14,0
1616735,19057,39,0
672562,3856,6,1
3105906,43504,18,1
2256802,15290,11,0
2194516,9028,12,1
3171557,13733,15,0
468349,44632,17,1
1789044,28655,2,0
451841,20019,3,1
367679,4920,26,0
1503291,5085,13,1
1342932,26633,7,1
2032722,2298,3,1
1822548,41168,4,0
732952,10995,12,1
1411097,41500,25,1
1667558,30720,23,1
246119,9839,15,1
2883041,28862,3,1
2828586,44229,12,1
2940832,25890,5,0
514331,28985,33,1
2653633,19268,16,1
398589,21616,6,1
1903766,46802,3,1
857171,7600,9,1
3252857,34049,5,0
782847,39812,25,0
2813758,28985,5,1
227512,18142,2,0
2871916,10070,3,1
1763649,49235,5,0
691191,25837,1,1
385526,31040,18,0
2888427,19348,16,1
1075080,29603,4,1
3228318,45309,3,1
170286,17794,8,1
1288404,30489,17,1
1966489,10385,7,1
2813758,27336,1,1
1955108,44142,7,1
900649,41220,7,1
1528513,21387,8,1
1407559,22260,4,0
2244056,45437,1,1
1784213,32562,2,1
2111456,8424,5,0
580665,23634,1,1
1717084,46194,17,0
1990364,46720,4,1
1733253,26177,5,1
3341034,1999,4,0
819301,24954,15,1
965476,14447,29,0
3131410,29824,15,0
1571051,34243,3,1
2262479,32655,6,0
2340530,8324,4,0
793458,3999,18,0
2081925,9839,14,1
2331906,453,2,0
2644098,14218,8,1
2556536,32007,25,1
2728571,18460,3,1
2225416,8382,4,0
2247808,22935,14,1
2005470,17794,16,1
2286682,31683,8,1
1509745,7383,1,0
565582,37991,7,0
3240664,24852,1,1
2944552,21162,26,1
2553531,24838,4,1
2340797,48848,9,1
3314688,5876,11,1
191506,20760,8,0
682330,36691,5,1
2625808,13176,5,1
2665018,18747,2,1
1466816,8424,3,1
1119932,2611,16,0
1005308,48592,1,1
417211,25830,12,1
1762202,28682,2,0
2381192,44632,5,1
552481,5918,3,1
2892649,11742,1,0
2012874,18883,1,1
1689033,34216,9,0
2700391,37262,2,0
2749763,29921,3,0
1508652,21903,11,0
1680238,26369,23,1
1511954,20378,15,1
556646,44536,19,1
2555240,42672,15,0
768767,7628,8,0
2389250,42431,15,1
2659063,40709,4,0
1659120,47569,8,0
1693799,28571,4,1
2433512,42356,12,1
1478972,37646,1,1
2920537,30391,11,1
2990855,37141,1,1
1457646,18531,5,0
2626104,26790,3,1
2020140,21938,7,1
126582,21903,3,0
2450787,26594,4,0
1725437,45537,8,1
3273429,32850,17,0
1338472,5259,7,0
2680250,22849,2,1
1903701,21137,10,0
1722759,1938,4,1
2705768,3202,7,0
1627733,28199,6,1
367679,1244,13,1
1207687,48945,7,1
1230348,42387,1,1
103562,47626,4,1
878047,19871,11,0
1328274,49235,6,1
2832691,42585,2,1
2123268,17795,8,1
3244509,43192,18,1
253902,17518,10,1
1988731,32303,12,1
3105434,10603,6,1
3397759,21009,17,1
2625808,34243,17,1
2771140,48364,20,1
3394307,40571,6,1
2085982,15902,2,1
557395,9076,3,1
2662158,16479,20,0
1887035,32650,21,1
2174824,15891,6,0
2225015,25138,4,1
1914875,28941,18,0
2490557,26292,5,1
2599566,28928,7,0
2687178,2067,5,1
601540,19691,8,0
3297824,22035,6,1
1253623,21903,13,0
1983151,39322,8,1
501834,42030,9,0
2885484,45636,43,1
791241,9827,3,1
1782500,49520,15,1
196208,13176,1,1
925750,34111,4,0
2274702,37718,2,0
748572,36070,7,1
1720723,31717,21,1
3316698,49374,9,0
1783761,13176,7,1
3093286,17794,14,1
1864242,11182,10,1
2555720,31404,1,1
2791151,27845,2,0
2221609,26604,3,1
2698690,35132,14,1
1927734,8174,3,1
3409131,43867,7,1
2944552,22035,15,1
2982675,11814,3,0
1023305,13176,3,1
1256187,12333,5,1
1634324,45646,8,0
116932,19173,8,1
3262488,14901,8,1
1039500,47788,1,0
681503,37464,13,1
1722053,19311,7,1
1338656,27323,3,0
388478,43086,3,0
3366369,2825,8,0
2032201,18762,1,0
1538117,23291,15,1
1586341,24009,2,1
1655279,22935,10,1
2440513,45260,3,0
1629881,28348,14,0
2679066,37766,3,1
157970,24799,12,0
1317316,39877,7,1
2105088,13176,5,0
446091,10388,6,1
2037789,890,10,1
2048045,21724,4,0
2484111,16797,2,1
83982,25438,1,0
2268216,21037,13,0
1727085,40706,7,1
2024553,36550,10,0
2322101,25931,4,0
1851029,45633,9,0
3018078,6656,27,0
2541457,32585,2,0
1287908,46886,3,0
2245975,5077,1,1
1260174,11520,11,0
288358,39581,1,1
114695,18993,3,1
2844860,26620,1,1
3418279,21872,8,1
2245309,40878,15,1
2629965,6692,10,0
1640639,24082,8,0
2683140,38970,4,0
489571,7175,8,1
504278,1667,5,1
1143701,13259,4,0
565929,26476,17,0
398373,15999,1,0
1143970,34551,12,0
1829141,24184,15,0
2533898,49113,6,0
2120257,48628,2,1
1182376,16249,16,0
799637,3458,7,1
298801,11520,8,1
3378937,24184,6,1
1107199,13535,8,0
2960963,13145,12,0
2106749,10992,11,0
2868167,5679,11,1
1887035,31683,13,1
1307616,47788,1,1
2012874,49044,14,1
2244165,40310,14,0
2894540,6740,6,1
2076544,17313,3,1
1099288,44632,4,1
403179,24797,7,1
1863965,4605,6,1
2796075,44632,12,1
57068,28171,4,1
604853,3919,17,0
170286,41844,19,1
573921,8424,8,0
1256187,39649,4,1
3290079,19115,10,1
1244262,605,6,1
301947,48086,4,1
322,4605,7,0
162800,22035,3,1
859425,22384,7,0
3027599,15285,7,1
136862,47888,13,0
1717116,27845,7,1
1912935,5883,26,0
563524,7521,7,1
3329059,42356,3,0
772538,44632,7,1
2765831,28985,7,1
675410,34358,5,0
3212651,32486,4,1
2036180,6128,6,0
2075290,27966,2,1
441481,20842,8,1
1684050,38739,1,1
2795831,28911,6,0
2807030,46069,2,1
241502,47209,14,1
1129413,26369,11,1
196100,12714,12,1
1177971,33575,5,0
2996170,17948,2,1
729300,10473,2,1
2465563,34,6,1
714868,11710,8,0
2840337,4006,40,1
3232819,849,29,0
1903766,47652,11,0
137668,24954,6,0
1075378,1511,2,0
468349,2846,12,1
1335220,5456,12,0
2394435,46979,6,1
509960,12916,5,1
2720594,23025,5,1
1910275,4634,20,0
157195,6104,3,0
1566301,19348,1,1
143488,37766,2,0
2974126,12395,1,1
2136995,28319,27,0
1656908,39275,7,0
1798868,26209,5,1
2704653,27730,2,0
1758152,24235,3,0
2172468,48726,1,1
1576736,5068,21,0
116706,19048,39,0
47886,27374,2,0
1749769,22963,7,0
2806886,37506,9,1
1717147,29801,1,0
525542,26419,9,0
2147222,18234,11,0
2622944,5917,3,0
3315996,5803,6,1
1894145,8518,14,1
782847,44097,17,0
2458193,12395,5,0
2298843,23250,6,1
3270807,5373,8,0
1234521,13176,1,0
2862828,33368,7,1
440365,32805,10,0
1793987,23400,11,1
2336715,19048,6,1
2745379,30169,2,0
1988526,47626,20,1
464454,32360,23,0
170591,1870,14,0
2610507,42342,13,0
2587377,162,10,0
456635,43961,8,1
2261340,16363,7,1
1823245,18095,2,1
896520,26298,4,0
2693027,33232,4,1
294209,20084,5,1
922694,13097,2,0
3135473,21903,2,0
2504259,47008,9,0
149297,13870,2,1
2307694,31315,7,1
547540,28934,14,1
137923,7156,2,0
3347381,1979,3,0
940275,12409,2,1
2029393,29993,4,1
2295674,19706,24,0
2769970,5769,16,0
2951453,46900,3,1
2777798,17429,13,0
1067264,2452,3,1
604265,41290,8,1
1733750,890,11,1
1499348,17122,29,1
2791151,21903,5,0
2891179,21709,9,0
1564691,43955,12,0
604853,48871,8,0
2644098,28289,23,0
2668650,11619,4,1
1577184,5994,13,1
430376,7359,6,1
1935801,2435,11,0
1631683,23765,1,0
104225,39947,2,1
1194599,41373,4,1
2817148,4920,12,1
2604490,36127,7,1
878028,16797,9,1
2708338,12541,29,0
2040370,30489,1,0
1051200,2350,11,0
2617243,29826,6,1
1195476,33351,14,1
1593172,22025,5,1
2136204,46667,28,1
170286,47144,12,1
2211372,45886,5,1
180747,8668,9,1
1866234,23165,13,0
1659120,30233,1,1
521861,39831,14,0
1968069,8848,10,0
1411097,8277,6,1
815201,30233,2,0
3163059,11865,15,1
389842,7539,9,0
174351,42475,2,1
1817245,33000,10,1
1644241,1313,5,1
3127816,13176,24,1
656465,12361,8,1
2194774,196,9,1
2340797,13176,2,0
1536939,36735,2,0
2711584,20119,10,1
672562,20919,10,1
2135221,30707,27,0
700820,31717,8,1
522784,24852,3,1
3366803,49235,3,1
3405555,5322,15,0
833449,30827,4,1
939890,37664,8,0
141134,44359,21,0
3344009,42483,12,0
79136,44366,18,0
1361470,48395,2,0
3184805,3075,5,1
403388,45167,11,1
1652807,37029,3,0
1299244,10892,5,0
2481803,22425,6,1
38385,25349,1,1
1658686,4957,9,1
2641032,37145,6,1
836786,7076,3,1
1407559,21417,2,1
682330,18749,17,0
1972821,31288,39,0
3339053,31343,13,0
130970,1890,12,1
202979,13351,10,1
23571,44728,5,0
1912935,21938,22,1
62175,24852,2,1
1805109,18370,12,1
3330603,27344,12,0
2599566,8670,3,0
2588432,27521,13,1
1988526,33827,3,1
134767,6374,4,1
2194017,10469,12,0
1631333,15923,9,0
2132959,47209,2,1
192997,5653,2,1
2333119,9438,2,0
966502,47766,6,1
1799192,44707,10,0
2264737,30059,3,0
2227347,13176,13,1
881182,8518,2,1
474382,32684,10,0
2334420,4920,5,1
1478388,6568,6,0
2136595,48795,16,1
2773175,49235,4,1
698422,46654,6,1
2728571,14999,2,1
807125,11365,1,1
2711485,17794,12,0
1698152,12575,5,1
977815,35333,3,1
1464088,39275,5,0
2645228,26209,7,1
793458,28985,21,0
865259,5228,1,0
1770322,5460,4,1
3105823,28785,4,0
2665168,21137,1,1
1198110,45104,1,1
1987529,47209,1,0
1276842,21999,20,0
940275,28985,1,1
96619,12703,9,1
2245975,40310,14,1
73797,204,12,1
150318,27521,2,1
3128148,25767,7,1
287663,37646,6,1
2650549,21616,3,1
1068657,42495,25,0
1249268,32689,6,0
1538117,45923,12,1
807125,14678,3,1
2796075,42768,21,0
563524,14922,2,0
3061835,24964,12,1
3252857,45535,18,0
2261907,21903,11,1
3266345,5785,2,1
1449657,27555,3,1
2316206,34005,3,1
1627181,27695,9,0
2198199,24852,2,1
2728528,20518,3,0
1417362,17794,3,0
1828856,15269,8,0
1060573,24852,2,1
2227347,35951,8,1
2665018,21019,27,1
2242113,31720,8,1
1505204,41787,10,0
1722825,2228,16,0
2078365,38689,14,1
1806968,34608,8,0
2720594,13176,9,1
2490522,6348,7,1
2951453,27790,8,0
1616735,38827,20,1
1889264,20082,7,1
63266,34160,5,0
3273429,44193,11,0
1280598,20734,8,1
1853184,8022,10,1
2990855,43933,25,0
1099288,20119,2,1
3024721,5450,4,1
1083911,5077,11,1
56577,13675,11,1
1655216,5612,18,1
2133182,8518,7,1
657572,39464,16,1
2970304,8424,19,0
2789485,12103,24,0
408853,35535,6,1
85929,22124,5,1
3273429,6348,1,1
255802,35233,9,1
1470403,8424,10,0
1721062,1158,5,1
2723198,28322,4,0
2806886,19702,8,0
44280,49414,7,1
596253,45487,48,0
3156211,41290,5,0
3334372,25931,8,1
3347381,14350,5,0
1074648,27103,9,0
3160696,47766,4,1
134767,34050,7,1
1575548,37107,6,0
2567562,34106,2,1
2623298,25457,11,0
2018522,27966,2,1
2336715,40002,10,0
3099703,24852,8,1
3351373,34658,11,1
1393702,18670,10,1
1731548,42828,7,0
3330734,34499,9,0
1260995,31506,1,0
2962104,15872,5,1
2628963,29447,3,1
3415690,36011,5,1
2412500,21326,4,0
1470403,7628,1,1
3045278,24279,2,1
2393387,19894,2,1
596253,44234,56,0
1912035,30391,9,1
2856752,45969,5,0
1360045,29088,9,0
1627733,31915,2,1
1365391,12409,5,0
2698199,26790,5,1
2108356,2433,23,1
467272,39556,6,0
881848,41950,4,1
1718781,22124,8,1
2080762,27966,21,1
2135221,43961,13,1
2163126,46473,31,0
483486,29195,2,1
828426,43249,4,1
2685562,7854,5,0
811478,3481,7,0
565929,5878,18,0
1958214,4210,2,1
23726,41593,9,0
757892,24852,4,1
2990855,24024,30,0
1018671,13176,3,1
2136462,36375,11,1
2317494,13332,8,0
1819887,48278,13,0
2492255,33176,25,1
1205398,46485,10,0
3226289,11068,10,1
965476,14764,15,1
1888005,45,4,0
1755685,42110,3,0
2481837,4447,6,1
559779,4138,8,0
3346924,5618,8,1
748572,19835,13,0
585035,34551,9,1
1429167,27344,13,1
1276842,7781,16,0
3237290,17122,4,0
2764785,28826,9,0
1423063,1241,15,1
2607105,37728,8,1
1232902,45953,11,0
3024721,10749,12,0
539049,20632,2,0
3015806,31553,10,1
2789149,39646,2,0
2782270,48831,8,1
2189542,21137,3,1
2190751,41690,17,0
536731,10343,11,0
471000,29662,8,1
2166045,9366,2,1
2006438,10492,1,1
2551089,49533,3,1
91344,46700,16,1
50904,47652,9,0
743551,24160,9,0
3219008,23835,10,0
2194119,42356,4,0
512709,46346,24,0
2217387,28574,7,0
1454710,48679,14,0
817805,49605,6,0
2960963,32921,2,1
2766034,30597,9,1
1470144,12980,7,1
3230188,2748,4,1
3042260,329,17,1
2856752,25469,22,0
1386898,27422,7,0
2526258,27845,1,1
1987529,3382,12,0
208468,35561,2,1
3299695,39040,8,0
114006,9507,3,0
2174824,44142,10,1
348375,11777,3,0
1925239,31461,7,0
1246678,36550,8,1
75551,39275,3,0
1411241,2855,4,1
2817304,22610,2,1
328187,46906,11,1
417211,5077,9,1
142426,8832,1,1
2862828,24509,17,0
1455059,33746,11,0
1457960,41354,12,1
2796075,21903,22,1
150991,8518,1,1
1244262,26790,7,1
1711489,47626,6,1
1201914,45013,10,1
1614888,162,7,0
1190741,1396,15,0
1680238,18523,6,1
3315866,38028,5,0
3113267,13128,2,1
3402985,9839,2,1
2238524,39993,8,0
148607,14399,3,1
1499348,24852,4,1
2999148,5380,7,0
464984,42265,9,1
759541,49383,11,1
2306743,8996,5,1
3184970,24852,1,1
1824128,27966,14,0
2839062,23400,8,0
2397146,28465,9,1
3136956,38817,1,0
2225490,32573,14,0
2238325,44059,4,1
134569,21137,3,1
783243,40310,2,1
2143881,4656,20,1
261172,12015,5,1
2174342,46906,1,0
1124957,24489,4,1
764963,16797,10,1
188647,18660,2,0
2517022,42265,3,1
2544855,14992,10,0
292236,48057,10,1
1134866,13176,3,1
506744,47209,11,1
2665513,5295,22,0
2708844,31717,14,1
1090369,3143,8,1
2640132,30391,3,1
2061928,32655,2,1
2986553,24852,3,1
2204939,26738,3,1
2617243,21903,11,1
2662158,14852,13,1
3290624,10978,8,0
2433512,44661,4,1
1887035,44098,17,1
2284635,24852,9,1
2782270,28849,4,1
1389350,48205,4,1
1651019,17794,21,1
482564,44048,8,0
431815,45535,1,0
349043,10753,7,1
1577831,43903,1,1
429245,47209,7,1
3386657,33787,25,1
857171,40516,8,0
682330,41290,9,1
1840502,43338,5,1
2662499,44632,9,1
927790,39411,6,1
49718,11163,7,0
790403,26344,10,1
388564,14197,4,0
1591950,47626,5,1
3351729,4138,18,1
2955483,46820,8,1
2156208,47766,2,1
1549727,21903,9,1
2082355,30967,28,1
2740781,35622,25,0
1641477,40986,5,1
36814,25371,4,1
2434663,13176,8,1
661612,6327,28,1
2394907,6553,6,1
1766760,40706,2,0
1269144,31717,2,1
3330603,47626,5,1
2920537,47766,9,1
347123,16797,2,1
3242064,46090,15,0
644871,39190,15,0
2014120,19048,18,1
2934531,463,2,0
23571,30338,3,1
1471738,30489,12,1
726044,45081,3,0
503029,13176,3,1
1341839,25330,6,1
2245020,33543,3,0
5402,45045,2,1
194374,20658,11,0
2166849,14197,7,0
1218279,21841,2,0
168990,32691,5,1
989011,36180,12,1
1499484,31640,9,1
3010645,28682,15,0
2307644,8193,7,0
2064818,30883,17,1
3239951,18465,10,1
1414324,9339,14,0
1901608,27845,7,1
2193774,160,9,0
730064,1447,8,0
2203182,45788,1,0
2106749,6177,1,0
45229,11512,4,1
1704422,43961,4,1
1244262,22113,12,1
756864,4210,9,0
101222,47144,10,0
3327579,18465,4,1
1955108,10346,12,1
1783083,397,9,0
965476,36389,14,1
1272352,49610,10,0
2075838,31964,14,1
494497,18926,20,1
1396268,890,23,0
1542120,8230,2,0
2032403,42469,2,1
1336176,49235,9,1
389842,38647,24,0
1139616,21137,13,1
1028918,41052,5,0
1939226,24852,4,1
2797892,40396,3,0
3351729,49215,26,0
1190582,24009,5,1
1421558,44422,3,1
2003786,42623,4,0
453928,16797,13,1
3236528,16696,3,1
1425482,2915,5,0
2559910,2770,25,1
989469,8555,6,1
116933,35108,12,1
2982675,19174,6,1
1942105,31683,14,0
1456099,14089,11,1
1939475,39275,13,0
3046687,21292,2,1
552481,45125,11,0
1859323,43087,9,0
56577,23094,8,1
1503291,28021,8,0
2522180,44142,1,0
2269764,24852,2,1
2687541,46666,3,0
2840337,11422,54,0
881182,5876,5,1
1555137,47626,11,0
1355835,16856,23,1
939890,9839,1,1
1752418,30442,1,1
3297824,1463,3,1
1961802,45763,6,1
2442401,5621,6,0
2550215,11182,16,0
68359,28985,1,1
2609019,21903,1,1
19532,33957,10,0
3386657,41610,28,0
2974126,12409,13,1
3096612,26940,6,1
2545999,27104,4,1
1488731,39216,16,1
2555240,42828,13,1
2475843,5769,6,1
3071797,23352,8,0
2515614,12791,3,1
3222693,26298,8,0
3171040,25659,2,1
1680238,48679,17,0
934997,3682,7,0
744648,35221,4,0
1320817,34511,21,1
700063,3765,9,1
1394368,28420,5,1
1823245,26165,5,1
2244165,12703,27,0
1119992,19981,4,0
2123268,27104,17,1
210779,28918,4,0
2894900,35547,2,0
192409,20632,6,1
1668707,30695,7,0
1612421,47209,1,1
963204,49235,1,1
1888005,47209,3,0
1054548,12290,4,0
2972745,42265,2,1
3040238,24053,5,0
2832691,17948,6,1
143400,40897,8,1
2653633,33787,4,1
470942,16168,7,1
3133686,13176,3,1
1622654,22170,1,1
2556536,23296,7,1
2878285,8277,4,1
2196924,26384,3,0
2082539,23734,22,0
2089295,21465,6,1
2856752,24852,14,0
2917208,10305,13,0
3246963,12658,10,0
2584585,10504,2,0
1576736,2717,46,1
3221310,30021,12,0
292560,44075,21,0
2709752,10121,9,1
1471738,41806,1,1
1799192,39984,6,0
578257,35585,28,1
2409711,25931,5,1
786918,35956,4,1
2803797,22935,14,1
2524340,16797,1,1
2429533,21137,8,1
2966362,972,24,0
1562961,24852,9,1
1524084,26096,28,1
1905960,19348,1,1
1050334,32666,11,0
828129,44075,4,1
142467,41588,3,0
2292943,27966,1,1
456868,49605,5,1
1023305,5212,1,1
2254934,48848,9,1
3080855,22929,25,0
2194516,7702,20,1
1805734,22395,3,0
1895506,44303,2,0
2760259,13870,4,1
1902528,21290,25,0
876775,18963,9,0
2857364,24009,4,1
2940832,432,9,0
1616735,42110,12,0
2281494,30440,6,1
2125285,32043,2,1
2042657,5194,7,1
1508652,10132,21,0
2925211,777,3,1
2662499,40174,7,1
1487071,15700,20,1
449949,43150,5,0
1051681,25659,12,1
2291414,24830,2,1
1671050,34222,5,0
2253067,45955,2,1
3394307,14917,22,0
3024721,21903,18,1
1829722,28985,2,1
2957935,20353,13,0
1711075,34080,1,1
586783,5818,3,1
1561320,39137,7,1
2420461,11782,6,0
3206910,7242,1,0
1795262,23516,1,1
1105913,5782,1,1
1717116,5646,12,1
764963,43933,14,0
2556823,44422,20,0
681045,31848,22,1
902413,8021,8,1
2042657,29837,10,1
669833,36885,13,0
1454710,24009,6,1
2886174,14309,4,0
3335433,42768,12,1
2381192,5077,1,1
1249268,5025,4,1
1901608,33037,14,1
1812070,48679,3,1
628372,16797,1,0
2446100,28710,3,0
3346924,45578,1,1
3210139,11512,7,1
2423757,13984,4,0
1661664,35523,2,1
2975886,44359,1,0
2392481,27845,1,1
1722759,6104,10,0
110580,47144,12,0
1733246,24852,1,1
3413732,39351,18,0
3236106,18362,17,1
2136462,28286,21,1
2201446,29487,9,0
3291523,34494,26,1
431277,9913,6,1
377188,40706,20,1
106790,11140,12,0
2510711,19048,1,0
23726,31288,27,0
3381450,33597,6,1
1236944,37606,8,1
1466816,33000,33,0
1111704,35108,2,1
1735588,46709,14,0
1900813,13176,1,1
689839,43504,15,1
1956927,18176,9,0
3327826,820,1,0
618673,25872,8,1
1661256,4799,3,1
2689328,27344,14,0
3397963,18963,12,0
2051154,11869,2,1
2218984,42557,9,0
3350435,20114,9,0
257459,8955,14,0
3135473,34969,8,0
116706,45007,37,0
1499132,37288,4,1
2291674,27104,4,1
272157,21616,20,0
2210558,19981,18,0
3344372,28156,1,1
517262,39041,12,1
1159106,24852,1,1
196100,25653,7,0
1844833,41863,3,0
1218793,21137,2,1
393920,24852,13,1
254834,44961,20,0
2581945,28156,18,1
990507,47141,1,1
657351,5250,12,0
1123946,7503,7,1
302356,34175,4,0
1394368,38647,1,1
578740,48226,3,1
1227083,27086,5,1
2136204,37302,26,1
1026960,4790,1,0
2808637,13176,19,0
911158,22141,5,0
1248443,13176,1,1
518627,37080,2,0
3404774,25199,13,1
165163,21137,12,0
3078345,11640,4,0
1051260,21616,9,1
1264829,13988,6,1
840275,3172,4,1
3397963,44282,11,0
1524084,2097,1,1
1190777,40674,43,0
2338759,30486,1,1
2227347,17948,9,1
104225,47977,1,1
3147707,26209,2,1
3164886,45007,8,1
293129,19048,5,0
2069239,16419,7,1
468349,14715,16,1
998587,45066,5,0
2559910,15984,10,1
3077087,28289,6,0
149157,43122,20,1
1988731,21277,3,0
1118339,47209,3,1
3397759,37011,9,1
723489,43568,18,0
1439598,30489,7,0
1887526,1702,4,0
1526289,40722,25,0
2049512,5821,13,1
1883476,9068,4,0
698422,5785,5,1
1553563,40571,11,1
2454582,3265,1,1
827496,16494,17,1
945142,19871,4,1
2224448,3388,6,0
2866486,48486,16,1
1904249,27241,1,1
2786733,25230,13,0
3053253,46088,3,1
3282247,19862,5,1
1461743,27845,1,0
2944682,46979,9,0
2775301,24177,17,0
458815,38679,9,1
2406469,27695,3,1
965476,20580,10,1
3221049,39475,4,0
2068407,14992,9,1
700820,44628,24,0
1833317,3990,7,0
3354029,31915,10,0
2792505,18770,6,1
3110118,5782,10,1
173359,38300,4,0
2742568,9020,29,0
585035,21573,1,1
49718,31020,2,0
2137071,41220,18,1
1787335,36651,3,0
967273,5876,1,0
1722825,29388,12,1
2610507,44292,21,0
2490522,40826,15,1
1227265,43908,16,0
691191,41540,6,1
3171557,9547,3,1
1507371,46908,3,1
2012382,29691,3,1
1197822,45866,2,0
1488731,10070,10,1
1457656,49175,20,1
1901608,34448,17,1
114300,31717,7,1
2792518,13176,4,1
2885484,6719,30,1
2251040,21137,5,1
522784,24002,6,0
754888,13108,1,1
1637389,26427,9,1
3409131,27239,5,1
1338656,37687,2,1
1336176,14947,13,1
1131751,40604,20,1
2559993,46087,5,1
814061,46820,11,1
1816715,4138,7,1
2242113,32655,1,1
2081925,46979,2,1
2511677,10530,14,0
2124718,42768,7,1
294497,12606,4,0
1564282,23586,7,0
3270807,7580,6,0
1623570,1529,6,1
3172172,47209,5,1
1562192,3849,8,0
1969576,18382,5,1
2340797,46962,10,0
222302,46049,4,0
861027,25783,7,1
3385068,34126,2,1
317995,10580,8,1
2194017,23400,13,0
2036180,45668,1,1
2480609,25093,2,0
3381450,8833,7,0
3223250,19448,9,0
519720,26209,16,0
2996306,27070,4,0
2925919,31041,13,1
2986553,38400,17,1
2282581,30338,17,1
1284203,27757,31,1
3062193,24561,12,0
1336176,5699,34,1
1063342,27966,9,1
2261340,11992,3,1
2823045,890,3,0
271069,45646,17,0
2760549,36011,1,0
596824,43713,8,1
113729,1090,10,0
1806968,44103,2,0
786546,43076,20,0
2195268,28079,2,1
154020,3957,6,1
1114743,9839,7,0
656465,21019,11,0
434839,44628,11,1
631759,26756,10,0
1775730,9839,7,0
2022654,5652,1,0
2753266,4799,8,0
1227265,6975,17,0
379341,32655,5,1
1565536,33352,12,0
1642416,47626,1,1
196100,35951,8,0
534199,26679,7,0
3164785,22089,7,1
691191,20127,9,0
1751169,4564,10,1
2826549,42495,1,1
3346924,38656,9,1
2137071,39055,9,0
1655429,43488,3,0
3337287,10125,1,1
2795831,27161,16,0
1746488,5212,20,1
2588432,38231,26,1
123061,25988,8,0
685731,14999,3,0
82018,7175,2,1
2336273,14992,7,0
1375522,10957,1,1
2623298,31683,2,1
1974283,44632,14,0
453928,9517,29,1
60221,48004,1,1
2370090,43295,9,0
1070034,34655,2,0
2078365,47388,15,0
1680238,10749,15,1
1788296,47141,11,1
2931338,18362,1,0
2468162,23375,5,0
3125639,13304,14,0
1522980,32044,33,0
1268418,24841,10,1
2722178,46138,3,0
2893017,18389,8,0
2550931,16349,4,1
3025339,18523,8,1
1634845,21573,4,1
2742568,34969,20,0
2075280,40015,20,0
187183,25476,13,1
431815,47209,13,1
1877005,8555,10,1
1538117,46720,16,1
3262488,44142,14,0
3186408,39921,22,1
1335220,8008,18,0
605528,45681,3,1
1635798,34968,4,0
1987529,46979,10,0
1829484,47931,5,1
3077071,34530,5,1
601540,42415,1,0
755460,45646,10,1
1420026,31422,1,1
16497,27744,2,1
723489,10673,14,0
2092058,27548,7,1
1454946,26405,10,0
3394307,47900,8,1
1900813,8087,6,0
920923,7515,2,1
2884777,38127,3,1
2135221,13176,4,1
1653554,38558,1,1
1222048,31215,6,1
2676153,14901,5,1
2211234,21137,17,1
2015039,27104,5,1
2098773,48057,3,0
2522824,43122,10,1
846690,5390,1,0
1917281,5785,2,1
2318047,30776,11,1
514331,21903,13,1
194063,14197,4,1
1387420,27966,11,1
757659,37400,15,0
786546,22035,6,1
2680250,20144,4,1
1347307,34565,9,1
1639609,26201,2,0
976396,30480,2,0
2474392,13866,1,1
28957,24221,1,1
1534349,31299,10,0
1182376,21137,4,1
1616735,39729,10,1
358760,8174,16,0
2787070,12442,16,0
940275,30635,11,1
1596151,24854,1,0
2822679,19145,6,1
1034062,21616,13,1
534199,27695,8,0
415162,34850,1,0
2183652,30989,9,0
2878285,25506,10,0
1759873,23734,2,0
147235,31759,6,1
2473430,37687,37,0
1552183,28122,18,1
891492,4891,14,1
384505,23734,3,0
1859323,39475,3,0
1620007,13176,3,1
2167593,22825,10,1
1751684,27325,2,1
1805109,41890,4,1
3052221,12756,17,0
959205,24852,7,1
1259020,17794,14,0
1190777,38974,26,0
1870020,14678,9,1
2295510,30720,20,0
1720723,43789,17,0
1720231,39428,8,0
960662,11182,11,0
1207364,30707,12,0
639642,38656,3,1
2723972,46280,7,0
3191470,21903,4,1
136569,47526,6,1
1612421,38033,8,0
2227607,31717,17,1
170366,40945,3,0
982055,13176,1,1
2959863,22935,6,1
715495,28986,6,0
1355005,1233,2,0
2034506,48071,5,0
3031830,24964,4,1
3186408,17795,4,1
2579039,22935,4,1
1190777,29127,11,1
1956331,13292,4,1
3280215,43961,3,1
46859,311,2,0
3024493,48857,7,1
503120,30233,3,1
547220,44234,4,1
2576871,16797,6,1
411643,45681,6,0
768767,26497,7,1
2019961,14992,12,0
66007,21724,1,0
300350,15221,12,0
1100901,41863,1,1
1846923,16797,4,1
1935801,25890,3,0
1005308,40310,4,0
1591671,3849,2,0
494518,44632,6,1
3236899,45535,1,0
1463892,14636,4,1
2010851,18026,15,1
1485018,37265,11,0
1458310,18288,6,1
815201,18212,29,0
1292645,21903,12,1
3354029,39303,14,0
5402,22035,4,1
217059,18689,14,1
2920537,24852,4,1
2955453,20995,8,0
2337738,4541,26,0
793458,12016,10,0
2137071,46667,15,0
3234951,24952,2,0
1248443,43768,8,0
3284231,42585,8,0
3081757,24852,2,1
1491992,14897,1,0
2987933,26209,3,0
1720723,7179,13,1
1524084,48366,20,1
3394307,42244,23,0
2687541,5077,4,0
274958,6979,3,1
1050845,43692,13,0
2691282,24629,13,1
2956721,32734,21,1
2511677,13995,15,0
2436850,26191,1,0
3288552,46667,3,1
514331,15649,25,1
1456342,26032,5,1
1989898,43255,7,1
2480609,5450,3,0
96619,45886,1,0
1595055,37417,16,1
2038752,17313,8,0
844382,4366,33,1
819301,48205,23,1
834195,21872,8,1
1534924,25890,4,0
1503291,18487,15,1
2209840,18721,8,1
2967001,48628,4,0
389842,48765,2,0
1070750,48988,2,1
2625808,49683,9,1
512429,34243,2,0
324877,12258,28,1
175140,5785,1,0
532711,26369,6,1
1601680,48775,1,0
3131359,28692,9,0
2528689,35167,9,1
2820779,20114,8,1
2492255,42240,3,1
2757435,41844,1,1
2222540,18599,2,1
936492,20995,5,1
900649,24852,6,1
198523,3265,16,0
1115114,3866,9,0
863033,24852,2,1
130006,13176,3,0
3327579,17461,11,0
3010645,5120,22,1
1589062,24852,3,0
1427049,13176,1,1
253902,20512,11,0
2280357,33198,6,1
2576581,35108,2,1
733221,8174,1,1
759541,2726,1,1
465660,8467,4,1
3028479,47209,5,1
2137071,30233,7,1
952338,30639,4,1
5599,8424,10,0
213060,21174,8,0
3105234,28204,9,0
3045755,8022,17,0
3059076,33290,26,1
1971664,26283,1,1
380105,11440,22,1
2797892,46313,13,0
3366497,31506,7,0
389115,7948,6,1
2254934,31717,17,1
2474956,11945,3,1
2817148,26369,21,1
35475,24563,4,0
1123221,31717,2,1
578928,24954,2,0
136569,27275,5,1
1842600,1416,4,0
1259101,27020,3,0
121612,30776,4,0
1792604,17266,1,0
3221049,41065,11,0
1856848,5613,9,1
1387420,26209,13,1
706641,38827,16,1
2490522,30336,22,1
500412,6638,1,1
730064,36058,22,0
3174922,5785,3,0
2695585,27921,21,0
2082355,39430,17,1
2550931,30763,20,1
3387911,24852,1,0
1280488,26209,6,1
1668707,16508,12,0
1482787,24852,6,1
521174,27573,12,1
328137,20114,6,1
345948,47569,11,1
19532,48323,7,1
2723972,37386,5,1
501834,47209,3,1
455884,41213,1,1
2798596,8424,19,1
253054,10998,6,0
1685830,9358,3,1
2856752,48342,7,0
1708530,48786,7,1
2247485,10900,2,1
3286992,17775,24,0
1934720,48679,16,1
1553718,21616,6,1
1112153,5161,7,1
2253518,27344,3,1
473746,10925,13,0
489338,25817,2,1
384429,24086,2,1
1045108,43867,10,0
272279,19449,10,0
1545584,17979,8,1
918451,43026,7,0
798947,33294,13,0
2590600,39558,11,1
368123,14084,20,0
1051260,30233,1,1
3059076,27086,11,1
2494143,41755,1,1
3316698,29600,1,1
828608,37065,8,1
2229154,36626,24,1
2803797,25659,9,0
2504259,23130,10,0
2955483,1710,12,0
3027951,10070,1,1
2055774,34126,6,0
3248349,47626,14,1
3290624,39877,7,0
3330405,40529,5,1
2732170,28842,24,0
1702863,41213,2,1
1679812,3179,1,1
397058,30391,4,1
2714882,25837,1,1
2037789,43686,9,0
3015576,16911,2,1
298801,21137,16,0
514683,19660,6,1
2576581,35921,6,1
3239348,23165,4,1
1717502,39408,2,0
317995,895,5,1
557274,22935,8,1
142426,31683,11,1
1805734,45788,8,1
336167,8425,3,1
2724507,30898,12,0
733933,18963,1,1
1047784,260,7,0
3031830,37646,9,1
270588,43768,1,0
3033500,25705,28,1
3164387,29668,3,1
1162618,10749,10,1
2468902,8878,7,0
515813,14233,1,0
2808637,21386,17,0
2882456,46667,17,0
1497383,6795,15,0
2414863,37710,1,1
2863782,22831,1,1
1711075,27086,2,1
241599,47209,6,1
778025,16349,1,0
1046998,19677,1,1
2918840,23622,7,1
395719,10621,10,1
2489728,34887,4,1
1774270,39726,2,1
2659063,31066,5,0
2905635,20670,7,0
1561762,5734,2,1
628977,45007,19,1
2679079,38693,15,0
3311948,47144,2,1
1695435,38383,1,0
1365391,27845,1,0
3228318,27086,2,0
1119932,36342,12,0
2130066,11130,18,1
2893017,8277,2,0
3002379,1216,8,0
2174824,1468,2,0
1414324,3957,2,1
3080767,27336,14,0
2501585,26648,7,0
206747,2996,10,0
501174,19173,11,1
598476,19057,5,1
412496,25146,6,0
955691,5077,5,1
1905097,33452,3,0
2967001,19376,2,0
3127816,14678,16,0
923285,26790,14,1
1406847,22035,8,1
1999692,13496,3,0
1904249,12614,4,1
2393387,12935,1,1
1817245,38689,4,1
2271847,1242,6,1
1049203,7781,9,0
2139866,24535,12,1
1846923,38371,14,1
157970,43295,5,1
1687652,38847,1,0
2288500,34565,2,1
150541,30229,1,0
729902,25890,6,0
137211,9225,5,1
535392,18027,7,1
2610507,7539,18,0
1570282,12033,5,1
3310613,24135,2,0
2307644,6450,5,0
1439883,47380,5,1
272157,39475,27,0
174311,10305,2,1
2262743,16400,3,1
1387068,21393,26,1
2722623,43249,15,1
3297312,17027,9,0
1822085,14335,3,1
1641841,44683,7,0
2819185,31015,15,0
628977,46667,25,0
1937142,22825,13,0
2630498,28199,16,1
557274,21137,2,1
1557493,18465,5,1
1602121,15200,3,1
2665513,39275,8,1
661374,31040,11,0
271930,6348,6,1
636021,42307,4,0
2059029,44864,4,0
338788,2429,12,1
1008748,42736,3,0
468349,30391,5,1
180747,429,21,0
2051355,19660,3,1
2190751,10644,16,0
222331,38273,3,1
3341034,20791,14,0
3415690,25630,2,0
2227347,30233,1,1
1687652,33647,10,1
2180977,18531,17,1
3018078,5994,19,1
189641,38714,3,0
718280,23991,13,1
170591,45679,2,0
1627949,19370,3,1
1826359,47189,7,0
253902,29487,1,1
298801,26940,2,0
970190,10509,6,1
1060367,6104,5,1
1485018,46520,13,0
2253067,21137,1,0
3142267,14337,1,0
3356599,31433,15,1
61558,43279,10,0
2685683,45007,19,0
2709206,27966,3,1
3415145,39889,6,0
2136462,31766,3,1
2075838,260,2,1
1499348,47058,15,1
1051681,49683,6,1
3348244,13702,10,1
2892862,30776,10,1
1077640,3957,11,1
2281257,5250,4,0
3327623,24964,11,0
2012874,32052,19,1
2925919,21436,17,1
2724507,5025,7,1
1581676,34862,26,0
2934073,31730,14,1
2429909,5160,1,1
2172468,28289,22,1
3273429,10749,3,0
2908066,24002,6,0
2080150,6837,13,1
1187964,25138,10,1
3202203,15653,8,0
889321,19678,22,0
2610507,44449,5,0
2782160,28199,4,1
1105913,42495,5,1
2882456,39275,12,0
2791134,13176,4,0
805051,35163,5,1
322,46526,8,0
2813132,33754,14,0
292236,30901,1,1
1936769,18362,6,1
786918,30661,25,1
2012874,7751,12,1
2476837,23375,1,0
2397162,41176,22,0
517262,11678,9,0
2724507,27104,5,1
1651019,9808,25,1
1782383,42828,17,0
150209,27325,1,0
2338695,40777,5,1
2059802,11776,8,0
2955097,20200,20,0
2222426,9839,1,0
2420821,46720,13,0
2760549,21903,9,0
3015576,24721,21,0
2013242,47144,40,1
1117634,4916,8,0
1051200,37552,4,1
3262488,30960,11,0
378711,24852,5,1
1645782,4210,1,1
3316698,47209,16,0
3363829,7963,3,1
2822679,13251,13,1
2565436,29447,1,1
60221,25495,9,1
222302,18770,7,0
3063824,29934,5,1
2336485,1194,1,1
681503,22935,18,1
238621,21938,14,1
394847,18926,9,0
869925,35921,6,0
206747,2713,11,1
145025,14947,3,1
245359,15772,2,1
1720723,38293,7,1
3133915,45158,5,1
2266351,42736,9,1
2835189,39993,1,1
3099703,28199,11,0
2610321,12254,15,0
2944682,39194,12,0
863590,30391,15,1
818819,781,13,0
1782328,35788,7,0
1349086,23032,9,0
3386657,18433,31,0
2891179,40342,6,0
2120337,40469,12,1
1138236,48825,6,0
1358167,21137,8,1
2013242,46189,25,1
3232819,40063,2,1
1028918,10032,3,0
16723,17871,6,1
2966362,2326,6,1
1718418,29326,10,1
116706,24852,7,1
3280215,33731,16,1
1553563,18441,14,1
2436850,13176,5,1
3297979,40396,7,0
966104,15290,7,1
665707,33043,12,1
2063520,38159,8,1
413757,41959,9,0
1506554,21405,2,0
1291302,41719,8,0
2528689,4605,14,1
13240,21626,8,1
2943010,32685,11,0
783439,32029,45,1
2329084,18782,5,0
389604,35221,3,1
1431329,30489,9,0
2592838,432,1,1
2282581,25146,4,1
977815,16823,4,0
2506102,42585,3,1
1643851,581,1,1
2620958,24010,3,1
2856752,12179,11,0
2856687,23102,3,1
1190777,29744,13,0
13008,16797,1,1
1174742,30071,5,1
1925005,19057,3,1
2062957,6724,8,0
1599424,12545,3,1
1288291,27681,3,1
127728,8230,1,1
1914875,3669,16,0
2275775,3464,4,1
3093286,5991,23,1
2227011,45938,3,0
11476,35450,2,1
1817245,22935,9,1
2205219,11865,7,1
717916,41591,17,1
2588432,20114,21,1
2259341,44860,1,0
73122,17638,4,1
1659066,38200,4,0
2291674,2326,2,1
3010645,1516,30,1
2532667,35167,1,0
1442449,28199,1,1
3341034,29506,13,1
2207662,45646,6,0
3278920,29447,3,1
2783795,4376,5,0
1201914,2390,8,1
3202670,19706,7,0
1817448,47209,5,1
1022567,27555,13,0
2091885,21903,3,0
774362,41351,13,1
3405385,12069,20,0
2665388,3142,19,0
712110,47766,10,1
1014751,29094,7,1
523704,22151,4,1
184473,15107,6,1
661374,13176,13,0
468349,45007,13,1
1782383,48679,6,1
1280488,28601,3,1
2097901,25170,3,0
2892862,46106,11,1
1665956,33373,1,0
271069,44422,10,1
665707,18362,10,1
2610321,46667,11,0
142426,45681,8,1
2592373,33808,2,1
2772911,25246,1,0
3420574,32467,4,0
272157,21709,14,1
1456099,39428,8,1
1172996,42450,13,0
2064305,23650,5,0
2590950,7252,2,1
3187761,2450,9,1
1827477,13176,3,1
1656588,27695,5,1
150794,34969,5,1
3121414,28715,25,0
66269,12099,4,0
134767,12481,5,1
2232838,8670,12,1
2227011,21137,8,0
996606,13838,1,1
2076544,22507,7,0
1499348,43129,42,0
2261907,7539,34,0
2164528,47766,3,1
2766967,17706,11,0
930570,21903,1,1
466286,41290,5,0
672716,39475,5,0
19532,226,12,1
2220151,24852,3,0
1511954,28842,2,0
257459,43655,23,0
966104,29487,5,1
1717116,17568,3,1
812073,13535,4,1
2313156,27683,3,1
170591,890,5,0
1456342,8021,8,1
2147845,6348,7,1
3146808,21137,10,1
2286682,14819,6,1
402916,18023,6,1
555231,23383,5,1
3419011,28590,7,1
3405555,25138,1,0
173886,49235,8,0
1284203,24427,12,1
1497383,12456,12,0
141134,12341,19,0
1470403,47866,3,1
1718253,35561,2,0
2955483,27086,3,1
3010645,46802,1,1
2136995,4605,13,1
682107,1463,3,1
2136204,5460,22,1
1163120,16797,2,1
2955658,32537,7,0
2246208,28928,9,1
2835189,7649,2,1
1682324,2183,15,0
465658,48523,11,0
2823569,46667,6,0
2778652,17596,16,0
2775301,39408,10,0
2888702,4643,6,1
3103978,16145,14,1
434839,39984,17,0
879253,780,6,1
1664133,4605,2,1
237329,11408,12,1
1458581,39719,19,0
2120337,14678,20,0
684019,44359,14,1
2796621,10685,1,1
219524,6948,2,0
2921994,24852,2,0
1518272,37067,4,0
2629817,42282,4,1
3280215,30489,2,1
456635,9755,10,0
2705768,31766,4,1
3187761,4163,4,1
1795794,34244,9,0
2673711,26648,2,1
1100721,26604,3,1
2989037,3957,10,1
3212651,40541,8,1
28957,31225,8,1
2199800,33156,9,1
546893,33050,6,1
1782328,27336,1,0
2848993,13566,2,0
2708844,7121,13,1
187183,26499,10,1
1518272,3339,5,1
834195,42701,30,1
1149784,32433,1,1
3413698,26209,10,1
141134,21405,36,0
2261907,16759,52,0
1664133,2295,8,1
101222,7461,16,0
2660237,11985,2,1
2182976,12385,5,0
1577829,5959,1,0
2708338,23959,9,0
3375559,1729,3,1
1079144,43209,12,0
3382838,42151,12,0
3142940,7179,9,1
2975886,22935,4,1
214118,22935,10,0
382373,9196,2,1
3375509,15392,2,0
28957,20186,7,1
675301,5258,1,1
2173141,8575,3,1
2164400,15802,11,0
1894145,19678,12,1
1343846,24852,1,1
1045108,27360,14,0
1664326,39732,7,1
3381450,7781,2,1
3339053,7781,14,0
3305158,36857,16,1
2026145,37654,8,1
3375509,47759,18,1
2362476,16249,6,0
2925919,6182,8,1
1812543,1117,15,1
2450636,5248,4,1
2414006,21288,4,1
640090,13712,7,0
1664326,30305,6,1
1011079,12140,8,1
3149924,23165,10,1
2612636,16185,15,0
1089864,16911,7,0
1403307,42612,23,0
921738,27966,5,1
1033470,17429,4,1
2920762,10749,4,1
1698914,47626,5,1
2254934,34530,19,1
840275,23909,2,1
3244509,33370,12,1
86827,16797,10,0
285013,36127,3,1
1812070,24852,6,1
246119,41950,21,1
672303,1398,7,1
783439,25731,36,1
1870355,33198,2,1
1115114,24852,4,1
171782,38293,7,0
2419056,30776,13,1
2878285,12551,11,0
2262743,47141,11,1
2227347,9076,4,1
1160952,21616,3,1
3360620,24852,3,1
100953,12481,4,0
1616735,37687,45,1
3008665,20518,1,1
1880695,11477,5,1
470942,35951,9,1
2625403,31040,9,1
1746488,49235,1,0
1677585,24841,3,1
2846704,27845,3,1
2258976,32652,6,0
740729,43352,1,0
2245309,8351,10,0
2283843,41006,8,0
2728571,1940,7,0
2708338,94,37,1
2556051,20734,3,0
1871419,14462,12,1
1116683,1447,14,0
2610074,38511,1,0
1100587,20791,5,0
1934720,44359,18,1
2610707,37220,9,1
252887,45581,5,0
596253,19389,29,1
723665,35628,19,0
2576871,39928,9,1
2006423,4317,9,1
1522980,38108,19,0
1592021,872,5,1
1431686,47792,1,1
624366,38419,17,0
504142,22825,1,0
1763357,28450,7,0
1454013,10749,19,1
1775542,46842,6,0
2771140,45066,15,0
3236355,4889,4,0
3150732,3545,9,0
3278920,16757,1,1
863033,10070,13,1
1364829,13378,1,1
753751,21292,1,1
2590600,9739,5,1
2076321,17617,3,1
266304,1787,5,0
2268216,36522,8,0
3077071,38689,1,1
1651019,45104,5,1
1124957,34969,9,1
3184970,19178,15,0
2653514,19660,15,1
1060367,162,10,1
2935184,32772,1,0
1550363,38928,1,1
1497383,27845,1,0
2381192,40377,7,0
2804990,33198,7,1
272157,24531,9,0
1147702,35336,1,1
2389250,8460,21,0
3254876,36322,10,0
1623570,18465,5,1
2078365,41787,8,1
1057600,12857,5,1
68359,9047,25,0
3205411,46586,5,1
3308769,35914,3,1
1470403,31553,9,0
1942105,21295,10,0
1595055,11520,6,1
2441307,8571,8,1
1853184,41950,18,1
2559910,34969,30,1
2058211,16797,2,1
389115,23953,9,1
2654878,13740,4,1
1528513,44815,6,1
1914875,21841,13,1
1449657,4932,25,0
2764532,30192,5,1
442917,25138,1,1
2835117,44987,1,0
241599,16797,5,1
2133182,30599,12,1
850538,29987,3,0
2192122,17061,10,1
1646436,5818,16,1
1410036,21616,2,1
2503310,39408,16,1
266304,40873,6,0
794134,39108,1,1
2727488,34358,5,0
241131,20367,5,1
740395,5785,4,1
1738253,23484,16,0
1464659,45504,2,1
2132813,28617,1,0
2166045,33731,1,1
274958,5360,1,1
990111,39275,3,0
680209,44683,17,1
1499348,44233,23,1
2019961,34012,6,0
1751169,18439,6,1
2557590,24841,23,0
2463209,260,13,1
1789832,18234,3,0
2755194,19575,14,0
1914489,7862,5,0
2458193,4297,8,0
1545584,30776,4,1
681045,39457,29,0
229951,13176,2,1
3201820,38175,2,0
3090699,40847,6,0
2136204,2962,24,1
610096,30305,8,0
1554650,23645,9,1
834195,22935,9,1
1139616,12357,3,0
2878446,1599,21,0
2987933,7916,2,1
17202,33527,15,1
3266345,13646,15,1
3394307,4297,1,1
2526148,33731,17,0
2163126,16797,23,0
3209084,23427,6,1
3063824,22882,8,1
3087902,15130,4,0
2619914,18200,6,1
196100,37011,21,0
2373767,20600,9,1
3348244,27845,1,1
2136995,37276,24,0
2095240,43724,4,0
1682324,23148,12,0
396126,33787,15,1
1256187,40285,22,1
2217387,7628,10,1
2225490,12816,5,0
706012,36772,10,1
262479,48135,14,0
1254378,31869,1,1
2147845,10831,10,1
2350994,47209,3,0
2210558,14576,16,1
477762,35221,13,1
2150784,2923,18,0
1936308,34270,9,1
1839593,39877,3,1
2639157,27247,3,0
304534,1752,12,0
2700391,28156,5,0
3317334,24964,9,1
1503291,30391,11,1
1051260,42513,35,0
347179,17706,6,1
385526,47209,11,0
2894540,25133,10,1
1972973,6337,7,0
3170499,34969,2,0
700063,5653,16,1
2602913,41220,14,1
130970,30391,4,1
1349364,32265,4,1
1154338,49521,2,1
1315105,5451,13,1
3351729,27759,27,0
2256802,47626,12,1
3115302,20114,10,1
3335921,22833,19,0
328899,5258,8,0
2155094,2180,2,0
523704,49628,9,1
2510711,11422,3,0
3389352,11716,11,1
1075601,29615,9,1
1474644,48559,1,1
2199800,31040,6,0
171147,21137,2,1
73797,13176,3,1
3187282,18373,27,0
3109065,19619,8,1
2644098,8193,14,1
887099,1935,1,0
2279089,44799,6,1
72037,20134,12,0
3139890,31066,13,0
1643430,1104,8,0
850538,43789,10,0
559779,47626,4,0
50904,32281,1,0
398373,49044,6,0
590363,8127,21,1
2630126,42736,9,0
2401647,40355,1,1
116706,12258,34,0
783439,7622,49,1
144165,34969,5,1
1952641,47209,10,1
2164667,27521,8,1
3150642,32689,6,1
3105234,40777,11,0
828608,5479,6,1
2881305,13176,2,0
468349,31342,10,1
1656588,34216,2,1
2003926,37029,5,1
2170762,18606,12,0
2371990,9077,7,0
3018078,31433,28,0
477050,46671,10,1
1783761,21903,17,0
1499348,46842,18,1
1387420,4799,28,0
312055,31717,2,1
3099703,31471,1,0
86833,22935,6,1
2955483,8516,6,1
2300357,10326,8,0
66269,32566,9,0
454536,24413,6,0
3363175,39781,2,1
512709,40256,30,0
1842732,32566,4,1
1851029,22808,8,0
939266,13802,8,1
2281257,44683,12,1
3344009,22475,5,0
1522980,48562,24,0
2571323,35155,10,0
1000881,24852,10,1
1336176,36039,16,0
2082539,43829,18,1
1556907,13166,2,1
192137,36294,1,0
2777798,39619,21,0
2108356,42356,9,0
1717719,43713,1,1
2487168,42450,12,1
1859025,38291,14,0
385526,18072,28,0
302743,22504,6,1
1075378,44142,19,0
682330,32403,2,1
559779,1640,9,0
3147707,10108,19,0
569555,2717,5,1
257459,28688,19,0
1333178,16349,13,0
1025618,13176,6,1
2397739,41544,2,0
489531,20691,21,1
2802696,20940,1,1
360850,24852,1,1
483486,8518,6,0
1718342,35221,7,1
324288,21903,8,0
3112940,4145,2,1
773487,14633,4,0
2022654,19660,3,0
672562,6348,1,1
501174,28985,3,1
1944045,43352,18,1
2232838,9426,21,1
949664,25405,1,0
1141716,781,14,1
1939475,5825,11,0
2385394,24838,6,1
2677385,1215,10,1
3355219,24561,8,1
1589062,31683,8,0
3239348,4605,18,1
2538388,14218,5,1
579378,28139,7,0
42238,19828,7,1
1169293,6887,2,0
2927285,32276,2,1
220136,47912,2,0
2619914,28522,1,0
1651019,3305,14,1
1250858,44761,2,1
1978740,40424,21,1
2676633,14642,2,1
1663324,12872,11,0
2488607,4597,2,0
652382,42731,3,1
1258518,26497,3,1
1853184,37067,9,1
252242,3168,9,0
783243,27966,17,1
121370,196,2,1
3027951,14678,10,1
264042,3298,1,1
1887035,10673,5,1
682330,22656,10,1
150991,25773,8,0
1289147,3957,3,1
1387068,18828,24,1
980098,46979,4,0
3080855,42346,24,0
2901320,14897,3,0
1557804,27966,16,1
718280,38248,17,0
1410036,23979,1,0
2286682,5126,13,0
3239493,24637,4,0
2210558,35793,7,1
1577184,24294,20,0
1457580,5450,1,0
2300002,47900,2,1
605528,26209,4,1
1061207,26410,6,1
844382,20957,31,0
1880695,20632,6,1
1102408,35512,5,0
919944,47209,11,1
2428508,25513,2,0
192794,28647,4,1
1499348,13380,10,1
848665,45066,12,0
2665388,5973,30,0
1396365,34128,3,1
2015039,4932,3,0
3075417,8153,4,1
2691282,27796,8,0
381983,43086,14,1
2925845,47209,3,1
2711485,49267,14,0
111320,35883,5,1
63733,40338,6,0
254834,35202,13,0
2986553,46906,8,1
1387420,34720,23,0
271263,38313,8,0
844315,40604,5,0
3179009,1057,10,1
1564230,23191,16,0
2625155,21903,1,1
3079467,31927,7,1
2859264,3896,3,1
521861,4605,11,0
1902770,21903,3,1
977815,6288,7,0
1387068,23579,4,1
3131410,3682,14,0
3150642,3628,1,1
1687584,18811,23,1
1405140,39321,5,1
1185205,39663,7,0
1652163,11865,14,0
1123946,5161,1,1
1394039,3957,5,1
1902770,20015,4,1
2402579,39275,8,1
254834,24811,41,0
3127816,30169,6,0
2024457,24053,11,1
1533920,10246,4,1
1259020,42768,7,0
2150784,45495,17,0
2885484,44632,31,1
3105906,28123,19,1
1235653,9387,3,0
2428333,32347,9,0
3351729,17080,22,1
774036,19604,2,0
2353590,13176,2,1
2756805,44142,2,1
1823245,28290,6,0
2181285,16953,3,1
2215327,24413,5,1
1126474,20114,6,0
3179009,44116,1,1
626848,27316,8,1
1735588,28277,9,1
2644098,248,15,0
300350,18761,8,1
1466816,43749,24,0
2732170,21137,17,1
265110,41651,1,1
1187964,13176,5,1
3127816,30391,13,1
352569,39657,7,1
1334464,43530,1,1
2359531,27913,2,0
3041971,40063,7,0
238401,22089,9,1
1561320,11352,4,1
596253,39097,34,0
3228318,15519,8,0
2370500,196,2,1
1008748,48628,5,0
2805601,23719,4,0
193077,46667,8,1
1276842,4605,9,0
450921,36695,6,1
378711,29345,7,1
1099441,26209,20,1
1733246,6377,6,0
368123,21417,12,0
2011916,30744,3,1
2944702,42244,13,1
196949,21573,1,1
2756692,20590,2,0
458292,25466,22,1
2747426,42265,10,1
599011,18818,2,1
1613587,24024,1,0
1164053,15984,9,1
1968047,260,9,0
251228,18323,3,1
934989,9175,5,0
452100,43409,10,0
2051355,42733,7,0
173886,42803,4,1
785257,38093,15,0
1288291,6383,11,1
1387068,42828,31,1
1075601,25544,1,0
2408621,38430,5,0
1182376,25598,13,1
1844833,19051,6,0
1114743,19049,3,1
2571323,18439,13,1
2786733,35451,19,0
670050,24852,3,0
2214483,2078,6,0
697845,3887,7,0
1494932,12427,3,1
1387542,9837,3,1
2143881,5750,28,0
2059029,27346,10,0
3367675,13575,2,1
3291523,15290,8,1
413757,311,6,0
2586073,5077,2,1
257459,23535,21,0
2042657,17429,3,1
3295994,48775,19,1
1157080,47766,1,1
2934073,35951,12,1
103710,17183,8,1
253902,8242,3,1
241502,33731,11,0
2876579,42732,7,0
2798717,21158,6,0
838752,2921,16,1
2665168,47547,10,0
3093286,38192,6,1
3282841,33747,10,1
2397162,42118,10,1
681503,1356,35,1
3249930,11759,2,1
1635798,22053,11,1
1387420,28289,12,1
310272,397,7,0
2469417,36766,1,1
471000,31040,13,1
2928697,24263,7,0
168765,41950,9,1
3348093,8671,2,0
871430,44014,12,1
1466816,17600,28,0
723489,49298,23,0
3015576,20697,14,1
1614888,32175,2,0
2225416,13176,2,0
1478388,1598,11,0
519720,17454,5,1
2247062,24852,2,1
2133610,38689,1,0
1505704,40604,20,0
2557243,47766,2,1
3007535,38837,4,1
1846923,46448,8,1
1522980,40945,18,0
577493,24489,5,0
1840502,4461,3,1
91344,24955,15,0
967712,13575,6,1
914625,45007,18,0
1611529,47500,9,0
2160510,35898,11,1
1077640,47209,6,1
2564285,42265,19,1
3063824,42829,4,0
2844860,39947,2,0
876775,16521,15,1
707416,6341,5,1
2901579,11182,4,1
1913147,38772,4,0
1727294,28169,9,0
199504,45066,6,1
960662,35535,5,0
3290548,2280,3,0
1431329,24964,3,0
292560,27781,15,0
1182376,16349,11,0
500276,43789,5,1
2252000,11740,5,0
171147,25640,1,0
2485554,19398,3,1
2156208,29195,1,1
134131,4374,2,1
1082576,47403,19,0
2740781,46802,15,0
2966362,13113,9,0
47065,1202,8,0
1643851,5785,3,1
1116683,44112,37,0
110781,34450,8,1
86833,11109,1,0
1522980,7806,20,0
570875,32864,13,0
595726,40878,18,1
171782,40706,4,0
822194,4605,11,1
3105906,47209,10,1
1902528,35749,9,0
2610321,1804,5,1
850538,28195,11,0
917876,30117,7,1
2195705,47626,2,1
177586,46572,2,1
3367675,16797,1,1
3322523,35547,16,0
2229154,14726,12,1
221974,13838,3,1
657351,45946,8,0
494332,21288,4,1
2677385,47766,3,1
666714,27973,6,1
862218,16797,17,1
381983,16521,18,0
657584,23375,13,1
2013242,35702,2,0
936732,17791,2,0
1349086,49235,7,1
1887238,28289,15,1
2944451,30379,2,0
2939358,7503,5,1
2457577,37145,1,1
967333,45066,22,0
1118339,32665,1,1
2687178,47626,3,0
1943996,34355,2,0
503029,39275,4,1
350234,47717,10,0
60221,17397,5,1
1661664,22115,10,1
2880994,6291,10,1
1550297,25587,5,1
724730,17038,2,1
2645234,17183,4,0
2689328,38948,26,0
798947,46667,8,1
2823045,9171,6,0
2511975,25146,2,0
1236944,8479,7,1
1677644,17122,3,1
941780,24852,2,1
865259,32691,7,0
597717,39947,5,1
136569,40486,9,0
1124957,24810,7,1
2244165,16797,25,0
1738253,27966,10,0
2063248,16747,5,1
1220920,27681,8,0
1880695,26209,4,0
2677385,5206,7,1
328899,32566,16,0
3285602,35951,1,1
2337738,26790,17,1
1256187,37776,8,1
2380771,46256,5,0
771747,19455,5,0
565929,20052,19,0
3080285,13245,4,1
252505,12572,5,1
1286929,19660,1,1
1516651,47044,4,1
3057611,10467,5,1
837980,39275,10,0
2559924,49683,2,1
2135221,15399,25,1
3316088,11560,6,1
3254876,14863,8,1
1286929,15649,5,0
3316698,21847,18,0
240098,20067,1,1
1049203,24852,13,0
1682324,45007,16,1
1542120,47209,3,1
2882456,44359,15,0
3093286,8186,7,1
1077237,41545,1,0
3031625,29898,2,1
1334464,33460,7,1
2064818,44310,9,1
2284814,26047,9,1
1956927,17652,1,1
1718342,49005,1,0
1075378,21142,16,0
2756805,26209,5,1
2111456,48637,7,1
960662,22726,16,0
1049203,2091,15,0
3030740,7808,6,0
162912,44560,1,0
2075838,10017,1,1
3109703,45007,15,1
1826359,43047,6,0
1830289,37374,8,1
384823,5856,9,0
127198,17835,5,1
2526148,19006,9,1
3299935,19953,3,1
934989,20769,10,1
3040238,6724,12,0
1623561,17794,7,1
116706,15143,32,0
2409711,21150,8,1
2708844,6104,4,1
565929,13819,10,0
771747,13176,10,0
2621257,49484,2,0
1117634,39108,5,0
1294352,11520,4,1
114300,46969,9,1
338788,30219,9,1
2014120,890,20,0
1711489,12745,10,1
2565156,21938,4,1
2707549,39430,16,1
2024765,14084,1,1
2489728,24097,1,1
3327579,5383,9,0
1513797,22218,8,0
1893236,32579,1,1
2458193,11777,3,0
1559269,30949,4,0
2428508,47702,6,0
300350,43768,4,1
2371990,27172,3,0
1182376,12745,12,0
1489228,24838,5,1
2905635,17915,1,1
2556823,31824,22,0
2080762,7412,5,1
1925370,10310,3,1
1658400,42746,14,1
704415,28993,10,0
569555,44375,6,1
2690429,2118,2,0
3347815,4137,9,0
3235817,432,4,0
1581676,41290,8,1
1488067,17316,11,1
499849,49235,5,1
246119,17706,18,1
1387542,8501,4,1
2210583,14197,11,0
1425482,5438,13,0
150329,23432,17,0
3230188,26165,5,1
2769970,46505,15,0
3131443,33956,1,0
1661256,2108,2,1
3184970,38371,19,0
1332485,23177,1,0
2115404,5612,1,1
398840,24852,7,0
3035345,11610,8,0
1526026,31847,2,0
3184970,6331,17,0
3067962,12748,10,1
2071079,10656,6,1
1993829,26604,5,1
1454013,42110,30,1
2446100,2556,5,0
388564,4605,1,1
2164667,5006,2,0
280101,48707,5,0
945142,19760,3,0
1930124,21417,14,1
878047,16994,4,1
2678456,6046,6,0
2275775,19678,12,1
1015479,39504,6,0
328187,8467,17,0
2409711,26634,12,1
1235653,45965,2,0
3150732,16387,12,1
3280215,26800,19,0
403388,31285,8,0
458292,49608,7,1
2182976,40992,4,0
1291302,39581,12,0
3307144,14335,7,0
2742639,2192,6,1
3137744,36036,3,0
2280357,24852,1,1
629644,23054,4,0
3348093,4461,20,0
706641,43713,13,0
1752418,24184,2,1
2040407,6935,2,1
534533,19677,6,0
1629881,36042,18,0
3042260,46720,8,1
944152,12703,4,1
1347307,31663,10,0
1916455,49683,6,1
2949496,42768,9,0
2804990,35004,9,0
1384870,24489,1,1
2452649,8859,4,1
3230188,11193,3,1
936492,17419,13,1
2876579,1498,2,1
3341034,9808,16,0
3394819,35951,3,1
896110,1103,5,0
374542,5262,3,0
576652,4605,2,0
1454946,45638,9,0
1646436,13176,2,1
1272352,45066,1,1
3305158,21137,11,1
71668,20175,4,1
2546799,21137,8,1
3067962,40723,15,1
477050,12914,5,1
2433512,25753,25,0
2416667,36342,1,1
2996288,20754,7,1
3360812,3464,17,0
3291523,21847,13,1
2766034,23767,3,1
2555240,46802,8,1
631347,36135,2,1
2215327,8424,14,1
2229154,35124,31,1
472983,40571,4,1
2662158,49026,7,1
3284231,24852,1,1
1429660,2780,11,0
1416227,196,1,0
862218,5025,8,0
996832,29311,2,1
170591,44146,16,0
702050,24852,1,1
691191,22312,13,1
2024422,4942,7,1
1487072,7381,13,1
1099441,24838,11,1
3305158,22963,5,1
514683,7021,30,0
485136,19057,3,1
1855533,48395,10,0
2584585,2314,3,0
936568,44949,15,0
2308495,13176,6,1
2434663,30391,2,0
1887172,47912,7,1
1022897,43995,6,0
331306,31915,4,1
73797,22963,7,1
963159,42307,13,1
1119932,30391,4,0
1912935,12980,10,1
812073,651,5,1
2702142,46206,4,1
2808637,31766,23,0
2379941,2295,11,1
2198243,32854,6,0
2781248,4210,8,0
1528592,24964,2,1
2044769,21626,16,1
2757435,29447,3,1
2961128,6245,6,1
2267100,37436,4,1
2625808,27171,27,0
2371990,34739,10,0
2689328,14753,35,0
129682,39276,4,0
2076544,39408,10,0
617350,5428,3,1
1596151,30233,2,1
636074,45687,14,1
1599424,4656,11,1
257459,16109,18,0
3266345,31915,6,0
1945696,46616,6,1
2556823,27555,23,0
3231889,19057,7,1
634566,14651,7,0
3020811,12341,8,1
1827477,22963,4,0
2973902,19348,7,0
2048045,20017,25,1
1190142,43920,8,1
162800,365,4,0
1449657,42333,8,0
2355779,21616,8,1
133354,31727,14,0
457964,10749,5,1
897415,33198,2,0
760471,19904,1,0
2732170,21938,23,1
612541,27086,1,1
2333968,1463,2,1
3256611,36538,5,0
1779108,40836,2,0
2173141,22935,18,1
2353590,48287,13,1
766248,31553,3,1
3304580,24489,18,1
2473430,38226,23,1
706012,44534,4,0
2917208,49680,9,0
905807,34969,9,0
2245309,30731,6,0
2894540,21663,17,0
642561,23888,11,1
66269,18434,2,1
1737069,6328,4,1
1818666,48628,1,0
610658,29744,8,1
663915,21376,5,1
1877005,42479,11,1
2742568,22395,1,0
2189542,18599,9,0
1511954,6576,21,0
241502,22935,3,1
3086694,204,4,0
605969,24852,2,0
1939475,45646,33,0
2754597,38984,1,1
3350435,23537,7,0
2720594,31717,13,1
228411,1402,5,1
1489820,43724,3,1
2678456,21137,3,1
1361365,34358,5,0
1357444,35695,5,0
2662499,49235,8,1
933662,10761,3,1
644871,40571,9,1
1804219,24852,4,1
821760,49383,8,0
2360288,24489,8,1
3389352,49615,2,1
1892389,24852,2,1
2756537,16589,23,0
1526289,7090,10,0
419475,24852,1,1
1912915,46235,4,0
771747,40992,12,0
3164785,18159,10,1
2817464,20512,15,0
2840337,15664,31,1
2218527,46870,6,1
3231889,744,12,0
1202617,16759,6,1
2955483,19057,15,1
920923,15630,7,1
1290210,47209,9,1
199907,35055,14,0
785257,4920,5,1
3304580,24964,29,0
914214,33787,4,1
2016924,27243,3,1
3147645,5047,1,1
2695585,44042,23,0
1292645,8174,7,1
2180977,31231,3,1
1974283,24009,9,0
1982656,24852,5,1
1484977,34448,10,1
1260174,49075,5,1
1917281,24964,15,1
2630691,6833,5,1
1123946,27845,3,1
1656908,47626,1,0
1049203,25362,3,0
591838,87,14,0
2117923,39275,4,0
3061835,22115,7,1
1680238,33788,8,0
2704653,24852,4,0
878047,20842,13,0
2005896,36735,7,0
1416564,43986,5,0
1416227,21362,7,0
1762281,49044,25,0
229951,12935,1,1
1068657,24838,28,0
2425939,35887,2,1
2785563,47766,4,0
1517745,5388,1,0
500276,6009,6,0
2564655,6046,6,1
2257282,36399,6,0
2018522,49075,13,0
2251040,8555,12,0
2511975,21137,18,0
2665018,43509,36,0
2185235,39863,2,1
745555,47766,4,0
2337738,23765,7,1
1827909,5077,4,1
3306897,21137,1,0
785257,12341,16,0
2653514,20957,22,0
2813132,25623,20,0
1034268,43122,8,0
1235653,1729,9,0
2819185,12745,3,1
1369339,10603,3,1
3317413,14267,12,0
2006423,45190,1,1
921032,38772,20,1
1355835,5212,8,1
370781,21795,13,0
150318,19057,3,0
2919666,14129,14,0
2123268,24852,2,1
1499348,13870,25,0
2894540,17706,13,0
1913926,16349,4,1
150329,37950,1,0
2728571,43352,11,0
1793987,8385,4,0
3040163,11773,3,1
1388619,4087,3,0
441481,41950,12,1
2420794,424,2,0
2617243,49113,10,0
3024721,22035,7,0
2546799,13113,4,1
3062228,16668,1,1
2990855,38033,31,0
1232902,12606,12,0
966502,31371,5,1
760471,27336,3,0
990507,7179,3,1
1533036,6104,3,1
645036,14519,3,0
1015153,21616,7,0
3382838,41220,18,0
1488067,27772,8,1
1183871,19057,1,0
2772916,37646,5,1
821937,8571,4,1
2999794,39097,1,1
1552035,38944,4,1
1747872,11520,5,1
476196,17948,7,0
2564285,16824,14,1
3293014,24964,6,0
2565605,49235,11,1
2322101,3988,9,0
1075601,35096,8,1
3184805,44142,3,1
3149340,11759,1,1
3121414,5646,47,0
3071797,11383,6,0
1499348,4956,45,0
834195,22255,41,0
1646436,47209,12,1
954978,5479,7,1
2961704,12745,1,1
1751169,42475,26,0
3071608,10509,1,1
3111806,14901,15,0
783439,20118,25,1
2645234,23032,8,0
96619,34356,8,1
221468,38444,4,0
150329,30530,8,0
1889264,27104,4,1
490816,36070,1,1
2689328,30720,17,1
819301,26209,2,1
2920762,11913,11,1
3111806,28289,17,0
2255052,11755,18,0
2295510,12341,1,1
626550,4889,13,0
3109065,35181,9,1
2701367,39475,1,1
1040937,31893,1,1
1464659,39275,8,1
448802,3298,1,1
244023,26369,6,1
645036,38000,18,1
2261907,7021,43,0
1762575,20940,8,1
3294210,2240,6,1
1119932,42796,15,0
274958,26876,2,0
86424,37464,10,0
758566,21910,20,1
2315309,10342,4,1
3263553,41665,4,1
2424487,47626,14,1
1548569,1194,1,1
661374,41665,3,0
1549727,47209,10,1
2897069,31927,4,0
3341034,31506,5,0
905807,15009,11,0
2247808,21903,8,1
2708844,49383,20,1
2660949,43295,23,1
3214338,24740,9,0
1336176,22400,31,1
3163059,11574,13,1
1099441,35750,5,0
1038236,25146,3,1
2167593,30756,1,0
192137,40310,3,0
792476,4920,1,1
2817464,4920,5,1
1403307,47141,8,1
142426,28427,4,1
1746488,39275,19,1
480990,38028,9,0
1472280,31555,3,1
2596788,27277,10,0
2251040,35202,8,0
1592021,19445,13,1
180802,33929,5,1
1003683,49383,1,0
199472,46413,2,1
1640639,42265,13,1
1965123,22825,5,1
1338472,6913,5,1
1049568,13331,14,1
2775086,8910,9,0
1155070,5785,9,0
563524,20007,9,1
217059,8230,6,0
1661256,28628,6,1
836786,23219,5,1
2032710,13807,5,1
3049866,39928,4,1
2972721,40571,3,1
1000881,26476,25,0
562466,13176,2,1
1762281,36389,12,1
1034062,8518,1,1
1070034,329,15,1
964339,41787,2,1
3282841,37766,7,1
2338759,17313,6,1
1727085,10385,8,0
1988731,46666,7,0
2136462,18615,22,0
2227011,31789,10,0
2255474,7901,23,0
238621,6213,23,1
2281839,32611,3,0
2238325,15386,2,1
799209,28627,8,0
137923,14858,12,0
3010366,19171,1,1
3003426,41960,17,1
125371,30776,17,1
2488802,29392,2,1
1447541,17789,1,1
1224099,7628,1,0
220136,32316,3,0
1788296,41674,4,1
1987529,2855,13,0
596253,44319,47,0
284189,40945,7,0
127309,37220,4,1
1829141,21903,10,1
500276,16797,8,0
1984847,14678,7,0
2742568,13198,24,0
547540,42265,18,1
1091855,36198,6,1
361260,46485,4,1
1090369,14218,6,1
443664,46667,5,1
3334372,18094,14,1
2771140,16797,14,1
463378,40724,7,1
1759873,26894,6,1
657572,20161,12,0
2771140,43086,4,1
374956,8021,3,1
2805105,23623,6,1
177167,27521,8,1
3294210,20082,15,0
349096,22798,3,1
1253623,23734,12,0
3105823,248,13,0
689839,3464,33,1
1529572,41213,6,1
3149340,15541,4,0
2194774,40925,27,0
2785563,43057,20,0
2005470,34949,4,1
2565156,38383,3,0
2296809,35855,5,0
1661664,36550,14,1
2665388,42903,15,1
239636,12442,21,0
2835192,6704,33,1
862218,35547,20,0
2081562,43352,8,1
45229,49026,15,0
588337,13176,2,1
1853184,29993,16,1
133354,29798,2,1
2315465,7088,9,1
36025,5748,5,0
1821844,34220,6,1
434839,49683,15,0
2129875,33731,12,0
776110,13263,5,1
2966362,11865,8,1
1733750,18465,2,0
446529,49026,1,0
1577829,18171,8,1
217059,32689,16,1
610658,4920,23,1
1907716,31808,15,1
2792505,35208,8,1
283772,22959,4,1
2416667,43662,4,1
3080855,45012,16,0
332928,43249,3,0
921738,21982,8,1
2630126,35108,8,1
2840337,11221,4,0
601540,47977,14,0
1487627,24852,17,1
3171951,29094,11,1
965476,49520,36,0
2846704,35221,4,0
1526289,11461,13,1
3142896,19787,8,1
3037549,49683,5,1
2107075,13032,2,0
963159,329,3,1
1564230,12845,8,1
2868167,38218,13,1
1835873,31726,1,0
2389250,33457,17,1
11109,24852,7,1
2973902,25824,5,0
2064499,22428,11,0
3083813,23165,3,1
1883476,38399,12,0
2277893,42958,15,0
3330405,37464,6,0
2526148,16896,5,1
300350,8277,36,1
702366,30849,6,0
389842,42296,12,0
2036180,36186,5,1
1449657,7948,10,1
1597685,30450,14,0
1955108,27344,11,1
2479756,28080,1,1
175538,47766,4,0
2819848,27475,1,1
1484977,11494,19,0
2475843,11266,2,0
2775086,23986,7,0
394640,24053,8,1
3021088,19816,4,1
2387307,47766,6,1
1513797,13176,1,1
1528513,43398,13,0
2489728,20076,2,1
779559,33070,9,0
1553563,39275,6,1
3146808,13176,7,1
576652,48415,8,0
1782383,33401,29,0
514331,1529,19,0
1124183,36649,1,0
936732,15664,16,0
709560,14764,3,1
3187047,18988,1,1
1299253,40847,1,1
1458310,9839,9,0
1969576,24830,2,1
2547369,27744,9,1
2456313,4792,1,0
2820779,28842,5,1
262479,35750,12,1
1974159,27344,11,1
675410,24184,12,0
954978,30489,13,1
2816373,18355,21,0
965476,7806,25,1
1202722,17794,8,0
1307165,41238,16,1
2261907,34358,45,0
3149924,162,14,0
150930,17771,6,1
1272333,31343,1,1
2089295,42625,13,0
2972514,5785,5,1
631759,22170,12,1
1658400,13002,16,0
2305433,21405,8,0
1355835,21903,16,1
1419274,12316,6,0
1036434,22825,2,1
194063,37053,2,0
1722324,46069,5,1
125371,30494,4,1
3383946,41352,1,0
888990,46313,19,1
3316088,13712,9,0
1805081,25952,15,1
3026087,28199,7,0
3248349,12674,2,0
3236106,12341,9,0
1655279,35547,11,1
437700,7179,9,0
2166849,47601,1,0
1499348,19643,17,1
1947646,8424,4,1
464454,45007,19,0
2192122,41844,14,0
684019,16042,9,1
1741341,43772,3,1
3291523,2770,2,1
2920537,32747,5,1
3228410,24852,3,1
2136462,39977,16,1
2596788,24852,7,1
3000960,23909,2,1
1139616,5876,6,1
184647,18691,7,0
3121414,4276,26,0
880559,38689,10,0
1286646,12545,6,1
1049203,25272,7,0
844382,19006,28,1
2490522,44560,21,1
300350,27104,24,0
416790,33791,7,1
2200059,38128,4,0
3403038,13176,5,1
2032711,18358,4,1
1626307,47766,13,0
3326394,27104,21,1
2630498,43768,10,1
1401110,27966,5,1
86827,12798,13,0
352569,31651,1,1
1871419,45007,27,0
1406847,27336,6,1
1555137,24852,4,1
1051681,248,16,1
3147707,27104,17,0
3082569,47229,12,0
225756,12384,4,1
1943996,2566,5,1
3024493,28465,3,1
1286768,2729,5,1
783243,16521,14,1
3152287,14553,2,1
2071079,37725,9,1
280101,48364,8,1
3389246,40961,3,0
489531,35535,19,0
2894916,38444,3,1
1720723,5373,22,1
3089347,44570,2,1
193077,47626,4,1
1942105,5624,20,0
1224099,8956,15,0
2785563,42240,12,1
2744445,34137,1,1
2920537,3952,13,1
3312919,8057,8,1
3046450,24489,19,0
786918,28472,5,1
1913147,43749,8,1
3163059,20114,3,1
873307,21544,12,0
612625,1897,2,0
1522980,14705,6,0
1972821,35824,30,0
193077,26209,12,1
2919666,34050,3,1
3162398,47229,1,1
1704422,18288,2,0
2022654,23543,5,0
1792947,16675,8,0
1388438,26209,6,0
2756805,46654,1,1
1631808,19173,7,1
1484977,17550,20,0
2735126,1689,1,1
1795794,19049,6,1
3382838,13176,5,1
2798717,37609,10,0
1932533,42768,2,0
1548569,49235,4,1
2416667,15532,14,1
2532667,5785,16,1
757892,13829,15,0
271930,20790,38,0
963159,49235,15,1
1882958,41569,3,0
1968069,6077,7,0
1692244,260,2,0
1003422,24571,10,1
73751,20255,1,0
2754597,7676,7,1
2763786,31506,9,1
2490522,26790,16,1
1887526,47867,20,0
3244509,40571,5,1
1387542,47570,7,1
3327579,29785,2,1
766248,37726,1,1
3131722,5114,8,0
2685683,41149,15,0
1458310,25890,8,0
983608,24852,2,1
2166045,24830,7,0
3111806,33089,14,1
2946287,34254,11,1
398589,27521,7,1
1744809,43352,1,1
489531,20869,20,0
3060597,38562,4,1
1371693,24830,5,1
1120676,34126,3,0
3073001,27845,9,0
1466816,41220,22,1
3003426,13176,11,0
1260794,34525,1,1
2918840,19678,4,1
1014751,37553,1,1
1195476,39877,1,1
1416564,41400,6,1
2274702,27344,7,0
2775301,3519,7,1
605528,12914,1,0
631166,34496,11,0
1468264,329,3,1
3330734,1999,3,0
1449118,1429,2,1
2766034,6724,6,1
3142940,45803,2,0
2036528,11819,2,0
1685830,13176,2,1
2741121,37096,5,0
519720,37029,6,1
2654878,45007,18,1
2281494,34065,1,1
2390104,11408,1,1
2533898,21137,8,1
2142410,49236,3,0
2720594,21938,4,1
604853,43209,2,0
1093123,41007,12,1
1334464,44129,2,1
2795831,24852,7,1
121370,44813,5,0
758566,34993,11,1
1589758,41966,16,0
2196924,7139,9,0
170591,9171,6,0
1855533,30806,16,0
2384861,22882,14,0
2698690,21903,10,0
811116,25916,7,1
2592838,16168,10,1
3099703,15592,5,1
827496,2915,14,1
1727432,27845,2,1
1320633,35731,1,1
1049808,13176,4,1
1336176,44396,19,0
2659205,26040,8,0
2644098,1529,10,1
2132959,30489,6,0
2270792,32170,7,1
503120,13176,6,1
2164528,28156,12,1
1505704,45007,13,1
1145880,49054,4,0
3024493,19057,11,1
453928,47766,19,1
2164400,13249,4,0
700820,9076,21,1
1887035,36070,7,1
1652163,39928,6,1
2894540,28476,14,1
1488067,27582,9,1
1207838,27966,2,1
2751644,7021,7,0
506744,16185,6,1
2893017,46906,13,0
656465,19102,6,1
1027673,32478,6,0
1038236,29506,1,1
3420574,30391,16,0
1207838,35951,8,1
2229154,16826,14,1
1564230,10749,2,1
1814225,22935,2,1
2215327,47626,3,1
3021561,18434,9,1
300350,30291,23,0
1811607,12562,5,1
117384,45007,23,1
1902528,25843,24,0
3327623,47463,20,0
732952,13819,8,0
2194119,21709,8,0
2412532,39558,5,0
878028,4846,15,1
1812543,10864,3,0
2211372,23288,3,1
1925778,16726,6,0
2708406,42515,8,0
3169725,34809,5,1
3303551,32548,4,1
1611529,7179,12,0
2944682,17568,15,0
2796075,14867,13,1
1228353,6437,1,0
1973075,1117,1,0
466286,41220,2,0
880475,33845,3,1
664478,39002,9,0
3170499,29987,4,0
2788220,13966,1,1
2227347,36011,10,1
2289834,11512,2,0
332928,37065,13,0
1369339,25466,6,0
1405219,48723,3,1
3312729,39877,6,0
1901608,25133,11,1
2406616,47672,7,1
2691982,25108,1,0
165772,38236,1,1
1693799,33664,19,1
2346211,14429,7,0
757892,23734,12,0
2987933,35221,6,1
2253067,24184,6,1
2553531,40199,11,1
1386739,42352,4,0
681045,35752,14,1
699612,40516,3,0
486444,4951,13,0
3226289,42244,1,1
596253,14168,33,1
1887035,22340,2,1
1347307,34720,18,0
424321,42309,1,1
1340693,34969,4,1
3137789,33147,3,1
2742568,44873,9,0
235689,15290,1,0
3223250,13885,12,0
2473430,44989,7,0
2150579,32325,6,0
2242113,30850,6,1
2308495,49383,1,0
801927,5785,1,0
1371466,24954,4,1
952338,33352,5,1
2180898,41950,4,1
965476,28985,3,1
2852531,8467,12,1
3107160,18352,4,1
2323728,37011,8,0
27159,31553,6,0
717916,485,12,0
2048045,25890,10,1
14647,22882,9,0
1131751,43087,29,1
2224448,11741,7,1
241502,20583,4,1
1616735,10246,23,1
3110383,25197,9,1
3000960,13423,10,1
116932,8956,9,1
343262,36412,2,0
1045108,28465,6,0
3003426,28476,12,0
402916,16797,4,1
2148951,1416,5,1
523544,9076,1,0
930570,29574,6,1
1887172,4920,1,0
2557243,16797,7,1
3082890,41065,2,1
1576736,38739,15,1
1256187,24826,17,1
1722324,47209,7,1
996696,13176,6,1
3035320,43534,7,1
1454710,32691,3,1
2766034,2120,2,1
2066035,43352,2,1
567143,21195,2,1
2830613,28204,3,0
815201,19227,31,1
2452442,38440,3,0
2850095,11154,7,1
1646436,27966,10,1
596253,8506,65,0
1514125,46697,4,0
494518,23383,7,1
345948,33016,7,0
230474,23192,17,0
3105234,17155,12,0
1423063,29553,17,0
1326118,35939,11,1
1214922,43409,4,1
3231889,18918,9,0
999612,45066,2,1
1913956,4493,5,0
353013,15803,4,1
1036344,5077,1,0
453928,13269,33,1
324877,24830,25,1
1954808,42388,7,0
210779,15906,3,0
2722178,7746,14,0
2021378,5077,2,1
495206,23687,18,1
525542,37220,5,0
1840502,47766,1,1
1687987,39928,23,1
2938137,17795,10,1
2949136,23852,6,0
1486407,10374,2,1
2605890,13176,1,1
3034547,26283,21,0
863313,5621,1,0
370781,21115,2,1
2556823,27344,19,1
2103550,48697,7,0
1762368,19660,3,1
1791426,4478,4,0
1990364,38689,6,1
2689328,34254,29,0
2971850,29718,3,1
988586,25890,3,1
3383665,42265,6,1
206747,48549,4,0
389604,5496,1,1
2640024,33198,2,1
254834,436,8,0
2003926,34358,6,1
1785392,28593,6,1
1855533,16868,4,0
2471773,46979,6,1
2709791,29898,6,1
655929,28535,1,1
298801,47900,10,1
935393,7751,5,0
3350981,24852,8,1
1951347,9444,4,1
1075378,25588,6,0
1388619,42557,4,1
2481803,15392,7,0
1431686,31730,5,1
471000,12341,7,0
3236106,20327,23,0
2048045,38159,7,0
2076544,17122,6,1
2402579,27966,28,0
168765,16759,4,0
2406385,26940,7,0
2489728,5025,3,1
727225,7631,5,0
3005107,17616,18,0
1506554,40078,6,0
1838884,35939,3,1
1100587,30064,2,0
1069069,669,8,1
168765,31720,1,1
3112940,21267,1,1
2143881,47209,1,1
499849,9808,3,1
3121414,45840,13,0
1431329,44632,8,1
1581676,13194,28,0
3262488,24852,6,0
2281839,8339,2,0
1085241,21137,9,1
298801,17461,12,1
1290288,15599,11,0
2322881,46413,3,0
868373,44570,2,1
2291674,34497,14,1
2434663,26350,1,0
2857529,9510,13,1
3332452,8859,2,0
1877005,15981,2,1
2925919,8381,12,1
2778652,1032,26,0
2029709,17224,9,1
2136995,39037,5,0
920923,3957,18,1
863388,5970,1,1
2666460,33024,1,0
3365821,16249,4,0
44186,45464,2,0
1288404,14881,13,1
3018078,6210,23,1
2816787,46045,4,1
1949434,6184,3,1
2465563,49567,7,1
2564285,27845,9,1
1820455,11576,3,0
2110265,44368,6,1
1627949,26751,34,0
844382,3957,29,1
1859025,8767,8,0
2506258,19706,3,1
1284203,11773,18,1
3046450,41065,7,1
2122045,32478,2,1
1124730,47209,2,1
3419011,14332,10,0
562799,24098,8,0
1260174,37642,3,1
2689328,33198,1,1
3324758,38729,5,1
195672,3334,6,0
1762281,19613,27,0
548298,31378,7,1
415162,459,9,1
1473441,10125,8,1
805051,32177,6,1
1711489,24852,7,1
571821,37766,8,1
3361234,35951,2,1
1335220,14596,1,1
313547,17794,2,1
2800168,8645,7,0
1505204,41290,2,1
2245309,25146,18,1
2227836,3913,3,1
1197822,14711,7,0
643530,24184,3,0
2147222,14491,2,1
381983,24830,19,1
70703,22935,10,1
3289010,33602,1,0
801889,26604,6,0
2839062,16349,20,0
2899063,18838,3,1
1978186,43772,7,1
963204,38248,6,1
745555,389,9,0
113729,2205,24,0
2172468,2295,15,1
1782383,13176,3,1
880882,11201,5,0
2013242,29064,29,1
1363423,13829,10,1
95390,32740,5,1
2920004,21949,1,0
2709752,35986,2,1
2067931,48190,15,0
2795831,21596,22,1
1230161,35221,3,1
628977,40706,10,1
3146808,5114,1,1
225756,34262,12,1
1627949,18152,28,0
36814,24852,7,1
2596737,16385,2,0
1214922,12986,3,0
3208314,27690,7,1
3322523,5134,4,0
2835192,44486,43,0
3261850,13404,2,1
3308884,30391,3,0
107711,49079,1,1
228411,38456,20,1
962514,33913,2,0
2064499,878,14,0
2754800,28601,13,0
86424,13176,2,1
2125808,10644,4,0
389604,3721,5,1
966104,45064,2,1
1978509,17794,5,1
1812579,23909,13,0
1735250,27360,3,0
980098,20186,9,0
328187,13176,4,1
161752,21903,10,1
1655216,42110,15,1
1741341,21137,1,1
1449657,47233,18,0
1284203,6348,14,1
1517745,34358,3,0
1731576,31640,5,1
1659066,38051,3,0
610096,46979,17,0
3015464,36944,4,1
1775698,20955,2,1
3186408,21543,24,0
3062228,41148,5,1
188647,40691,11,0
3344890,33090,1,1
2581945,25890,3,1
936568,5322,20,0
2312873,27044,6,1
3310613,35886,1,1
2209840,47570,7,1
2798717,32599,9,0
498596,42701,11,0
2198199,36127,1,1
3214011,29926,23,0
2789485,33301,21,1
86827,40706,17,0
3264461,13153,4,0
196100,8728,37,0
3295994,24852,5,1
463378,24852,9,1
2517022,45007,15,1
1876711,28985,2,1
33041,18599,19,0
3149924,13176,4,1
1944045,5020,1,0
1371466,46842,5,1
3069327,41665,5,0
2358365,24852,1,1
2255474,16797,4,0
987550,21405,7,0
652693,42978,1,1
621485,12341,5,1
2550215,33735,15,0
2880994,19348,8,1
1974193,17207,1,0
2296370,31208,10,0
573921,24852,4,1
2328979,33000,4,1
1494626,19057,2,1
1842600,9339,6,1
1526289,49082,18,0
3348093,23291,21,0
411643,44533,10,1
237329,21137,16,1
2938137,13870,2,0
217334,37067,23,0
145025,37646,13,1
2209840,38127,13,1
293129,16797,4,1
86827,13829,3,0
2760445,33021,2,0
2571323,41419,7,0
2866522,41950,12,0
954978,45682,9,0
170591,44910,10,0
491077,16759,7,1
2282581,26209,37,0
3110383,8277,8,1
1099266,45125,8,0
3242653,4421,1,1
2192122,2078,22,0
1552183,39468,11,1
2894199,36200,1,0
26932,30776,4,1
2313494,2164,9,0
1552183,744,22,1
1333178,44142,7,1
1677585,25533,4,0
3084119,28842,3,1
1733143,27086,2,1
379341,29311,6,1
1194122,46041,3,1
2584355,14678,7,0
2003786,34243,6,1
2397146,24799,10,1
1454946,32455,7,1
2973902,23719,9,0
2731047,277,1,1
2781237,49481,21,0
1595055,4920,27,0
2261907,16757,5,0
2167593,25133,11,1
3098070,42359,17,0
2450636,44632,6,1
2836139,40166,11,0
2557590,1559,15,0
3198954,39794,1,1
2544855,27171,4,0
3055981,25659,5,1
1842600,39001,9,1
2203182,11688,7,1
1129548,42768,9,0
1711075,31467,4,0
1194599,1217,5,1
1785137,24852,2,1
102028,14332,11,0
1871419,5077,6,1
2743515,24909,4,0
1795794,24082,8,1
831292,16797,3,1
2439714,3682,4,0
2728389,5025,3,1
3131443,28289,5,1
356027,19348,2,1
735618,24852,7,0
291265,27156,3,1
2260343,12816,1,0
1988526,48226,1,1
989852,6348,8,1
458815,16254,10,0
2191324,329,5,1
1035489,28985,4,1
120460,37229,8,1
1527773,28931,7,0
3280215,39877,18,0
1662560,34050,2,1
1414776,14715,2,1
2664508,31830,7,1
1296027,15290,5,1
1067973,21137,4,1
388281,8277,14,1
1894145,13176,19,1
2835192,29334,3,1
2164400,5737,9,0
1356263,17207,6,1
2681105,36792,3,1
1727432,7206,10,1
2707549,35221,4,1
3036419,6489,1,1
3386657,36550,18,1
1454013,21903,15,1
3401357,25890,25,1
2644098,32465,20,1
1586587,4210,3,1
1136966,11520,13,1
2664508,27196,3,0
3348244,10749,20,0
1682767,16732,7,1
3166073,5194,8,0
2358365,39046,11,1
2659205,46041,12,0
1636812,12315,1,1
783439,13219,23,1
599925,19660,2,1
2515614,38159,13,1
3073593,48197,1,0
989011,44342,8,0
3041171,40604,3,1
2075436,23888,2,1
927019,7131,5,1
1218279,47766,4,1
2170762,4376,14,0
1627949,12419,25,0
170591,17149,15,0
2511677,6000,7,1
1320817,33120,20,1
165351,47209,3,1
2610707,22106,6,1
1623561,12206,1,1
1355005,27744,3,0
2957935,24852,6,1
831290,32792,9,1
904935,19660,6,1
828608,18670,19,1
3141610,12107,6,1
2148176,43568,1,1
338788,7963,25,0
465660,30463,8,0
60221,25783,2,1
838752,39275,5,1
3164886,36165,5,1
116706,25931,29,1
446689,22935,6,1
3109065,40028,6,1
328187,35140,22,0
1174742,24117,2,1
2180898,47658,5,1
498596,33984,8,0
2974126,40706,4,1
873975,17948,4,1
2318047,5876,1,1
2593556,8631,7,0
969494,40868,2,1
504142,12919,4,0
2856752,39725,4,0
316126,6046,5,0
1143897,4799,1,0
458292,32911,23,1
460946,24497,3,1
1202532,4920,10,1
214118,5693,8,0
1524173,5746,8,1
2417959,43654,8,1
489531,47766,2,1
2163126,23726,30,0
2206961,32177,3,0
922868,28634,4,1
385526,48385,20,0
1127125,38777,6,0
2483262,19600,4,1
1232372,46941,3,1
1581676,30233,19,1
2972514,9507,6,1
895261,2983,8,0
3232819,35461,28,0
2691282,29487,11,0
3027951,27966,6,1
2024553,37496,13,1
1795794,32578,7,1
1362807,29669,17,0
2303842,15613,4,1
2473430,28834,12,1
1561762,43631,4,0
117384,43352,12,1
3083813,39812,2,1
1648363,11737,2,1
2428333,42315,1,0
3364977,12395,4,1
2390337,5077,5,1
2685977,27104,2,1
3267482,9424,4,1
648983,43445,3,1
1492028,45681,4,1
1795262,44912,2,0
2242113,45633,14,1
2235911,10120,4,0
3270807,22935,5,0
1902528,47977,14,0
1051572,21295,6,1
394700,22275,10,0
3079467,36550,1,1
2306743,19508,6,1
535392,1511,13,0
2218527,16014,7,0
3217995,31392,5,1
83824,4837,1,0
196208,10025,11,1
174351,30751,5,1
2474129,2519,7,0
3024721,22935,11,0
3418279,40198,2,1
1497383,4541,2,0
274017,9034,5,0
2529955,37638,11,1
663573,44830,2,1
1276842,44359,11,0
191815,21903,3,1
2766567,10521,4,1
180747,42384,6,1
114006,33787,7,0
783439,27344,5,1
192997,14726,7,1
141493,26369,1,0
1652163,11534,7,1
202979,2391,7,1
2242379,48473,3,1
1785392,46805,17,0
2830613,18382,7,0
3152287,28199,6,0
137923,34321,19,0
1772732,25466,4,1
2727488,16759,6,0
1343846,9808,5,1
3034547,1376,4,1
3093386,5621,2,0
1627020,29926,4,1
328899,48560,15,0
2689537,16953,19,1
332928,43643,17,0
591838,38772,22,0
566466,12541,17,1
2125080,49683,3,1
163450,35535,5,0
2702142,13519,8,1
805051,8277,7,1
2850095,17252,4,0
2191666,6576,3,1
1649218,41065,4,1
2490522,47792,20,1
2137071,6046,13,1
3048649,1774,3,0
1998614,22260,4,1
1890847,21903,2,1
509960,48364,4,0
1954808,24852,2,0
618301,22260,6,1
233957,4957,2,0
1564691,41787,3,0
3034547,18599,15,0
605231,40632,7,0
827496,40834,12,1
1360955,21903,2,1
431815,7021,19,1
2589051,34239,6,1
2402579,48485,36,1
578257,27829,17,1
2928697,38374,2,1
1925201,4086,4,1
1762202,22367,7,1
1944045,6343,24,0
2905635,11712,4,1
2882456,26209,21,0
1642416,9756,13,0
748572,26152,4,0
2096932,39544,1,0
1535542,27959,8,1
2194774,36386,26,1
2493569,47144,2,1
440365,24429,7,1
3335921,46667,8,0
976527,3952,9,0
1818666,15803,9,0
3015576,16823,17,0
947771,29447,1,1
1338472,13966,8,1
469850,48523,13,1
1550297,21137,21,1
1284203,4091,34,1
2961704,15592,10,1
3126388,49247,9,1
925807,42768,1,0
2232838,22935,8,1
1131751,35076,38,0
2024457,23734,5,1
2396863,28985,11,1
1284203,11362,43,0
1835895,10863,12,0
1499348,49478,24,1
811478,13176,3,1
3208314,31263,15,1
3084119,20114,1,1
2249917,35622,5,1
2117923,32679,1,0
222331,19057,4,0
1179677,28785,1,1
2891179,6468,10,0
2245309,35121,19,1
2511975,38383,6,0
1913926,20869,3,1
1074648,11256,5,1
3061835,26209,16,1
1077237,14147,8,1
1194122,13042,4,1
3100296,23594,8,0
1075378,13280,12,0
1693799,19763,26,0
2845757,27179,4,1
328137,35629,8,1
1290148,48370,5,1
923285,4844,12,1
2859264,5068,8,0
905807,45013,5,1
1047784,4605,12,0
114006,37646,1,0
681045,6873,4,1
1782383,43122,24,1
272279,5405,12,0
2728640,274,12,1
2920004,31683,4,0
2625403,10246,5,1
1424807,43504,9,1
117384,21903,21,1
123061,37453,6,1
1284203,22788,38,1
2472890,31717,14,0
2588432,33125,24,1
192794,1700,12,1
1343846,17429,9,1
1957014,45957,11,0
1900095,21385,8,0
2927285,30391,3,1
2787070,8277,22,0
3115104,27885,4,0
3202670,2108,4,0
1395644,29826,18,0
726044,6740,11,0
2409711,47209,16,1
2739052,39409,1,1
2887525,38508,5,1
2868167,18747,8,1
1466816,10246,15,1
3024493,40063,17,0
1117634,26138,4,0
2078365,30252,19,1
815201,16797,14,1
1263927,42445,3,1
657584,35004,15,1
2024553,12395,8,1
381983,37966,24,1
1643538,5194,15,1
605528,20734,10,1
739226,34551,1,1
2436244,45149,4,1
168087,24852,9,0
323588,17902,1,1
1492372,20126,11,1
1329403,13176,3,1
1090369,45445,7,1
3405385,9459,27,0
895261,45007,2,0
1051260,1546,19,1
1840774,24852,11,0
144790,47209,1,0
39920,14586,3,1
3105234,26604,4,1
1449409,33568,3,1
50904,6760,4,0
925807,47601,4,1
2319195,38890,4,1
1800111,18531,7,0
1190777,29837,14,0
1913926,4486,15,1
114772,31805,10,0
2625403,38779,15,0
3176061,27885,3,1
670050,21137,6,0
3000449,13023,1,0
815201,19283,42,1
461915,44987,35,0
1656588,17191,4,1
1051015,18531,7,1
730064,43961,16,0
1333178,39475,2,1
235896,19660,1,1
3236082,14414,2,1
316126,47209,4,0
2125285,39958,1,0
1880695,34466,2,1
888990,49356,17,0
1051260,49113,12,1
774362,6141,4,0
683286,27521,2,1
1083491,20280,2,1
199504,37508,2,1
3360812,30563,11,0
604265,9634,12,1
2136595,43490,22,1
2796621,33000,5,1
2092058,42265,8,0
1511954,26119,24,0
1085241,30290,11,1
1190142,14127,5,1
3214660,47087,2,1
2111255,38200,3,0
1078578,47672,2,1
769376,47042,6,1
155569,16334,4,1
862218,45938,1,0
1910275,9839,1,0
1733750,18918,15,1
1099266,24852,1,1
2880994,43662,2,1
1819341,14634,3,0
3360812,13263,6,1
2110265,44580,12,0
2133610,40545,9,0
1434063,28849,12,0
2888702,38068,3,0
1068657,30489,3,0
3397963,40545,5,0
251228,10621,2,1
862218,9076,13,0
3035320,20738,5,1
2766034,9829,15,0
1524084,45084,17,1
2668650,1757,2,1
896520,24852,1,1
3141610,42296,14,0
769572,13870,11,1
881848,31342,1,0
1828856,6815,7,0
1416227,14346,3,0
1329403,30233,6,1
1424807,48364,5,0
2522824,27966,7,1
1708530,29668,2,0
1637564,47626,1,1
2211372,45258,10,0
2471799,38928,7,0
1936769,37646,11,1
1395644,5876,28,0
2944702,41787,14,0
2279089,33894,9,1
891807,32842,8,0
1449657,39441,16,1
1846923,41640,9,1
3010815,24852,7,1
2335426,5699,17,0
2504259,19660,2,1
1094608,33041,10,1
150329,16188,16,0
1321074,30918,1,0
2754800,14678,15,1
1496025,27695,8,1
1459505,44987,3,0
787100,11087,1,0
403179,23041,14,1
1478388,40011,13,0
644871,30135,7,1
3160696,44625,5,1
596253,19603,58,0
1589062,1940,6,0
1810752,17316,1,1
116933,9839,5,0
38385,26162,7,0
2490557,6347,1,1
2210199,46304,6,1
2835189,18288,12,0
2147845,41220,21,0
949756,24852,3,1
1619435,7877,11,1
518627,24118,11,1
1827308,12207,4,0
2021378,22825,9,1
1643430,13176,2,0
2684747,10017,20,1
2966362,27737,15,0
1143897,26209,3,1
1846693,25630,5,0
196100,41755,20,1
518917,31066,3,0
2413113,17526,3,1
1506554,1408,3,1
2730520,25513,4,1
2207008,32463,5,0
2112315,23032,2,1
2971594,31663,1,0
1080363,39581,1,1
129158,47766,4,0
2805105,10246,10,0
2753617,9203,9,1
1202722,35166,5,0
2720594,30391,12,1
1835005,35951,13,1
264042,4377,7,1
431815,13176,11,1
1201914,24852,3,1
782847,6347,18,0
2255474,14168,16,1
3035474,863,3,0
3134439,42205,14,0
562799,17789,15,0
2475843,31759,3,0
2581945,38984,16,0
976527,7515,2,0
2284814,16797,8,1
2695585,27062,10,1
3308884,13497,6,0
1817245,49235,14,1
1782328,13984,18,1
2142410,20842,5,0
854246,17332,1,0
2063315,3479,22,0
3063824,49114,14,0
675410,4347,2,0
380105,26604,12,1
2709752,31533,11,1
3139890,42075,12,0
2653514,13176,8,1
2922587,40146,3,1
230474,45104,2,1
921032,18370,17,1
2029709,35221,7,1
3413698,28849,3,1
3009500,4210,2,1
380105,49215,27,0
2136462,3951,18,1
966104,24248,6,1
87337,37215,3,0
1057387,12357,9,0
1548278,11520,9,1
786546,41570,16,0
2704653,8087,9,0
461915,17985,16,0
3316088,1172,8,0
1749126,21442,1,1
2840337,36527,2,0
412496,46979,1,1
3230918,18487,4,1
2006423,39922,3,1
771747,19348,7,0
552595,25931,3,1
1532304,27104,4,0
2533898,43352,15,1
1184270,22400,3,0
3292431,939,7,0
3351729,1215,29,0
1127125,311,8,0
1507371,49175,5,1
3110118,32605,5,1
1217501,38689,7,1
1388442,41290,2,0
220136,17158,1,0
101182,22935,1,1
1336176,30492,10,0
1395644,45311,6,0
1475762,397,1,0
412328,29487,1,1
214118,15649,7,0
2724507,44632,2,1
3108715,14385,3,1
1968047,38838,1,1
198523,40969,13,0
546893,35365,7,1
1332485,37646,3,1
2041728,7493,2,1
86827,4605,21,0
1687987,47626,8,1
141134,38557,24,0
2883041,4210,9,1
314706,42342,11,0
1589126,27662,2,1
3300865,32029,14,0
1782328,48679,21,1
417211,24852,7,1
1805081,8590,4,0
1402999,26384,9,1
2222426,13176,9,1
2117517,47626,7,1
987550,2228,2,1
1290210,24850,17,1
1827308,23622,8,0
2353590,36714,10,1
3198954,18441,10,0
141134,47415,33,1
1316992,49683,8,1
3037549,45437,4,1
2773817,18727,9,1
2929115,42736,20,1
2625403,35951,17,0
1528513,41319,12,0
3415145,24852,3,1
1640639,21903,16,1
2211234,3894,13,1
2092058,24359,6,0
2826549,35535,3,1
3322523,1003,10,0
2942088,21137,4,1
501174,49260,10,0
2428508,21351,12,0
917876,32740,5,1
2443828,9020,1,1
3278172,13176,6,1
388564,16215,3,0
2024457,40208,8,1
3363175,33846,4,1
1115114,47831,2,1
1913498,14974,3,0
1057387,49,8,0
2483337,13874,1,0
2775086,36002,4,0
431815,14446,15,1
2709752,49273,13,1
1026960,27521,6,0
1693799,39224,13,1
2346211,49273,13,0
834195,6348,13,1
2778652,19478,25,0
3121414,42450,35,0
1751169,38015,3,1
1284203,2225,6,0
2003786,35166,9,1
3179009,42356,16,0
1533411,32717,3,1
944152,47734,7,1
1710649,28221,4,0
852130,41580,1,0
3293014,4605,3,1
1260174,42736,1,1
2171634,27363,1,0
516403,20711,1,1
252887,43961,3,0
2934073,27086,3,1
2172468,22474,3,0
1014751,19734,13,1
3349491,41690,1,0
298801,29439,13,0
502152,21227,1,0
3366369,39877,14,1
1915715,196,1,1
987550,36316,11,0
2921994,29668,3,0
2245975,13641,12,1
322,432,2,1
1416564,11759,1,1
2111456,11688,9,1
557274,42265,4,1
299348,18918,1,0
2949496,20114,7,1
106790,4605,14,1
3296858,19706,3,0
681045,45064,5,1
1851029,24024,4,1
391024,32553,3,0
2078365,24846,6,1
3375509,17794,14,1
2640789,38689,1,1
2957935,31279,14,0
1682324,26751,17,0
2946287,16744,7,1
276898,42680,1,1
512709,44142,20,1
1782383,21137,8,1
2970304,24852,1,1
2231694,27966,9,0
2428508,42460,7,0
2740523,6263,8,1
1963123,47734,11,0
939647,29487,6,1
1689033,21137,2,1
730064,40136,5,0
2254188,31287,8,0
3389246,6873,7,0
513725,33768,4,1
948760,1511,3,1
1070034,33000,16,1
284189,7156,16,0
1888171,39812,9,1
2136595,12597,18,1
514882,21777,17,0
2270694,14952,3,0
86424,13870,8,1
1280598,31506,5,1
1806968,4781,10,0
2159023,22935,2,1
100953,17616,8,0
2975586,47766,3,1
3000625,31858,5,1
1139616,40706,10,0
2882456,10749,16,0
2815645,22716,7,0
2817148,42701,27,1
2607105,14890,5,0
1817448,37220,21,0
2254188,37011,3,1
3090699,41950,13,0
2745379,32156,1,1
2029579,19678,2,1
949230,24852,2,1
6761,29941,10,0
2248727,42479,1,0
2246208,40852,2,1
819301,29487,11,1
889321,4269,18,1
2505269,47683,3,1
44280,38440,6,1
695861,43352,2,1
2381192,17948,8,1
2045489,48679,3,0
1060573,28204,3,1
1942105,33129,9,1
871430,42265,18,0
2335126,16274,3,0
2080762,38159,26,0
380877,13176,1,1
2517022,40198,10,1
3025339,11440,12,1
539865,7693,7,1
3147782,20175,4,0
725840,20995,1,0
1507371,10551,4,1
2428508,28459,4,0
1190777,37658,24,0
470142,310,6,1
1693799,38200,23,1
3288552,48364,5,1
1680238,22298,5,1
2098704,21903,5,1
2835192,19511,14,1
1248443,27966,4,0
338788,31225,10,1
1524084,37067,9,0
1764274,34969,11,1
2192122,27360,8,1
2268216,28204,5,1
417211,12564,15,1
2848993,13245,4,1
1340630,16241,1,1
1411097,35126,23,0
454263,45504,1,1
500235,481,4,0
1357444,21267,3,0
3131722,24024,1,0
2025765,31343,6,1
2098011,7567,1,0
522798,48988,1,0
2284013,31678,4,0
120460,33198,1,1
384429,44632,4,0
2820779,41950,13,0
1333769,15937,1,0
1988757,2538,2,1
1733149,4210,1,0
2511975,28999,4,0
1989898,9076,28,0
141134,17604,29,0
886421,12481,22,0
2147927,16241,1,1
217059,27299,3,1
2689328,36307,21,0
1570282,21137,11,1
2689537,44475,13,1
2250743,7862,3,1
2835192,44799,28,1
889321,48870,27,0
1008748,31127,15,0
2234614,16797,5,1
483486,2966,16,1
1317316,43662,2,1
3067962,27966,2,1
3356599,38689,2,1
192997,36118,3,1
1887485,39275,6,0
17202,1463,1,1
2506102,1744,1,1
590363,17461,14,1
164913,31651,1,0
463540,24024,1,1
1248775,46627,10,1
757024,21616,1,0
1034268,8173,17,0
3381450,17720,11,0
3250916,13948,1,0
1292645,47209,6,1
3110383,43713,14,1
1329403,27845,1,1
2363058,27156,3,0
366070,28842,1,1
25243,23540,1,0
1841142,14992,1,1
2355779,21903,4,1
672716,8203,7,0
2748367,33956,13,1
1846693,27531,6,0
2564511,6948,3,1
1389350,23341,6,0
260432,47800,1,1
1530205,37320,6,0
2295674,22369,14,1
2105346,24400,3,0
235689,32290,5,0
3171951,27316,4,0
831290,34137,1,1
563505,34594,6,1
2946568,35163,3,0
3010815,33401,3,0
1936769,4656,2,0
1468264,21903,1,1
463540,18926,4,1
3186464,8988,2,0
199907,27086,11,1
1036434,48079,5,1
2068407,39041,6,0
252887,27521,2,1
1356263,26088,10,0
1881986,44288,6,0
2293433,5479,6,1
3059076,34429,21,0
2909510,4357,3,1
63266,4687,1,1
1272333,26209,15,0
300350,30142,1,1
441481,40078,7,1
2557243,30573,13,1
1589062,9387,2,0
3048517,24852,2,1
368123,16797,18,0
209056,15251,7,1
2929997,17915,2,1
2545409,41220,20,1
1192894,34024,7,1
570264,47766,5,1
350234,22227,8,0
2257062,47614,12,0
2098704,39561,7,0
592338,12129,3,0
3102627,4232,9,0
1876256,31915,14,1
1793987,45948,8,1
2318551,35042,5,1
2869976,34487,14,1
1074229,19348,6,0
3035528,35665,3,0
2966362,41787,16,1
1131751,16670,7,1
110580,9390,16,0
564367,35689,5,1
11476,17110,1,1
2783795,22227,4,0
1763649,27247,7,0
1394368,32841,14,1
1828856,26493,4,0
3052700,22920,10,0
248048,41722,3,1
221974,13945,8,1
1511954,19003,28,0
1403307,2855,10,0
2676153,3782,1,1
3086486,40516,1,0
1139616,8518,8,1
1659066,24852,1,0
706012,28849,8,1
1412463,9839,7,1
3295994,11520,21,1
2532667,46654,3,1
2976662,14633,9,1
116706,31634,33,0
2744445,48600,4,1
1395644,41644,40,0
1856848,21936,12,1
1298987,17872,5,0
2022654,17795,6,0
222331,47862,19,0
2761299,37796,4,1
1536726,13249,2,1
2195705,26209,1,1
2707549,32442,8,1
522404,14627,9,0
2247808,46979,2,1
1941779,24852,1,1
304534,6347,5,1
2653514,45007,12,1
480156,21137,6,0
891492,27554,5,1
2557590,26620,12,1
1085241,39468,13,0
1871419,28849,8,1
3131359,45537,5,0
1727746,27845,2,1
2473430,5547,21,0
966104,17616,3,1
3303730,19049,4,1
2167991,41844,7,1
597322,47766,6,1
2559910,6287,22,1
3232819,9020,4,1
1484977,7035,17,0
171782,30024,5,0
2777474,9006,13,0
1782328,37646,5,1
754888,29529,5,0
2556823,19816,14,0
2892862,6287,12,1
2172468,21847,13,1
2358365,5077,4,1
489531,1099,16,1
610096,21137,20,1
3298200,14992,1,1
2659733,24852,4,1
2990815,22935,11,1
1446279,49191,2,1
1394039,34496,4,0
1601131,35619,1,0
959205,3808,5,0
1982656,8239,13,0
1985411,39954,1,0
2369123,24852,19,1
2208749,22872,9,1
2960963,8475,1,1
328187,35815,20,0
1079144,24852,1,0
2269764,38837,4,1
2885484,21137,5,1
2039601,4942,3,1
3386657,34126,1,0
2473430,20114,4,1
3038413,10644,8,0
2785563,47717,10,1
2255474,42834,12,0
2625808,9472,21,0
3059076,14452,12,1
865969,21910,3,1
1823245,48881,4,1
1656588,8518,6,1
865259,6972,6,0
2880994,21288,22,0
2951981,27744,1,1
1388197,44882,4,0
2955483,20842,11,1
114300,27086,13,0
1338227,42828,7,1
2470067,39719,2,0
2840337,25476,24,1
2906083,24852,1,1
2683140,35914,12,1
1910903,41834,13,1
54287,1000,2,0
2944682,26856,7,0
1778294,29284,9,1
2877499,11123,3,1
3280215,17526,14,1
1667558,7781,19,1
1717084,31225,21,1
2610321,42557,12,1
1268418,7781,6,1
2294469,17758,3,0
34244,45200,11,1
1661256,13779,8,1
717916,2520,27,0
1050334,8475,1,1
2756805,27336,10,1
2075838,432,8,1
2165067,42282,1,1
2921994,4796,6,0
41376,30021,11,0
2560889,8242,9,0
2231694,44632,2,1
780383,11520,16,1
120460,4317,11,0
1513797,3798,7,1
486444,44621,7,0
1797616,31964,9,1
1783083,14119,10,0
921032,5876,1,1
1227265,5212,8,0
2766967,29603,15,1
591595,21616,2,1
554583,44254,5,1
2565436,15398,8,0
1787831,27845,4,0
237329,4920,10,1
464454,13176,11,1
1515122,49235,1,1
930570,5250,11,1
84826,35887,3,1
3284231,12845,21,0
253054,11113,13,0
3317334,41950,10,1
271930,2450,20,0
495206,35940,14,1
506744,24852,10,1
1824128,39275,15,0
312055,44422,1,0
1784000,35536,5,0
1116683,25640,7,0
2882456,22935,14,0
612625,12980,13,1
446640,1402,3,1
2484111,37086,9,1
1343846,34,8,1
2754597,14992,6,1
757659,13249,1,1
2832954,29553,3,1
2075384,19660,3,1
192794,8460,2,1
2468902,27323,11,0
2136995,42768,21,0
1533920,27744,14,1
2953412,15386,1,0
3131722,35108,11,0
2044769,26209,3,1
1926961,7673,3,1
2991409,24852,1,1
1930124,32515,5,1
3338756,46226,10,1
3363829,335,16,1
962960,10957,4,1
1687652,31737,5,1
2914070,13560,4,1
2210526,11422,3,1
2689537,28931,2,1
421289,31343,6,1
3280215,48309,8,0
2986553,47766,15,1
1116683,21654,1,0
580127,47672,7,0
722936,13176,7,1
174664,41844,5,1
2986386,37752,6,1
1559269,39427,3,1
116706,21137,35,0
692224,25952,6,0
2805601,35336,2,0
1280488,18918,1,1
1904249,18523,7,0
3098070,39475,4,1
2063315,9020,20,1
2264313,44683,12,1
3307144,18849,9,0
3062193,14971,24,0
1524173,44628,12,0
2042657,44910,13,0
1227265,24830,10,0
1930124,29265,16,0
41376,45200,6,1
1185205,30994,13,0
2075280,23341,2,1
657351,11193,10,1
1126113,29926,2,1
1171284,47141,4,1
2003926,30489,4,1
2680931,9434,5,0
1821833,13176,3,1
579236,27086,8,0
2722623,22025,13,1
2728640,24852,1,1
878028,32747,8,1
2214267,17606,9,0
2075436,39177,4,0
2471773,21903,3,1
3249930,41276,1,1
1881557,21903,4,1
1036434,21326,6,1
254834,12276,23,0
2306361,14129,8,1
1887526,2961,17,0
2300357,21137,5,1
610658,16953,20,1
681045,42834,30,1
230474,5883,8,1
645036,44570,12,1
1726333,19057,3,1
3025339,42265,31,0
1838884,10246,10,0
3015576,45249,16,1
2255474,6201,15,1
3280215,10749,11,0
1511954,23911,26,0
1387436,20995,2,0
2490435,30486,3,0
663915,3896,6,1
2116531,21497,2,1
1439598,34969,9,0
2919666,20406,19,0
1828856,7644,21,0
103562,24964,8,1
1511954,20896,29,0
2714882,16613,4,0
1972821,10768,38,0
2968164,47509,12,1
936492,21567,1,0
2662158,26723,19,0
1629881,42768,13,1
2004483,16696,4,1
1596151,47209,6,1
1047941,16283,4,1
2420461,16518,7,0
2944682,9839,2,0
88868,14833,8,1
2474956,42450,10,1
2588432,21230,8,1
839006,25272,2,1
3217995,260,1,1
591838,24235,16,1
2366276,5808,10,0
1540047,4853,8,1
3009500,17151,10,0
1726277,15143,5,0
3304580,8277,11,1
2679066,12980,9,0
3214660,48988,22,1
1554650,42241,5,1
3001178,16797,7,0
2436244,7647,5,0
2293433,42522,8,0
1972821,14764,33,0
850538,44702,5,0
698422,47209,18,1
1511765,38903,5,0
304534,3957,1,1
2012874,44765,15,1
2729084,41452,3,1
2610507,46206,8,0
2835192,30720,40,0
130970,21195,19,1
2458413,8929,1,0
3001000,11520,1,1
591838,24830,3,0
2020140,24964,6,1
1394368,25122,13,1
554700,12023,7,0
2537455,40168,19,0
2136595,5077,5,1
1727432,26842,14,0
3405555,21903,21,0
1511954,293,13,0
204719,5456,3,1
828426,17803,7,1
1180642,22395,3,1
3027599,6348,5,1
2664124,46473,4,0
2216508,5120,3,1
453928,28199,10,1
910604,38928,1,1
361260,42445,8,1
3405555,28204,16,0
2832691,41625,9,0
1047784,24184,17,1
2522824,28286,2,0
3040238,27886,6,0
1701309,26348,6,0
2970981,35939,9,1
257459,47098,25,0
2788977,27925,9,1
2190751,26209,14,1
1077640,25837,3,1
2798178,3583,6,1
2777798,12206,18,0
2136462,44560,26,1
2254934,8277,21,1
2133837,18610,1,1
170286,38293,2,1
3284322,23375,19,1
1099441,8277,1,0
2473430,7361,8,1
665707,45066,7,1
889321,35750,9,1
1070034,21278,4,0
2617243,9550,8,0
2437021,25865,7,1
180747,4367,17,1
3290624,27344,12,1
1574331,42585,5,1
3413271,39877,2,1
3351373,49602,10,1
2584355,45504,2,0
2180726,22031,10,1
2869976,44167,3,1
3342349,34753,4,1
2635070,5337,4,1
374542,859,1,0
3214011,13819,24,0
2018522,38003,19,1
2866486,11737,6,1
1387542,27903,8,1
3111806,45066,8,1
1472618,23645,4,1
316126,43961,3,0
1298987,14129,7,0
1948780,19660,1,1
2798596,42342,23,0
2284814,13176,3,1
628977,13517,7,1
3147707,38159,23,0
2977027,30489,12,0
2754597,47734,2,1
271069,24852,7,1
1540823,9337,2,1
3383665,39108,8,1
1887526,17341,3,0
1077237,24852,10,1
2689537,16797,12,1
1214922,38444,7,0
2465563,4920,5,1
1782328,10749,12,1
2511975,37417,1,0
113729,39877,23,0
1075378,21234,9,0
3159931,16824,8,1
1507371,9772,2,1
2541457,4932,11,0
2587377,11941,12,1
91344,27464,6,1
2584355,6104,1,0
1661069,7600,4,0
2210558,25085,4,1
1320817,40001,19,1
519720,34969,14,0
1655216,21614,12,1
2218984,7631,3,0
1472618,24852,7,1
2722623,27966,25,1
3248349,49235,3,0
1689033,43789,6,1
2893151,37067,4,1
2798596,49404,7,1
2365224,34524,5,0
873307,11777,16,0
1561320,12341,12,0
1499348,19766,40,0
293129,43154,8,1
2106828,26283,1,0
2689328,19821,20,0
2836139,31506,3,0
2819115,26272,6,1
1152403,22963,7,1
2164400,44085,20,1
192794,30352,10,1
2227011,38185,9,0
661612,43234,2,1
3387191,13176,3,1
786546,29675,2,1
294497,45965,2,1
3018078,24561,9,1
1955108,40229,3,1
2138086,22888,12,1
49123,21009,4,1
1075378,260,15,0
1753482,49247,5,0
2210199,35951,3,1
3105234,42265,2,1
3196137,30088,7,0
3284231,38739,11,1
1974283,21903,15,1
2205219,10655,6,1
366390,8021,2,1
3057611,35535,7,1
237512,9510,5,1
783439,27336,57,1
2277893,29398,3,1
2416667,19154,13,1
2159023,42265,15,0
2613090,16920,7,0
3394388,38928,2,1
2358365,30489,9,1
3059076,33352,22,0
458815,4920,2,1
2660949,25824,17,1
891240,41387,6,1
246326,8736,4,1
1581676,32747,4,1
942563,27509,5,0
835317,11782,19,0
1067973,15655,9,0
1737069,15630,7,1
976527,22686,4,0
2866486,32981,5,1
2689328,27475,27,0
2835192,44987,31,0
3335433,5031,22,0
2862144,49235,3,1
2711584,31801,3,1
1365391,44422,13,1
259282,14147,13,1
464454,37825,24,0
470942,5646,6,1
672562,28632,5,1
839006,45066,1,1
2067931,46804,17,0
1297422,24852,5,1
170366,40403,8,0
2785197,40795,7,0
1021155,9387,14,1
1828856,19260,11,0
246119,39928,14,1
1711489,41057,13,1
3063824,1194,10,0
938613,46069,7,1
2038752,8803,7,0
2150784,24009,15,1
2433512,19019,10,1
1407350,9020,5,0
1129548,44514,8,0
2417959,5031,5,1
3035121,30489,4,1
2918085,31717,3,0
1782500,46817,2,1
235689,47912,11,1
626848,9839,10,0
1673881,49247,2,1
2123268,2295,5,1
2698690,16249,13,0
293129,7493,7,0
110781,13909,5,1
1577184,33200,11,1
23726,37158,15,1
3121414,28851,23,0
2665796,46189,3,1
2095479,9893,2,0
3363829,21707,12,0
589551,28553,6,1
2517022,32906,4,1
3102098,3235,4,0
2766034,2751,4,1
1577409,8177,22,0
554700,44987,9,0
2198199,48622,6,1
1160320,8174,3,0
471060,6901,1,1
1297422,9076,4,0
2665388,6187,11,1
2359308,42585,11,0
1005204,21616,2,0
2338695,41844,7,1
2665513,16650,13,1
1627949,17487,17,0
2729666,39428,5,0
917710,14159,6,0
1977485,32394,1,1
3293014,13304,2,0
2271847,32955,8,0
2705768,13166,2,1
933662,40852,1,1
1614888,27086,3,0
2026145,19604,12,1
1661256,12211,7,1
681503,27522,6,1
3284231,31717,4,1
3137789,21903,1,1
2500821,46047,11,0
1444722,27695,4,0
834195,29974,47,0
3166073,32387,3,1
2270792,32655,9,1
689129,49351,10,0
512709,8277,10,1
1622654,40360,8,1
831292,39279,5,0
2210526,47528,5,1
2515496,39877,7,1
1496025,11945,3,1
1266687,39040,1,1
283772,43295,5,1
1083491,44479,5,1
2880994,47766,1,1
2381413,30597,4,1
2586073,33037,3,0
2409711,23650,3,1
2136995,11006,19,0
2893017,40706,9,0
3193884,40708,3,0
1266575,15527,1,1
3359312,27683,3,1
2312873,36425,4,0
1900095,16283,6,0
1616735,43154,16,1
1817245,43961,17,1
2269764,28632,22,0
1207687,43565,1,1
3171040,28171,1,1
2163126,40310,1,1
2138086,12276,7,1
3203974,8859,3,1
737749,28571,5,1
2004483,23892,2,1
1722324,44359,13,1
162800,42736,7,0
1656908,19678,2,1
2300002,18531,1,1
2551089,24838,11,1
1207838,18465,3,1
1266575,9178,4,1
175140,26882,13,0
2640132,37687,5,0
2075384,44728,1,1
1248775,15207,8,1
157365,39281,3,1
2377518,2825,6,1
799783,30633,5,1
1533080,42701,2,1
939266,33731,6,1
348375,26648,1,1
116932,24852,1,1
3174922,43295,1,0
1411097,26209,33,1
3126388,31900,7,1
1320817,24852,1,1
3090699,11777,15,0
19532,5951,19,0
2676153,2180,8,1
2754800,28985,14,1
2082355,10246,7,1
380105,37646,11,1
807183,40852,2,0
3059076,28826,1,1
1555137,38996,17,0
2190751,34197,2,1
624668,28553,9,0
210969,37646,2,1
106790,30850,3,1
574132,13176,2,1
732952,27336,18,1
2884777,32211,7,1
3404644,15610,8,0
1456099,10872,7,0
205723,10603,1,0
1236944,6735,5,1
1495493,5479,2,1
2977027,30474,13,0
1290210,32734,24,1
2665513,12029,24,0
2379941,25623,2,1
3413732,264,5,1
1403307,25890,35,1
955691,32338,4,0
2266120,12341,2,1
769572,35233,10,1
1838884,39275,11,0
2835192,37011,32,0
2095240,21292,3,1
2171415,48679,2,0
3035345,47209,4,1
1727294,47766,6,0
2834338,13780,7,1
472983,18926,3,1
2709752,9138,1,1
3366803,18880,7,0
2612636,21903,3,1
136862,8186,12,1
1653554,5785,3,0
2129875,49560,2,1
400323,11005,1,0
2640140,16797,4,1
557274,31717,12,0
3262488,5077,3,1
801927,7088,6,0
1014751,5013,5,0
2337738,11543,3,1
2350994,35547,9,0
2899063,18362,4,1
2441396,47065,1,1
2173447,29600,21,0
977817,21057,4,0
844382,25718,10,1
2360288,4812,7,1
1946392,26352,14,0
1209721,15937,12,1
2224448,28593,1,1
1887238,21903,16,1
449178,34584,12,1
2490522,32747,10,1
123061,47626,2,1
1612421,12442,7,1
2183860,10978,6,1
3042260,37646,27,1
1075590,3324,2,1
1367416,26620,3,1
1320817,42625,18,1
235689,17429,6,0
3303730,21533,1,1
723489,23909,20,0
1749769,38273,19,0
1395032,4697,18,0
2436244,34503,3,1
2005473,20134,3,1
2738283,27845,10,1
1784213,32888,11,0
68359,23219,3,0
3136993,13259,1,1
1912935,46802,7,0
1457040,17316,2,1
1360045,13536,6,0
2614157,47766,2,1
2156208,41690,3,0
27342,38775,2,0
2206961,10305,4,0
1395644,43129,27,0
2559910,6606,2,0
339445,40706,1,0
1887526,12785,6,0
1974283,2380,4,0
772538,34565,6,1
136862,42085,10,1
530764,13549,1,0
834195,34700,50,0
495206,4792,11,1
1944045,31433,5,0
2482871,27845,2,1
374956,23556,10,0
2787070,49520,4,1
1664326,12583,2,0
554583,48800,4,1
1946392,20114,9,0
1463892,4289,11,0
1182376,36418,15,0
1454013,4920,29,1
939266,12384,7,1
3305158,24489,15,1
2679079,37067,8,1
2205816,21903,2,0
1727432,47766,1,1
598476,39275,4,1
1336176,42612,6,0
183691,43295,16,1
3059076,283,15,0
768767,38739,2,1
2589051,37594,2,1
331306,13870,8,1
3284231,35939,6,0
3100296,17429,10,0
1571051,7381,2,1
3322523,21903,1,0
417211,26709,14,1
2355589,10246,18,1
1806065,41375,6,0
2808637,29265,12,0
1713333,30047,1,1
238401,8594,3,1
2044769,39550,2,1
2610074,47348,8,0
1394368,8251,11,1
3420574,29126,5,0
38524,38300,1,0
2048045,2380,15,0
489531,44570,3,1
2458413,22474,15,1
996606,204,3,1
413757,48287,5,0
2925919,13176,1,1
2955453,45575,13,0
106790,9779,17,0
723489,28993,5,1
2291674,18908,5,1
2142410,24024,2,1
2740523,37645,3,1
3086486,44799,7,0
2247808,24964,15,1
3191470,16283,5,1
2193607,44795,3,0
477762,39545,31,0
3214660,27966,10,1
2394086,32650,1,0
955691,1845,3,0
1518272,18152,2,1
2328979,44632,6,1
579378,49198,6,0
689839,23719,30,1
2739975,27845,6,1
944152,22849,5,0
68595,4605,1,1
2607280,9387,2,0
238621,42431,26,1
1921507,28465,10,1
2161266,34321,9,0
2181092,36606,2,1
2665513,42813,7,1
1511954,23803,30,0
2207662,4605,8,1
2229154,22736,19,1
1784000,1757,9,0
1056399,2825,11,1
921032,39475,14,1
2714783,21938,6,1
1045947,31990,9,0
1982656,34126,10,1
1717084,17419,2,1
430151,26665,4,1
1587081,28204,2,1
1666721,11499,13,1
2136595,33043,10,1
2665388,21616,32,1
1607397,23147,11,1
2966362,1158,5,1
2032403,12703,4,0
458292,34214,12,1
3282106,48395,7,0
2295674,4920,12,0
116933,35530,8,0
590363,1408,9,1
2855605,32747,3,1
196100,31391,31,0
1107199,17652,3,1
2098704,5550,3,1
3321167,28851,1,0
1261762,45608,9,0
2567562,46676,10,1
3214011,47209,1,1
2621191,47492,9,0
140480,28204,12,0
1320859,49235,1,1
2421070,21903,3,1
134131,41841,5,1
596253,28916,11,1
170366,36829,1,1
1479201,2716,8,1
1814225,22247,13,1
1572772,16797,2,1
801927,43087,5,0
564367,34243,1,1
328899,44479,11,0
959205,23909,3,1
783439,47546,24,1
1734721,27706,6,0
80954,23233,3,1
1068657,37213,12,0
1112414,13176,1,1
209056,31717,11,1
952338,7021,14,0
1643538,49566,4,1
473746,29447,1,1
2700391,30776,1,0
1105913,14371,4,1
2740523,49139,2,1
1051406,28597,4,1
2059029,5192,9,0
1126925,39190,1,1
465660,18370,15,1
889321,13292,1,1
2255474,19863,19,0
3025339,30391,1,1
2337738,43352,25,0
3334372,22582,5,1
1506554,21137,12,0
2970304,11301,24,1
2377518,21903,24,1
1658686,5077,4,1
1522980,5612,28,0
2322101,45664,7,0
2510572,3947,8,1
1020340,39275,6,0
339945,31649,4,0
419475,13212,6,1
1592021,6612,7,1
1942105,18926,11,1
2029709,30850,11,1
2229154,47815,20,1
16723,22963,4,1
1446279,35221,1,1
1561762,45190,7,1
1710800,41220,4,0
723665,22124,18,1
3176061,1117,10,1
589551,43352,5,1
2071079,43049,14,0
3000449,43122,5,1
1988757,27652,1,1
1797616,48857,1,1
2640789,37646,3,1
520,24846,5,1
300350,28914,22,1
610658,26477,13,1
255802,21137,10,0
629644,40571,7,0
2193774,26283,4,1
2329084,25706,8,0
557395,38928,2,1
2180977,26131,18,1
1023305,8654,9,0
2135221,33636,19,1
3171951,5782,7,1
968410,20940,3,1
2488802,25230,1,1
2559924,21295,12,1
324877,18382,21,1
3251991,18839,1,1
394847,12315,12,0
2958118,45007,3,1
3080767,38662,7,0
1321074,11827,12,0
2559924,24184,7,1
1631808,1194,14,0
2511677,39922,13,0
919712,46541,3,0
2105088,16797,7,0
2731169,47626,23,0
727225,29586,3,1
2528689,34496,17,0
2447291,26856,19,1
2089295,20383,9,0
2920083,47626,3,1
1569593,3957,1,1
1444722,23836,2,0
110334,48004,1,1
1361470,22474,1,0
1576736,18987,30,1
2029887,2091,2,1
3000960,33027,16,1
2221822,1511,3,0
3386776,30489,2,1
2840337,16920,42,0
1974159,46979,6,1
1952312,28171,4,1
2420821,24097,12,0
2928509,35561,1,0
2828586,21137,4,1
2221689,12576,8,0
3031625,16185,5,1
3066648,17600,1,0
3304580,37065,27,0
2455447,13877,7,0
1743601,43867,5,0
3232819,14161,18,1
1614888,21903,5,0
2878446,12013,2,1
1812543,17316,6,1
1234450,35217,7,0
1910903,45,15,1
2878285,45747,1,1
3062228,39032,4,1
2559910,48666,7,1
2978941,43749,5,0
3253052,35221,7,1
1034268,15604,12,0
2096734,27294,5,0
1692372,38777,5,1
989852,17638,4,1
1205398,39411,4,0
2205219,13807,3,1
506744,46720,2,1
2769970,24964,11,1
241502,890,1,0
57068,14233,5,0
772538,19156,2,1
3413732,46806,9,1
2592492,6489,8,0
1202532,47766,9,1
52393,26346,2,1
2698690,39732,26,0
3286992,35628,1,1
688277,17794,8,1
1789047,19660,2,1
2262479,45948,2,1
1859025,45089,10,0
578257,15392,26,0
2836139,34320,1,0
2743515,23687,7,0
1320817,9387,4,1
1421558,39947,2,0
2075280,25706,10,1
1023422,24852,6,1
927790,24852,3,1
299348,46962,3,0
1859323,27845,5,0
3071797,36618,10,0
753751,8571,4,1
815201,39581,37,0
2275775,16168,1,0
1349364,1529,2,0
681503,29557,34,1
651634,23233,1,1
1611529,40063,10,0
2474392,6046,2,1
2076544,38768,5,1
1175296,39046,3,1
1841142,22258,4,1
82018,4656,4,1
1224099,24852,4,0
3134439,8518,7,1
1015153,7562,10,0
2572376,48230,10,0
651634,19508,15,1
1263927,34209,9,1
2641032,40865,12,1
952338,21267,3,1
237512,23044,7,1
2685562,13539,6,0
16202,46676,3,1
1851029,31040,7,1
309818,42265,9,1
2526922,40905,1,0
1856848,13500,5,1
377188,47209,13,1
50904,12254,12,0
2215327,45081,17,1
601540,1194,3,0
2944552,48745,29,1
1649688,7325,11,1
394700,47198,6,1
2227607,28289,6,1
1459143,17487,1,0
1119932,14647,20,0
858214,49235,1,1
758566,13712,2,0
120818,49243,5,0
1900813,21137,2,1
3021561,33647,2,0
730064,4462,3,0
2071079,47596,7,1
562466,7903,4,0
3109065,5422,10,1
27159,38293,10,0
3052221,6187,14,1
41376,39612,7,0
2868167,37,24,0
2604490,19051,17,1
1627020,39877,6,1
2732170,11782,18,0
1643430,1511,5,0
1687584,36865,15,1
665707,9076,15,1
2080150,31635,4,1
2248727,40992,3,0
3015464,11109,5,1
1580814,40207,1,0
377188,37646,22,1
1013560,22035,7,1
2550931,14678,17,1
2672333,24852,4,1
689129,42265,13,0
700063,45437,2,1
2945173,21903,5,0
3317334,27683,2,1
1956408,12545,8,1
113729,47888,9,0
1429167,13517,5,1
1282478,16797,5,1
1079144,20161,4,0
3187761,17181,5,1
1641738,17678,2,0
707416,26604,4,1
1648815,33407,6,1
1710800,41148,5,1
114772,33081,5,0
1180642,18288,2,1
1652163,38159,3,1
1871419,31577,11,1
2142410,43896,4,0
983583,5013,11,1
2003926,39699,7,1
624668,31086,1,0
2961128,2050,2,1
1370714,11258,1,0
2005896,26604,10,1
393920,16570,3,0
1100587,28427,6,0
11109,6987,5,0
939266,39732,11,0
2772911,17689,3,1
3147707,8959,6,0
361260,24385,2,1
1175296,17341,2,1
2229154,3696,9,1
2533515,46969,5,1
2116441,2132,3,1
1717116,7021,2,1
2538388,28204,10,1
141134,8424,4,1
2922587,23579,5,1
1276886,33021,25,0
3246963,34243,5,1
2688936,26079,4,0
3386776,27336,3,1
238401,24852,2,1
2474956,15399,5,1
2195471,38164,8,0
933383,7371,7,1
2384861,7559,8,0
3121414,27966,4,0
3334372,4796,1,0
1910903,19311,3,1
1687584,22963,19,1
1417362,1529,5,0
121612,33000,5,0
3077087,34,12,1
222302,10998,2,0
2082355,3952,5,1
805051,24214,27,0
2396863,19057,5,1
965476,37053,37,0
907336,920,3,1
2748367,24852,14,0
3252857,10699,14,1
1783761,8518,19,0
2948550,6166,7,0
1557804,13176,9,1
1979300,11365,2,1
2041560,39408,7,0
1143897,28156,10,1
919944,8021,6,1
271069,2966,9,1
3280215,27156,5,1
3109703,38293,9,1
25243,24716,6,0
1544584,19691,2,1
1319340,24253,7,1
1183871,26209,11,1
1398748,15630,9,1
1184270,28851,2,0
39791,48697,2,0
304534,8802,7,1
1261762,21903,6,1
1944045,47209,10,1
1365391,5991,2,0
1934510,49111,10,0
596253,40063,55,0
2458517,27681,2,1
2064499,4562,2,0
2246208,28993,10,1
2728098,30994,7,1
757659,11130,6,0
1978509,27104,1,1
1687987,36389,21,0
1457960,17825,8,1
1131751,25055,1,1
2999899,11598,2,1
2439714,13176,5,1
1640576,2014,5,0
346353,11759,2,0
2336273,35921,13,0
859425,18479,8,1
509824,13646,4,1
1075590,33589,8,0
17202,5031,19,1
1974283,33884,3,0
1288404,5547,16,1
3184805,32573,1,1
2136595,5450,2,1
722936,35951,1,0
746062,22008,2,0
129158,24852,1,0
2881911,33787,1,0
2559993,30391,12,1
3112615,41787,2,1
2307506,21137,4,1
1526026,32051,3,1
3043192,24115,1,1
150209,27104,7,0
2791444,6867,7,0
522537,47209,10,1
1572746,46175,1,1
1805109,34969,5,1
605528,46206,7,0
2556536,39877,30,1
2659205,30353,11,0
1056106,26317,3,1
3252857,18531,8,0
2640132,18023,2,1
2564285,5994,28,0
3098070,16083,11,1
2098011,7644,5,0
1143717,29941,17,0
2919666,34429,9,0
272157,8518,26,0
2364499,32429,3,0
1783311,28785,2,0
1557530,13829,8,1
3317334,22825,4,1
1201375,23915,1,1
2798178,40268,4,1
292560,49555,18,0
2796621,13721,2,1
1819341,13176,4,0
6761,31577,6,0
2610074,17747,9,0
2862828,32299,9,0
388281,40706,1,0
692224,43115,5,0
3334372,15261,15,1
1235653,6177,12,0
2946287,34991,5,1
2996288,21616,6,1
2970981,42356,1,1
2564285,13273,17,1
955069,43352,1,1
1424807,25647,4,0
3105234,24852,3,1
2125171,45504,3,1
2753266,37687,4,0
483486,17326,3,0
1533036,28204,1,1
2182976,33731,8,0
195672,31087,3,0
3252857,46346,13,1
928051,32689,7,0
3204176,35886,3,0
1652163,35986,5,1
1661664,38777,15,1
3327579,21137,6,0
2479043,25828,2,0
2511975,5373,9,1
1047941,16797,2,0
2587377,37288,15,0
820279,38768,3,1
2036180,26751,21,0
3186408,35045,11,0
2295510,35561,14,1
2006423,34024,4,1
41227,48697,6,0
2820779,11614,2,0
254834,45066,2,1
2955715,1973,2,1
1369339,39180,2,1
1264829,15326,5,0
3263241,30494,9,1
1607611,18200,4,1
1752418,18362,3,1
689839,35951,7,1
1051200,1039,13,1
1655279,13176,5,0
631759,25718,14,1
3062193,33543,10,0
227512,33129,13,0
3093286,43875,19,1
2839062,39693,15,0
369128,31992,5,0
3125639,47734,10,0
2082539,9076,12,0
2742639,32047,9,1
2262479,7175,7,1
2250743,16283,2,0
2576581,48171,1,1
1057914,13575,1,1
2300357,28413,6,0
2231694,12576,1,1
3066648,9896,4,1
3041736,28464,1,0
663164,40332,7,1
2996847,31371,5,1
1972821,41787,5,1
2768300,26209,3,0
2488607,18727,14,0
1120675,21137,6,1
2110265,45268,13,0
1956426,39719,1,0
2194774,17008,16,0
453928,8017,18,1
1290846,5450,4,1
1534555,2707,24,0
1944045,10899,7,0
271930,38293,21,1
2255474,17710,3,0
1826359,19125,5,0
114006,42193,15,0
1230161,31040,2,0
2123402,23362,12,0
1456342,32846,10,1
192997,17744,8,1
2901217,46562,4,0
482564,46476,7,1
2798596,23908,8,1
464454,43768,15,0
1623548,20887,7,0
3230188,14711,9,1
3308884,37825,8,1
241131,21183,15,0
2771140,27086,2,1
2929430,43768,4,0
3297312,28373,15,0
1000881,42450,19,0
1120915,5212,2,1
1620007,49517,7,0
2868167,23102,2,1
3145889,23879,9,0
1857029,36944,4,1
161752,35784,2,1
1770322,18439,5,1
1590523,7948,16,1
1403307,44663,3,0
379341,20842,7,1
2848993,36085,5,0
1939403,23952,3,1
2662158,17964,14,1
1536939,9741,11,0
368123,18531,7,0
454370,28934,5,1
2397739,11755,5,0
1187964,29307,16,1
1816715,22090,5,1
1561986,3308,7,1
2953228,21174,7,1
2817464,4799,14,0
1860476,24852,1,1
2507340,23094,6,0
170286,6046,1,1
1013560,40386,9,1
1207364,45066,1,1
3326394,47042,24,0
317995,17630,6,1
1779108,40199,5,0
3222693,27544,11,0
2255474,3522,21,0
1971664,42342,6,1
2798596,13176,14,1
2201446,44359,6,1
153467,28849,3,1
3098070,40632,3,1
2596788,8193,8,1
23726,1158,11,0
2255052,28993,11,0
2643985,17155,9,0
3279847,9076,2,1
3045755,40709,6,1
1105911,46208,16,1
2835192,8512,8,1
107711,365,5,0
3299695,29987,6,1
1218793,1111,6,1
226156,6341,3,0
1840774,34582,9,1
3223250,36703,1,0
3059076,4462,3,1
142207,20995,10,1
1738253,30391,20,0
2791134,47492,5,0
2856752,49681,9,0
869925,30960,3,0
645036,15945,1,1
3279847,32566,14,1
1207364,49683,6,1
1616409,5068,3,0
1198409,5097,9,1
2148176,27775,8,1
2206196,45603,1,1
1258518,11250,6,1
2990855,1939,18,1
3221310,2232,5,1
1102270,25890,7,1
3387911,34401,5,1
3419825,26477,1,1
271930,20118,31,0
2217387,17568,2,1
44280,196,2,1
2268216,14858,15,0
2338695,5479,4,1
3053253,30036,2,1
2685683,12456,12,1
834395,46591,5,1
2147927,41515,3,1
2966362,27695,13,0
113729,43122,13,0
1505704,44632,4,1
790403,49175,5,1
1439603,8021,10,0
2906083,2295,13,1
2474392,37625,7,0
3324758,19620,4,1
2468902,28842,9,0
318819,43352,3,1
1928996,33452,1,0
2282581,10032,18,1
576652,1999,5,1
3326394,5184,27,0
2279089,23322,13,1
72037,1940,1,1
2858769,34969,6,1
672562,9641,11,1
171592,34065,3,0
1050845,11488,8,1
1508652,18370,18,1
1371693,34243,12,1
384823,36165,2,0
774362,32775,11,0
45229,14891,16,1
426820,3298,3,0
783243,37053,11,1
2811640,5388,1,1
470033,204,18,1
934997,43483,8,1
1569593,24241,5,1
976941,22935,7,1
1005308,5373,6,0
3052700,39275,12,1
391024,9712,5,0
3200857,10613,6,1
1722825,7515,17,0
3105434,33198,5,1
206747,44257,1,1
772538,3849,4,1
2674758,13269,1,1
2260036,17368,8,0
1812543,6101,18,0
1497383,37029,16,0
3236192,42477,8,0
2483852,15209,14,0
1406847,12820,18,1
1556907,30750,8,0
253902,27576,7,1
1643430,28476,3,0
2063520,13512,10,0
3361042,42617,10,0
1190777,7644,12,0
1945696,34358,3,1
296718,32465,5,1
657351,21777,9,1
2473430,33825,24,0
396126,5158,3,1
3219345,13517,5,1
591595,19451,4,1
1859728,31557,5,1
2929115,20327,10,1
1693264,7922,3,1
840275,20382,3,1
3134439,7010,15,1
2048045,44953,23,0
2665018,24389,22,1
328187,17630,14,1
2526148,41544,28,0
2106749,5479,9,1
1592021,38141,18,1
3337287,10652,22,0
2188148,3990,6,1
1679812,10637,12,1
2684747,21469,10,1
1195476,9463,23,0
1099288,18931,1,0
366070,21938,8,1
382373,20244,10,1
1448069,32655,5,1
1147702,49235,5,1
446091,16891,8,1
2681105,8021,11,1
944152,41950,6,0
3187761,43961,7,1
601540,2099,5,0
783439,18891,44,1
2894540,4097,7,1
2808637,48370,16,0
2998283,12872,6,0
451841,13176,1,0
2063315,24489,7,1
1488731,4920,7,0
2124718,13176,12,1
246119,29993,11,1
514683,21513,21,0
1613587,43129,11,0
2060834,19736,2,0
2500821,47790,5,0
3080767,15040,9,1
3272421,9000,9,0
2510572,20378,17,1
1577371,8174,1,1
3127816,3376,29,0
1589126,22613,9,0
45229,30561,8,1
317995,27683,2,1
1083491,16797,6,1
1083911,21333,9,1
11388,9551,7,0
1155070,40723,14,0
1623548,28535,12,0
2359308,37687,19,1
86833,36060,5,0
2022654,15498,7,0
1015479,47626,17,0
2817148,21137,14,1
1100901,26620,3,0
1103355,40826,1,1
2014120,21670,11,1
1925631,28993,8,1
1162618,44985,9,1
332928,13176,6,0
3232819,13740,9,1
188647,48988,1,1
2085928,6358,7,1
1458581,19097,11,0
2518839,2846,4,1
1746488,46313,4,1
1488731,24561,8,0
1591950,43253,6,1
2876665,18465,3,1
125371,23165,12,0
1060376,24852,6,1
1534555,32390,18,0
1989898,46131,20,0
2581945,21616,8,0
2727488,30720,8,1
1722324,17948,9,1
3001178,27104,2,0
441481,42265,13,1
1789047,35547,3,1
1131751,46575,21,1
2970304,20703,29,0
34244,47766,5,1
411643,12456,1,1
1879921,10369,3,1
1126113,21567,4,0
2556536,49216,19,1
2927938,18218,4,1
2518264,33279,2,0
1278071,24983,1,1
2106749,37234,15,1
2944682,16521,14,0
3236899,5537,6,1
203394,47962,1,1
2236762,45066,2,1
3170499,48364,6,0
3089347,13176,3,1
756864,9020,5,0
2781248,33519,1,1
2636268,47209,10,1
834195,16995,36,0
1198110,38988,2,1
1925631,15290,4,1
3203974,21091,1,0
833449,8953,2,1
1307616,20734,3,1
2957935,10341,5,1
1789047,27695,4,0
966104,36399,9,1
3150732,28156,2,1
672716,21903,2,0
453928,26604,12,1
2061928,47209,1,1
604265,48422,10,0
3239348,26209,8,1
2261340,49416,16,1
1969427,3599,2,0
2857529,1848,18,1
3297824,29307,7,1
2385394,17794,13,0
2475467,46842,2,1
2125808,44661,3,1
602859,44359,3,1
106790,3988,8,1
3193884,27690,23,0
141134,34126,34,0
1456099,47209,10,1
2225015,22849,9,1
2254934,22935,10,1
3063824,14379,16,0
2286682,24852,2,1
2636268,37067,20,1
3027951,22825,11,1
2604490,31717,3,1
1105911,32751,2,1
1047784,21567,6,0
1658400,30790,6,1
1835005,39279,12,1
2684978,34969,6,1
152966,12304,4,1
3400507,23322,6,0
2390337,39922,6,0
2254934,49232,11,1
1129413,15592,9,1
1441203,17461,2,1
1732849,28083,15,1
2901063,24841,4,0
2270792,25050,29,0
1421558,48679,12,1
2089295,23734,14,1
202979,32635,4,1
1075590,23540,7,0
2354873,42719,2,1
1494932,31651,1,1
835025,9387,8,0
1403048,40604,9,1
1526289,44368,22,1
1049295,47209,3,1
114772,15772,12,0
2227347,10288,23,1
2482578,48946,17,1
681045,16020,15,1
221658,31640,4,1
406193,30233,2,0
116933,14462,9,0
2719316,34969,1,1
2659733,35951,2,1
2414006,12341,3,1
1133730,43735,10,1
2087725,5258,1,1
3325115,4724,3,0
2153867,27966,13,1
2425939,35951,3,1
1351975,40604,6,0
1195476,42585,19,1
2067931,42177,18,0
2173447,17038,6,0
3324758,6016,10,0
2245975,10329,8,1
453928,40002,36,1
3304359,12033,6,1
388281,33787,16,1
2211234,46572,4,1
1889255,16262,2,1
3109703,39877,2,1
2756692,29628,1,1
2719316,28934,2,0
557274,46667,9,0
2617243,39589,5,1
783243,30489,28,1
861027,31564,9,1
574132,27845,1,1
2815645,18963,2,1
1592021,29689,8,1
1013560,40063,4,1
2888702,40910,8,1
2490522,17794,11,1
1412261,14129,2,1
1939226,45066,13,1
209938,21903,2,1
1116683,41319,42,0
168087,11777,10,0
2330892,4138,6,0
2955658,33929,5,1
3214338,10326,10,0
1533920,43101,9,0
1526026,42736,5,0
3351729,27544,30,1
1162618,35108,1,1
298801,27848,25,0
1473441,1458,2,1
611201,21903,4,0
2816787,13176,1,1
521174,43735,2,1
2216508,49621,7,1
3413271,30391,3,1
2761299,45220,3,1
2353590,8868,30,0
2317494,404,6,0
2153867,4920,12,0
968410,20395,6,1
2042742,27344,10,1
114695,31373,4,1
1405047,27845,2,1
876895,15780,3,1
1935801,5266,7,0
23726,47626,26,0
477762,38278,28,0
921914,20327,7,1
464454,20114,21,1
3244509,37276,19,1
3389246,10017,5,0
2834292,12032,2,1
461915,45671,9,0
2624533,35708,10,0
34244,6347,2,1
2166849,22888,6,0
155569,20021,3,0
2209840,48946,9,1
682107,17915,10,1
1737069,33754,3,1
1294352,13176,3,1
2032403,17131,5,1
1207687,23198,6,1
871430,25340,4,1
1333178,1468,17,1
358760,21616,20,0
470154,13822,1,0
3378937,9076,16,1
103562,1940,11,1
2252000,35072,9,1
2191324,4962,6,1
1577184,4006,6,1
2358365,48708,18,0
1856848,33178,4,1
1930124,37188,22,0
2417959,23263,7,0
3147782,21694,6,0
1634845,6184,6,1
3382838,8555,6,1
3074643,24852,11,1
3082890,21938,9,1
1236884,17878,5,1
755549,13799,2,1
1248775,31292,9,1
780383,13646,7,1
1648109,13176,3,1
2337738,45504,21,1
902413,27307,13,1
521174,43122,4,1
2515614,12369,12,1
380105,31640,20,0
34244,39275,24,1
821760,17668,1,1
2409711,1890,9,1
1564230,21938,5,1
2764785,27344,1,1
2484111,19645,8,1
3035345,38039,6,0
3409131,43876,19,1
834395,24852,1,1
292560,15392,17,0
2214267,28990,17,0
2820365,22993,3,1
3236643,15984,3,1
2645228,5450,8,1
3125639,22825,20,1
3142267,39890,12,0
2961128,39485,4,0
3366398,23432,8,0
2714882,1559,5,1
2781237,42731,1,1
2232838,890,11,0
1183871,11140,8,1
1860476,39194,6,1
35054,45741,1,1
552481,643,10,0
3137744,3952,2,1
1887035,2295,20,1
2201330,12409,6,1
2417959,41770,3,0
1000881,5959,7,1
919944,17872,21,0
3208519,28928,2,0
298801,13176,23,0
382373,4137,4,1
2630126,9597,19,0
3059076,47766,9,1
2353590,24499,16,1
3150642,13176,2,1
925750,8380,5,1
3027951,43713,9,1
3131722,6891,9,0
504142,47977,3,0
1577371,29662,7,0
396126,40571,14,1
350234,14218,12,0
2604490,4799,6,1
3009409,30391,3,1
328899,7901,23,0
1854375,24203,10,0
1648109,35510,8,0
296718,33294,3,1
2946659,6873,16,0
2247808,21295,9,1
49123,46558,20,0
791241,47097,1,1
2328979,2078,1,0
3350435,22497,3,0
2370500,38817,6,1
814061,18829,10,1
3186408,13431,30,0
769464,45007,2,1
458815,35512,12,0
1182376,33825,18,0
2036180,9663,8,0
1939226,16965,1,1
2089295,33342,11,0
1105911,27845,5,1
554700,5991,3,0
448802,10441,5,1
1966489,4920,8,1
3203974,24123,9,1
2215422,39618,1,1
2186154,39812,2,0
2946287,42380,3,1
133354,19019,5,1
1234450,17794,6,1
2786733,38135,21,0
1687584,177,10,1
2286902,33700,6,0
654293,15872,14,0
2544855,18918,11,0
2766034,19348,17,0
238621,5067,20,1
1407350,46485,11,0
3286070,5876,10,0
1666721,22947,17,1
688277,39812,11,1
1274525,17957,4,1
2599454,8277,13,1
628977,38383,21,0
2474966,8048,2,1
1184270,4269,11,0
1403048,26209,10,1
3341034,16797,8,1
2844289,10897,2,0
3041782,29600,2,1
1457656,37524,12,1
631759,25767,17,1
1550297,24035,14,1
2556051,7500,2,1
2018093,37250,4,1
2420821,16057,2,1
284189,16056,8,0
2313499,44987,7,0
2890157,41198,4,0
2857529,30849,19,1
2402579,9124,33,0
3405385,32636,14,0
2173141,21903,15,1
1499484,17948,1,1
430151,48595,10,0
1844833,33056,7,0
518627,28934,9,0
1464088,39581,7,0
2377518,42790,19,0
3171951,10374,10,1
1479136,42736,5,1
659026,5373,6,0
1532138,12341,10,0
2612086,19220,6,0
194063,23400,3,0
828608,260,14,0
1782328,22935,10,1
523544,24852,2,1
932912,41259,3,0
184647,14562,5,0
1692372,42929,1,1
3038413,45537,13,1
3197406,32566,1,1
1501718,42342,3,1
1214922,31557,1,1
1067113,35628,1,1
2492255,46673,4,1
3142267,22825,9,0
195672,44325,2,0
3033500,35887,21,0
700063,27850,12,1
2610074,8714,7,0
2291693,42265,16,1
686403,25010,2,1
1634324,46049,12,0
1652163,39794,11,1
2619914,14947,9,1
2345707,44047,1,1
1305116,14168,1,0
930570,26629,10,1
2971850,24852,2,1
1185205,30707,8,0
2685683,43647,3,0
465658,33198,3,1
2986553,25138,19,0
2528689,22888,8,1
3196137,45066,5,1
2300002,21903,3,1
1155070,47626,3,1
2060410,19660,2,1
38385,47141,8,1
1333769,21760,6,0
521861,9839,2,0
362846,34497,1,0
1533920,30505,8,0
3386657,6104,20,1
385210,5959,14,0
324288,31853,4,0
2154434,42736,9,1
585035,19691,3,1
2225490,8260,9,0
1789047,1999,6,1
3131359,24952,1,0
1085241,43352,14,0
3015464,20760,9,1
1887035,1940,25,1
2610321,44310,4,1
300350,14805,6,1
2012382,5077,13,1
629644,18288,9,0
1806968,31506,7,0
2604490,41290,9,1
3042260,11520,18,1
2036180,46928,20,0
2292943,13166,3,1
2957935,4086,17,1
2589051,11520,12,0
2813132,24964,15,1
2589051,18531,5,1
2264313,44386,2,0
2402579,2326,7,0
3030560,44229,5,0
1821844,29118,3,1
430376,1117,9,1
691191,6383,7,1
2112315,35909,3,1
1914875,1099,6,1
1648363,24670,25,1
2932264,34423,2,1
2474956,42701,9,1
938613,45007,8,0
2148176,48183,14,1
2976662,21137,14,1
952338,37903,10,1
1143717,25890,11,1
1693264,39055,9,1
2173546,21066,1,0
657351,38384,20,0
192409,41844,12,1
464454,5973,3,1
1783065,5884,4,1
2008861,33527,18,1
1075378,26209,5,0
1912915,6689,2,0
1177971,33232,6,0
2905635,36070,2,0
927019,33081,2,1
1179677,11782,8,1
3193884,48859,28,0
2434663,24964,7,0
1534924,47766,2,0
570264,49610,7,1
2559910,13829,28,1
629297,15000,14,0
221974,33198,6,1
116932,31066,7,0
2067931,38444,11,1
1904249,32419,6,0
1499348,14536,30,0
246119,47209,6,1
1227265,5699,18,0
3034547,38159,25,0
2106749,21616,26,0
1276886,17650,10,1
902413,45303,16,1
1286768,27662,2,0
2917208,31981,12,0
2834338,12015,11,0
1520435,47029,3,1
2147845,6187,3,1
969799,4304,2,0
2728571,46175,9,0
2515614,2019,7,0
3294210,22298,12,1
1812579,43961,3,0
1060573,49683,9,0
2610321,45437,3,1
1738253,1463,4,0
3361042,13176,13,1
3190575,9076,5,1
1925973,49235,5,0
1732849,9838,16,1
2610507,24852,17,1
1589801,39602,4,1
184473,21137,7,1
2971522,2974,3,0
2394435,47209,7,0
3214660,15399,6,1
805051,39468,24,0
2340797,20114,6,0
762981,41220,2,0
2063315,16715,17,1
1799192,8021,2,0
419587,43467,3,0
2869976,22831,9,1
3190575,38768,6,1
1405140,325,3,1
3202670,47209,6,1
3137789,23985,5,1
380877,27966,4,0
1601680,22281,6,1
1901608,24852,8,1
472983,42736,1,0
2748367,48626,6,1
3225356,35894,4,0
908496,47209,6,1
697845,21761,4,1
793458,47734,23,0
2392481,45,4,1
2396735,47788,2,0
1969576,3599,4,1
920923,19894,9,1
1396268,43891,2,0
1864242,33232,7,1
101222,16797,19,0
1280598,8277,1,1
1894145,16150,10,0
1559269,26369,9,1
548298,14386,5,0
3290296,11759,5,0
2922587,35951,2,1
672716,34374,3,0
33041,20427,3,0
103216,43352,4,0
2064305,40310,8,1
2116531,31371,5,0
2173447,20520,13,0
790403,18362,13,1
3203974,46225,6,1
2475255,5612,5,1
3349491,8518,6,0
3337287,29987,24,0
2949496,43352,5,0
3077087,29487,5,0
3052221,20754,9,0
1272987,42078,5,1
910604,39408,3,1
1060376,7483,7,1
2300357,6848,4,1
3040238,8744,16,0
3210139,27966,1,1
556646,24142,21,0
2136595,29285,15,1
2122045,33198,3,1
2698690,38400,25,0
2209840,39636,10,1
723809,32511,3,0
199504,35140,1,1
2533898,27845,2,1
835317,18027,1,0
283772,8230,8,0
3291523,28842,25,0
195672,24852,1,1
2803797,27509,11,1
900649,42701,13,1
2015438,44632,14,0
980098,26177,8,0
1040937,13176,5,1
1197822,47209,14,1
2042657,19944,5,1
1751169,37428,2,1
202979,13712,2,1
728813,5015,6,1
398589,30450,2,1
3042260,17706,12,0
1889255,4162,5,1
288194,25480,1,1
1133320,10017,1,1
445083,41840,2,0
2073658,27104,1,0
3315866,47766,3,0
657351,1577,7,0
1587081,18441,3,0
1762202,43352,16,1
1842600,33043,7,1
815201,13323,39,0
2744445,39877,5,1
42238,39922,4,1
1078578,21137,12,1
1077640,28325,4,1
2166045,21137,11,1
2063315,26604,8,1
23726,9515,14,0
3202203,18394,4,0
1968047,21903,7,1
101182,39928,13,0
1129413,44142,8,1
1817245,42701,19,1
3171557,20955,10,0
2111456,39194,11,1
1416227,29529,2,0
2216508,13176,17,0
227512,12565,6,0
2503310,33716,10,0
2463209,28928,8,1
173886,43721,3,1
1094608,2772,25,0
1534555,27801,7,1
565929,1416,16,0
714868,24852,2,1
3142267,29334,14,0
3281892,21137,1,0
380105,24810,17,1
1133730,35512,4,1
2556823,23765,18,0
2290481,47766,4,0
214118,14491,25,0
2260036,2426,10,0
689839,25295,3,1
723665,21019,12,0
2740781,21903,8,1
2092058,30489,9,0
1884524,34530,1,0
2082355,9598,12,1
648983,49175,6,1
2245309,36343,1,0
2261340,24518,9,1
967333,27142,12,0
769376,43861,22,1
1907716,47941,11,0
3003426,44560,1,0
396126,33682,24,1
2410101,24964,10,1
464454,40571,8,0
1334464,19348,17,1
919944,21903,18,1
3297312,9913,2,1
1026960,21903,3,0
458815,11513,11,0
2559924,27104,17,1
167785,19173,2,0
2344381,25272,5,1
1806065,40868,2,1
272279,16525,7,0
1528513,18140,2,1
1887238,48222,2,1
507213,44172,1,1
68595,5876,2,1
49123,21019,27,0
986576,44008,3,1
2553531,47912,5,1
120460,32700,9,0
455884,28985,2,1
238401,27695,20,1
1027664,9839,10,1
241131,14309,12,0
540093,27227,2,1
2149774,4294,9,1
1880456,47059,8,1
1002427,24954,5,0
2279089,26604,4,1
739226,5575,12,1
1636812,41220,7,1
1487627,9036,2,0
936568,18523,30,0
3348093,2210,3,0
2690429,34953,8,0
1091855,42719,9,1
2703818,1025,11,1
2075384,6873,4,1
491077,11974,1,1
2186362,23909,3,0
888990,16824,18,0
79136,19376,9,1
521509,5460,6,0
3080855,35994,7,0
75551,13176,4,1
1227927,19536,1,0
1649688,25715,5,0
520,39180,3,1
1222048,19057,2,1
782770,15604,1,1
2329084,20269,4,0
254834,44053,25,1
758566,43122,23,0
268502,25588,2,1
328137,47026,11,0
518627,36680,4,1
1696964,517,2,1
3191470,19691,1,1
831290,93,8,1
789940,21903,7,1
2504259,2078,3,1
2956721,5373,12,0
1708408,3782,3,1
1189500,6310,3,1
2957935,47905,15,0
1597903,23288,7,0
547540,37141,2,1
2443828,41273,3,1
347467,25890,4,1
3005390,38400,10,0
101222,7021,18,1
804438,27929,3,0
3312729,39928,2,0
2648029,44487,12,0
2705982,21195,10,1
585035,940,10,1
437700,432,2,0
250107,1947,13,1
602859,2447,5,1
2485554,19678,2,0
2672333,28766,3,1
1394906,48320,3,0
173359,7987,6,0
2626104,1408,23,1
2629965,4756,14,0
1591671,22825,9,1
2996847,10603,10,1
3209084,49517,2,1
1248436,1485,5,1
961810,13852,6,0
3235817,5479,1,1
1626307,9547,5,0
2638243,43858,3,1
437349,21019,1,0
1540047,12442,10,0
504278,30776,4,0
636074,18104,8,1
1157080,34969,3,0
1099441,13838,10,0
2394907,8859,2,1
1986163,12480,5,0
1513493,25371,3,1
23726,30489,16,0
222331,790,20,0
349996,32539,2,1
3291523,27104,21,0
532711,21903,1,1
1499348,5322,44,0
315648,3896,2,0
163450,16,3,0
1553563,29987,3,1
2204939,28613,13,1
117384,36695,11,0
3062193,8277,2,0
1561762,13182,3,0
3292970,31766,6,1
3375509,26431,19,1
2492255,8832,18,1
921914,27086,10,0
2234000,34756,7,1
3027599,27663,11,0
470942,2295,12,0
2153867,16290,1,0
2224123,26165,3,1
1735756,46486,3,1
888990,13176,2,1
2648029,43951,11,1
3318430,47766,2,1
810499,2635,5,1
123061,31562,1,1
63733,45099,15,0
2785563,30353,15,0
807183,6489,7,0
2295510,31651,2,1
2587377,44142,7,0
3248349,24184,11,0
2218984,14147,8,0
463540,47209,13,1
2163126,23715,13,1
154318,5449,2,0
1083911,8385,6,1
1416564,42629,4,1
1687652,8518,4,1
1034062,26209,8,1
228411,26165,10,1
1403307,31215,11,1
3214660,13702,16,1
3418279,23622,11,0
284047,19057,8,0
1048783,22993,4,1
1810752,21903,2,1
757892,49235,1,1
3012361,32819,2,1
1388053,13176,2,1
39446,36262,6,0
2210526,19449,2,1
815201,5785,17,0
2064818,9178,20,0
2728640,45066,4,1
1842732,449,3,1
2582749,35656,5,0
911861,25138,2,1
114772,10498,2,1
473746,24852,4,1
367679,21996,1,1
2266351,30909,10,0
276897,14421,14,0
1601837,33065,3,0
1429660,7177,6,0
443007,25588,3,1
2613090,4094,11,0
2365470,12338,1,1
3286992,40706,17,1
1960026,24799,6,0
1944045,7911,8,0
504142,29944,7,0
848665,15937,10,1
3262488,44683,16,0
120818,6184,1,0
2481803,12392,3,1
640090,44479,11,0
786918,24508,1,1
127309,17461,3,1
2313494,3957,8,1
996606,37766,2,1
2036180,5411,32,1
1799192,4357,9,0
2970981,47630,14,1
2336485,14971,21,0
449178,17758,19,1
2990855,14678,8,1
2257282,39993,12,0
1083911,49131,3,1
5402,41665,16,1
3027599,13176,4,1
23726,24830,22,0
914625,45,4,1
3239493,14774,2,1
610658,429,9,1
952338,47766,1,1
1733253,20995,3,1
1439603,19022,2,1
2731169,17471,13,1
158135,27845,4,0
1258518,13198,1,1
2394086,49355,2,0
1347307,13176,21,1
2528689,45646,19,0
3171557,8799,14,0
3038779,20580,5,1
2242113,38984,17,1
759541,1244,2,1
1044539,13870,1,0
2381192,40723,3,0
1269771,41319,5,0
370781,17634,12,0
1721788,12320,4,1
936568,42625,12,0
464984,9366,6,1
2806886,11452,24,1
1871419,24852,17,0
1036434,24852,3,1
2679079,26165,6,1
1495493,49095,1,1
1961802,8131,3,0
901803,26369,10,1
1936308,24213,10,1
1534249,10621,13,0
2296809,42736,4,0
2173447,19816,8,0
2708844,32197,22,0
1783083,6155,4,0
2855355,8590,1,1
39791,35312,7,0
2928509,42803,2,0
1100721,26088,4,1
812073,8021,2,1
815201,44337,36,1
2582749,8475,2,1
2990815,17794,5,1
1272987,16797,1,1
2105410,36798,3,0
2781237,24852,8,1
3219008,34658,2,1
2259847,21137,7,1
144165,41665,6,0
2740781,3434,12,1
3308214,30827,4,1
2835192,24053,18,1
2035798,35561,2,0
610096,22833,16,0
2888702,6818,11,1
2626104,27695,1,1
1581676,47141,3,1
2281257,4562,9,0
470033,9839,1,1
1722053,24862,14,1
2417959,29292,6,0
1403307,24852,31,1
187183,46128,1,1
2878698,9076,2,1
2163126,46667,28,1
1051681,26209,11,1
1499348,18987,9,1
1008748,40469,10,0
2133182,9507,14,1
1817245,21137,25,1
2319241,40396,2,1
1414776,19660,1,1
1078578,22035,1,1
2729666,8174,8,1
689839,8518,23,1
2020140,27966,2,1
1824128,39216,2,0
1912935,18234,21,1
1357,6979,3,1
862218,27360,6,0
2817304,13575,3,1
1339513,34137,5,0
2377518,39928,18,1
2707549,47766,5,1
661374,10246,17,0
2567562,18926,1,1
198523,31343,6,0
980098,35968,11,0
522404,47766,1,1
1082576,47209,5,1
1747872,44560,3,1
1824128,14161,6,0
1901379,32304,6,1
3228410,48679,11,1
498596,21137,1,1
453928,37317,34,1
441652,5042,1,0
684635,9444,12,1
1116683,16759,5,0
1978186,45578,1,1
1119932,21872,10,0
2944552,39877,19,1
2397162,28412,11,1
1894145,35535,6,1
2294469,33065,4,0
468629,26165,5,1
325492,4938,1,1
1623548,30272,9,0
253054,2078,12,0
2173447,37665,5,0
3401357,22089,6,1
2010851,2716,16,1
2510572,45961,6,1
456635,11140,5,1
2835189,37754,3,1
1892389,19478,6,0
346353,44683,3,0
125371,20580,8,1
707546,34217,2,1
3348093,32655,4,1
706012,36994,2,1
2708338,38028,30,1
1472618,45961,12,1
3266345,25837,3,1
1384870,4945,5,1
2676633,29307,9,1
86827,14197,20,0
1534924,21616,3,1
2862828,2639,20,0
2526922,24325,4,0
2210417,22025,4,1
880882,38200,9,1
171592,33568,1,1
1800111,22247,1,0
2359308,343,17,0
2477214,10132,7,1
1649218,35163,6,1
142426,43391,21,0
610658,42534,19,1
2556051,44912,1,0
2100553,46906,2,1
129158,9124,2,0
1921507,45013,17,1
2136204,47626,1,1
1431686,41860,8,1
3003426,23405,8,0
2660237,43331,6,0
1939403,12927,4,0
1235653,43064,8,0
2061928,16185,14,1
521861,34448,12,0
2474966,16143,7,0
1665552,26209,5,1
1434063,47766,10,0
1727085,24852,3,1
2847338,23032,3,0
2194506,25640,6,0
2380156,21634,5,1
161752,14462,7,1
2273447,2228,4,0
2917208,27360,4,0
834195,36062,20,0
1616735,18594,22,0
1362807,4451,9,1
1679818,5194,1,1
411073,23909,2,1
1661256,37022,13,1
280691,20034,6,1
1057387,21137,13,1
523544,26131,7,1
394847,12144,2,0
1785392,31714,12,1
2173141,31343,5,1
552481,35715,23,1
2379941,19508,15,1
3239951,20015,8,1
2329084,29249,2,0
2654878,26209,1,1
2997676,18460,10,0
1626307,35762,7,0
1953790,29124,7,0
745555,34126,5,0
1449657,21137,24,0
170286,35469,16,1
1511954,38747,19,0
1449657,10132,15,1
2964954,6046,6,0
804069,41220,5,0
1853343,25018,5,0
1143717,21903,5,1
2782160,49235,5,1
27159,22935,11,0
3350981,21616,7,1
2290481,13292,1,1
114772,39954,14,0
1926961,44090,6,1
2094406,8195,1,1
1230250,21903,5,1
1866234,13176,2,1
2713500,25718,4,1
2975886,25931,8,1
1307165,45149,19,1
314706,7559,5,0
1054548,37119,8,0
1743601,33626,3,0
959205,38400,6,1
1818666,43122,10,0
254834,19019,19,1
1405047,5015,10,1
1180642,40055,4,1
1866234,11520,5,1
791241,4536,2,1
3035474,28656,2,0
3090699,27966,14,0
101222,9076,23,0
1655279,47209,1,1
2468162,26620,1,1
1533920,9092,17,0
1998779,21463,3,0
2385394,44698,5,1
2547369,20995,5,1
2942088,46990,9,1
804069,13646,1,1
1401110,41999,8,1
1070034,24964,11,1
2630126,38772,23,0
3041171,46667,9,1
2576871,21174,7,1
562799,41682,11,0
3262488,38293,10,1
807183,37687,4,0
1444722,42561,6,0
999612,46206,6,1
3418279,13431,16,1
729902,48493,15,0
2075838,38312,5,1
3252857,1468,11,0
1099266,47626,3,0
2579039,16830,5,1
2082539,13536,17,1
2754800,20118,26,1
2678456,22365,1,1
2665513,48651,27,0
3244509,47621,28,0
2652617,24489,6,0
990507,29821,10,1
1526289,22935,7,0
726044,39561,4,0
2966362,27643,26,1
2102829,5077,4,1
352569,196,3,1
2747426,8048,3,1
2938842,6184,3,1
1520435,19816,6,0
2565436,10036,4,0
2319889,47766,5,1
748572,13083,3,1
1916455,4957,11,1
1051681,4796,15,1
656465,10333,10,1
469850,14084,6,1
2319195,45007,18,0
1439603,35898,12,0
552481,19366,22,0
968410,37687,4,1
1138236,32299,9,0
1505204,35629,4,1
1635798,24955,22,0
2473430,43294,26,0
331306,20009,7,1
523704,18234,7,0
1667558,30169,4,1
463540,39448,15,0
606074,34243,3,1
68359,5646,21,0
1726333,47626,2,1
2319195,13852,10,1
1003422,17630,9,1
2876665,27845,2,1
1272333,41658,7,0
989852,31433,6,1
1896455,6297,8,0
2073658,23579,9,1
1938991,31154,8,0
2455090,24852,3,1
871430,32828,19,1
3347815,5047,10,0
562799,47977,10,1
675954,23102,1,1
3026623,33825,7,1
1788296,40376,5,1
2755194,27741,7,0
1784000,24852,8,1
2902535,20009,9,1
865200,25804,2,1
2695585,28233,9,0
2684747,49583,6,1
1946392,26209,8,0
3121414,48104,30,0
2428333,31821,8,1
564909,23288,2,1
2817148,22713,10,1
2990815,5578,10,1
1503291,34134,14,0
2653514,42585,6,1
2977027,198,14,0
3197406,45633,4,1
1646436,47156,8,1
722376,5077,2,1
2138086,2326,8,1
2412775,22935,2,1
3232819,34458,15,1
3208314,2855,5,1
1141716,38772,13,1
672303,37215,6,1
2428508,17949,5,0
177167,30169,17,1
1572772,18362,6,1
31254,4796,9,1
1785137,14084,1,1
3292431,39055,5,0
1548278,8021,3,1
1457960,13974,5,1
1027664,3399,8,0
904712,40285,3,0
3360897,42063,1,1
559779,48109,7,0
2412500,12541,5,0
1222048,38200,5,1
961718,27418,2,1
3080855,24852,2,0
1944045,21927,23,1
557274,31865,21,1
1405140,29315,1,1
2888702,45221,4,0
2744445,44632,2,1
917740,35353,4,1
3000960,28199,14,1
3062193,39619,26,0
913465,5322,6,0
1116683,22920,32,0
1047784,34126,15,1
1900813,45673,8,0
2456313,26209,5,1
2564285,32099,13,1
1093097,7806,2,1
1846923,21019,7,1
2173447,7185,18,0
2553531,10826,9,1
3253863,44142,1,0
834395,9507,6,1
2767353,31506,8,1
1196345,24353,2,0
610096,14678,7,1
2500821,210,14,0
2230452,36107,2,1
1403307,18465,26,1
431815,35264,18,1
822194,7751,2,0
2510572,2825,14,1
2885484,33754,26,1
113729,46667,16,0
873307,38739,17,0
1762281,16249,8,0
783243,21903,21,1
2244165,44910,10,0
954978,40268,14,1
652693,48144,14,1
221974,14862,4,1
807183,25640,6,0
2653633,17949,3,1
193421,46667,1,1
1570282,12107,15,1
1724022,6363,2,0
1196345,2512,4,0
3279847,1181,4,1
2990815,28204,8,1
986580,24852,1,1
1478657,20378,1,0
2063315,31433,5,0
1198409,39330,14,1
2972721,5077,7,0
704415,24852,2,1
1530205,21137,9,1
919944,8174,15,1
2287396,17044,1,1
196100,14633,35,0
3355219,17122,7,1
2160510,49605,4,1
1592021,12343,17,1
562799,47788,14,1
2724507,45066,3,1
116932,4920,2,1
1365016,5258,1,0
338788,28199,4,1
1338571,14437,7,1
1912035,7175,4,1
1708530,2643,1,0
554700,38456,4,0
2958801,21903,12,1
2006423,1148,2,1
2333968,27959,5,0
1595055,33845,7,1
328137,46372,14,0
1057387,42768,4,0
844382,35425,30,0
925750,44245,12,1
1893236,5134,4,1
2511975,26172,11,0
2161272,5876,5,1
1207838,30391,11,1
657351,19677,24,0
2377518,45007,2,1
3142940,19213,5,0
693617,21137,6,0
2665388,26209,20,0
1749769,4920,16,0
593900,2633,3,0
759541,31737,6,1
3172172,46802,13,1
1658400,24915,3,1
2977027,47766,3,1
3326394,4799,19,1
3074643,13116,5,0
834195,1919,18,1
2665388,49131,5,1
2292943,13949,10,1
1989898,31683,16,1
1456099,12401,2,0
514683,45613,9,1
1896455,4799,9,0
2008861,43122,19,1
3326394,47209,28,1
2042657,3957,2,1
1524084,45116,31,0
1576736,24852,10,1
1613587,9076,9,0
1860476,30776,2,1
3401357,26209,2,1
571821,27509,11,0
298801,6141,11,1
168765,27966,3,1
2010851,30233,1,1
110580,9020,6,0
116932,28934,3,1
2194516,12782,25,1
1607397,18963,12,1
477211,31779,3,0
2026145,35976,7,1
412496,29082,8,1
252242,24131,6,1
1387420,22825,9,1
3041736,2915,3,0
456868,42495,3,0
2803797,31634,8,1
434839,23165,14,0
3366398,29061,7,0
2215422,33745,4,1
1068657,27705,11,0
2132959,47759,7,1
292236,24852,3,1
2166045,21616,6,1
1775730,21709,2,1
1754264,13176,5,1
2935289,47209,13,0
2098773,21903,5,0
2385394,27104,4,1
495206,17979,17,1
2890157,34310,5,0
2944552,13629,16,1
596253,46870,40,0
3290079,31766,4,1
966502,25890,1,1
1200476,43967,6,0
838752,21137,12,1
2012874,13838,2,0
254834,2091,15,0
221468,43690,5,1
1272333,13733,12,1
175140,15649,15,0
1844833,31564,10,0
1298987,24838,8,1
3063824,41565,24,0
2364499,12916,8,1
1035489,46667,8,0
2581945,26604,21,1
3125639,46505,7,0
608449,36406,6,1
328137,28985,2,1
996606,20887,6,0
2255052,17667,8,0
500235,8277,6,0
2143881,47601,24,1
1467516,4799,10,1
2108356,23734,1,0
2887525,27344,4,1
1781603,31584,2,0
2559910,13870,27,1
805051,34584,13,1
3405555,23516,19,0
1299253,20995,12,1
310272,19468,12,1
1859728,28204,11,1
2166849,329,4,1
368123,4421,15,0
1857029,41212,2,0
498646,35939,8,0
1992142,29373,7,1
2262743,40310,4,1
2546799,24852,5,1
3290937,15937,2,1
2852531,36149,9,0
2194119,40571,2,1
1554650,30323,8,0
3298200,10504,4,1
1259020,2450,10,0
1812579,10527,5,0
2771140,23165,18,0
1937142,2326,4,1
1570282,32433,13,0
562799,31964,12,0
2804990,9864,19,0
115075,32884,1,1
2048045,30024,18,1
184647,42265,25,0
2998283,18288,4,0
656499,49683,9,1
1084862,24852,1,1
1159106,43129,5,1
1022897,21903,8,1
1384870,26165,3,1
2766034,26412,18,1
1547644,14191,1,0
3321167,47526,6,0
2020140,36550,9,1
1557493,26751,20,1
1550297,42536,20,1
2970304,31343,35,1
2245975,28199,13,1
862218,49032,21,0
1002427,11949,1,1
860479,3919,1,0
1540823,34244,3,0
2880994,37929,12,0
1478388,15261,17,0
591838,16185,2,0
388478,601,12,0
191506,39928,3,1
1116683,32700,22,0
2055774,48679,2,0
2041728,15351,10,1
1088489,21903,6,1
579378,12576,3,1
2005470,3896,6,1
394640,48246,3,1
2412532,2748,3,1
654293,28199,3,1
276898,21681,20,1
1978740,17616,20,1
525968,21137,6,0
1202617,47766,10,1
23571,35055,4,1
2708338,35418,11,0
1159106,19678,10,1
2732878,13176,1,1
350582,34866,4,1
2755194,19660,5,1
1447541,10337,6,1
2049512,21137,4,0
2943010,4546,8,0
570875,16759,14,0
1687584,35951,18,1
3042260,22935,33,1
1471738,3599,20,0
745555,27521,2,1
642561,15156,2,1
2154434,1160,5,1
1334464,9387,14,1
2336485,4920,14,1
1789044,46906,3,0
2928697,25890,8,1
48480,26683,6,1
1623570,25919,9,1
271263,20785,5,1
1717084,3217,4,1
1085604,48706,8,0
446529,20361,12,1
2189542,14858,8,1
384429,26298,1,0
1403307,25640,16,0
2974126,34243,5,1
601540,5785,18,0
2163126,49511,36,0
1816715,17634,3,0
876775,4799,12,1
2999148,33746,4,0
2076321,10032,2,1
2298722,28911,3,1
1388053,47209,4,1
2537455,34289,11,0
1517745,44987,6,0
2722623,30148,23,0
3286992,24852,5,1
1054196,5456,5,1
3034547,42443,1,1
1241644,33279,2,1
463540,19156,11,0
3284231,42768,7,0
2753699,47788,5,0
209056,9210,1,1
168087,5876,7,1
2044769,21174,11,0
2494143,32525,2,1
579236,18523,2,0
3135473,1408,4,0
2190751,41199,13,0
563524,2966,8,0
2518264,27695,3,1
2948550,13380,1,0
1826042,38768,3,1
1290148,18998,6,0
411643,4920,3,1
264042,41355,14,1
767160,9071,1,1
1159106,21775,2,1
238369,47209,3,1
2282581,35233,39,0
2882456,43264,5,0
1305116,41408,4,0
760471,44910,7,0
900649,43076,14,1
2245309,1463,9,0
1552699,37687,2,1
2835192,38455,48,1
911861,432,8,1
1682324,39861,9,0
1935801,48395,13,0
477762,14897,15,1
27431,37220,1,0
1387420,43789,17,1
878028,12333,5,0
3351729,27845,6,1
442917,40691,3,1
337901,21137,4,1
1195476,1803,6,1
919944,30849,19,1
323074,37646,9,1
883825,49235,4,1
2249324,31015,2,0
298801,9839,3,1
1799192,28119,1,0
324877,47788,22,1
2820779,42625,11,1
2036180,12427,29,0
3205411,41783,4,1
2756805,41220,7,1
1901608,19006,18,0
2892649,33651,2,0
2689328,7443,8,1
338788,47866,15,1
596253,11826,32,0
1220920,46041,11,0
1455127,6656,6,1
733933,21195,9,0
1442449,45296,2,1
1989898,28204,15,1
2813132,19204,10,0
2894900,7156,3,1
1332485,16797,6,1
219524,34590,1,0
3193884,8518,29,0
157970,48491,16,0
919441,47526,2,1
572713,6926,1,1
2261206,10385,3,1
3110383,16797,11,1
2490522,19678,1,1
23571,28572,1,1
2102829,20842,8,1
1075411,26369,12,1
556646,8920,8,1
2714783,10132,2,1
2681105,5120,13,1
2160510,17341,8,1
2707549,41665,12,1
917740,25985,2,0
1913147,40593,19,1
1049203,27104,18,0
385210,25965,3,0
2273447,17948,5,0
2064818,11182,11,1
6761,7736,3,0
1284203,26576,5,0
153467,21903,4,1
2377828,27845,1,1
1939475,23400,22,0
925750,6073,8,0
2510572,7600,19,0
3297979,4920,5,1
2317494,23264,4,0
1565536,19448,18,0
2487168,7806,17,1
2679066,28993,8,0
1919192,37646,5,1
3394307,22241,10,1
1534249,29117,3,0
1693264,20580,8,1
2914070,38849,7,1
1116683,24629,17,0
1668844,47626,9,1
2769198,24830,5,0
1369155,47209,1,1
2569081,18078,14,1
1102408,36332,6,0
1577831,30018,9,1
2882456,19057,10,0
1457656,43122,5,1
629368,30909,5,1
3102856,5652,9,0
2654878,15576,7,1
297746,45683,1,1
3035345,37029,3,0
1075601,39303,7,1
1859323,37646,7,0
3284322,41950,2,1
2959863,44683,3,0
891240,18229,9,1
1179677,11791,4,1
1765304,46886,1,0
2506258,47209,6,1
2723198,23565,5,1
2775086,18531,6,0
601540,37067,7,0
442917,2108,2,1
1497383,30391,6,0
2227011,18673,6,0
271263,46147,6,0
3349491,9327,10,0
1051681,47766,5,1
631166,18288,13,0
2127348,40063,3,1
1198409,12149,18,0
3127816,46584,4,0
3131359,45313,10,0
1339513,26604,1,1
63733,169,5,0
2164667,35919,6,0
1434063,24852,7,1
381983,10246,21,1
1942105,40586,18,0
2777474,13176,4,1
170591,22035,11,1
2556536,30591,18,1
1478147,29557,3,1
338788,46049,5,1
2429533,26634,10,1
2673711,41950,5,0
3234951,5959,1,1
1586341,14678,5,1
403179,449,5,1
2136204,4605,9,1
2813132,49,12,1
2337738,38886,9,1
2823569,2966,5,1
2886174,47626,6,1
1620007,39877,11,1
2225416,48857,5,0
470142,42110,15,0
1034062,45650,4,0
1534249,26604,8,1
377188,42421,18,0
939266,3896,9,1
3348093,34969,15,0
2004686,14036,2,0
2789485,43279,15,1
1051681,45066,13,1
2436850,32689,3,0
2286682,28985,3,1
2529955,33116,3,0
1341839,44753,8,0
264042,34487,12,1
367679,22963,18,1
38385,28155,2,1
1338227,16409,1,1
1607397,38456,10,1
2244051,44354,1,1
2188148,31865,10,0
1347307,47626,14,0
598812,30287,2,0
2772911,196,5,1
463540,18479,9,0
2664489,35140,11,1
3182585,23039,1,1
3195398,10199,7,0
2295674,3957,15,1
1765304,11512,2,0
811478,16797,6,1
2586073,8480,6,1
2996306,21914,3,1
2982675,4681,8,0
815201,21435,5,1
3243858,41787,5,0
1823245,14891,8,1
2061928,17794,4,1
1446279,32284,14,1
1355835,22035,6,1
2439256,47977,2,1
2359308,3042,14,0
3024721,38689,1,1
1049568,30233,1,1
388541,6473,3,0
1917281,21938,23,1
1084454,31966,5,0
2120337,17789,24,0
2256752,34126,2,0
2268216,25718,2,1
661612,35911,27,1
773487,38273,3,0
1249637,29523,1,0
2012382,39275,16,1
1534349,43961,7,1
3337287,24946,21,1
3364732,47626,4,1
343370,14419,3,0
612304,13203,7,0
1036344,46906,11,0
1682324,34262,11,0
854246,39858,3,0
2722178,49505,7,0
127309,24082,5,1
1778567,12815,3,0
2439256,29503,3,1
1727085,14462,15,1
3327579,13176,1,1
3341034,8277,6,1
470142,18362,26,0
822194,9038,6,0
3015464,39190,6,1
3350435,17986,6,0
2163126,49417,27,0
1246226,7751,5,1
150329,12481,21,0
1886676,13176,1,1
2893017,26558,1,0
945368,20114,3,0
2975886,5769,5,1
1172996,35633,9,0
723489,2102,3,1
657572,20659,4,1
2526148,1970,31,0
1774270,24852,3,1
1978509,18918,8,0
2929997,30489,9,0
3323298,23909,2,0
1514125,5259,3,0
127728,13535,2,1
2866486,14870,2,1
2789485,21293,19,1
377188,28204,21,1
596253,4070,10,1
1765304,18110,4,0
1018671,30776,2,1
891807,38831,17,1
2949496,29926,11,1
1288051,25300,1,1
66007,47626,5,1
987550,26209,12,1
63649,12941,8,1
682330,5534,22,0
2599454,37067,6,0
1090679,30450,2,0
2107075,16903,11,0
378711,31970,3,1
3267157,13859,11,0
2720594,38028,14,1
2396402,2727,3,1
799209,3513,4,1
3099703,14992,3,1
1091712,42719,9,1
2652617,43086,13,0
790183,27845,2,1
706641,13176,1,1
2298722,19766,6,0
101222,8412,21,0
1503291,21903,6,1
2323728,8277,5,0
811116,10108,24,1
2840337,14753,57,0
815201,45582,26,0
1487627,34627,14,1
1342932,13242,8,1
1763533,24852,11,1
1653554,5456,4,1
1054196,43378,2,1
494497,5547,5,1
2390104,47766,3,1
2942088,329,6,1
222302,17355,5,0
1499348,35909,8,0
910507,5876,3,0
3142267,2855,4,0
1411097,42585,27,1
2981492,42265,5,0
2609019,23291,5,0
927790,11777,4,0
501834,21137,11,1
1620007,37288,16,1
1612891,35383,4,0
3052700,1819,2,1
2364462,45051,1,1
2623298,39276,5,1
2428508,18239,15,0
794134,40618,2,1
2163126,23630,3,1
1405047,26165,3,1
1328274,31343,4,1
514683,6750,19,1
2501585,47209,5,1
2218527,16185,9,1
3335921,31433,18,0
323074,45870,13,1
1260794,30561,2,1
127198,42110,10,1
1552035,30290,3,1
2739975,31717,14,0
1190142,23643,9,1
1783761,47209,8,0
287663,2732,3,1
2551089,34969,13,1
3291523,7632,22,1
2218527,41453,4,1
1939475,21137,8,0
1451336,40571,9,1
2081925,47196,10,1
1687987,43692,1,0
3082890,39619,3,1
1524084,5025,19,1
2787070,10243,20,0
1524084,45763,16,0
3045755,28465,1,1
999612,20648,12,0
863590,21137,4,1
267895,43712,4,1
252505,29487,3,1
381983,17027,23,1
2722623,23822,20,0
2319889,47759,8,1
2247062,47640,3,1
3041171,29398,2,0
485136,37528,2,1
1487627,48023,16,1
41227,26497,4,1
2778652,29193,27,0
2510572,23579,2,0
791430,5479,4,0
2902535,28289,1,1
2592492,7781,3,1
461915,9839,5,0
2256802,2569,9,1
756864,8424,1,1
385526,34243,4,1
116933,12872,11,1
854246,23670,7,0
2612636,29941,9,1
3062193,26604,7,0
3134439,23139,2,1
4896,7539,4,1
1054548,611,7,0
3272019,39275,8,1
3193884,34163,25,0
385210,7677,5,0
1998779,37449,13,1
1728655,1940,2,1
127198,14717,11,0
144790,24184,5,0
1487072,32277,3,1
739226,27243,8,0
3147707,38609,11,1
1119932,30027,9,0
1143970,26079,7,1
384823,39094,5,0
681503,5161,22,1
2880994,23,4,1
2555240,42677,2,0
2966362,28842,29,1
1112841,24852,1,0
2204424,6317,3,1
2249324,41198,1,0
2955453,26010,4,1
1362807,21616,13,1
3038413,30305,4,0
168087,30233,5,1
395719,24852,3,0
3339416,25133,2,1
3193884,24838,11,0
166272,24964,9,1
3366497,23233,8,1
1049203,49424,5,0
656499,22247,5,0
1677644,24852,2,1
2839062,44449,7,0
2078365,25821,4,1
1963123,24489,4,0
2739975,16797,7,0
454536,45200,10,0
1094608,46266,23,0
1466816,49235,1,1
2612482,44359,17,0
723809,8590,7,0
469850,8528,4,1
449178,10603,28,1
21101,46720,6,1
56577,8555,3,1
709290,29599,1,1
2980341,24952,2,1
602859,35749,8,1
2555240,32753,5,1
235689,35264,8,0
1457656,8670,21,0
2452649,41349,7,1
254834,16349,18,0
1733143,8197,1,1
2868167,7901,19,0
2934073,14670,2,1
3082569,24009,10,0
1457646,28058,6,1
2333119,13049,3,1
1068657,21616,22,0
807977,37687,1,0
2029393,32566,2,1
1664133,47626,6,1
521174,47380,1,1
2098773,36606,12,0
2877499,32650,7,1
2968164,46847,6,1
2439714,17956,1,1
5402,36216,7,1
2885484,17487,35,1
2342770,47626,15,1
1755685,46979,1,1
2709752,21137,16,0
2425939,6532,5,0
731085,44292,4,1
2684747,22969,5,1
1089864,18963,2,0
483486,651,13,0
1067973,46979,5,1
1218793,20802,10,1
27342,33279,3,1
2700391,24631,9,0
3389352,29615,4,1
933662,45,2,1
1725437,6187,3,1
571961,8204,3,0
2281257,25931,8,1
1015479,44632,12,1
838752,19354,13,1
823844,44632,5,1
2226933,45788,3,0
807947,21137,1,1
2106828,49192,4,1
1290846,34939,1,1
3059076,6833,2,1
388281,22504,6,1
3214338,37710,12,0
450921,14647,3,1
413757,40554,15,0
2255474,23406,20,0
645036,41273,9,1
489531,24838,23,1
2990855,1883,3,1
3147782,32492,5,0
1085241,38985,3,0
2753266,47766,2,0
158135,41570,2,0
1642416,24170,17,0
3286992,8518,21,1
2659733,35400,9,0
367679,37646,12,1
72056,43223,9,1
1446279,40198,12,0
1921507,11123,2,1
618673,21386,4,0
580127,33694,4,1
3326394,16185,13,1
2429909,37722,2,1
119576,22507,1,1
1067264,47209,5,1
1403307,27845,40,1
1655198,6201,4,1
1155410,29675,3,0
1131751,40146,6,1
3405555,46139,10,0
1907716,31374,16,1
1449657,14814,14,1
49531,10385,1,1
2665796,34063,4,1
2868167,2519,17,1
2576871,31015,10,1
3191470,4724,2,1
504278,4674,3,0
2998996,38154,10,0
1679818,39491,7,0
384823,29589,3,1
2711584,42976,1,0
2082355,48073,32,0
3230918,9839,8,1
2194774,25146,5,1
1122487,28849,12,1
2380771,5708,6,0
778793,4354,2,1
2164667,19678,16,0
3109162,18404,1,1
3102098,24964,14,0
936568,4957,29,0
1129413,28476,14,1
3294210,1848,3,1
416444,7948,1,1
276898,12456,10,1
199504,16363,4,1
384938,11520,1,0
17202,16185,11,1
2014120,46969,5,1
1738253,21137,6,0
3282247,34067,4,1
2739975,13176,3,1
196100,47209,2,1
2532667,21137,2,1
3273429,36070,6,0
3327623,13176,6,1
631347,26706,5,0
3383665,22035,5,1
1496025,45633,4,1
495206,24852,3,1
3141121,36697,3,0
2684747,45063,4,1
141134,24852,14,1
2256802,47766,10,1
3137744,41588,7,0
170286,30391,7,0
2261340,10121,5,1
2475467,16696,1,1
1824128,28132,16,0
1492542,47402,1,0
250107,31717,1,0
1454013,28985,9,1
1207838,46979,16,1
2901217,14771,2,1
2078365,45946,13,1
213060,20899,14,1
1642416,42736,19,0
1883476,4478,8,0
1613587,23516,12,0
1159106,11520,11,1
2515614,14867,5,0
3315996,4605,4,1
72056,10070,5,1
180747,16290,12,0
3318430,43221,3,1
3299188,5785,2,1
3381450,19046,12,1
3145889,17794,3,1
1627733,14704,5,1
2149774,9741,15,1
881182,28985,11,0
1545584,25072,9,1
3125639,21938,11,1
2975586,33590,5,0
2164400,27275,15,0
1202532,5746,8,1
1471738,23579,7,1
1085604,23165,3,0
2944552,11140,31,0
3062193,43040,27,0
2042742,8518,33,1
1835895,27845,5,1
3356599,24852,3,1
835025,8236,10,1
1360045,22275,5,0
2877499,21435,6,1
562466,48366,3,0
1984847,44987,6,0
1112414,3787,11,1
349009,35221,3,1
3141610,25146,1,1
514683,25890,31,0
1503291,15872,18,1
3217856,21137,3,0
3100296,45819,2,0
1936769,27845,3,1
1912035,10998,14,1
1936769,24838,5,1
1491992,12939,3,1
73122,5212,5,1
2425939,38544,1,1
2037789,5876,7,0
714868,27966,11,0
2412775,31717,1,1
2526148,7628,21,0
672562,25146,8,1
2855605,19863,4,0
1190777,5077,34,0
2541457,13176,13,0
3075417,27551,6,0
881848,45535,10,0
3077071,10504,9,1
728813,6104,2,1
2635070,49175,7,1
2180977,45013,14,1
2562870,49533,5,1
2976662,1215,6,1
230474,28985,5,1
2232838,19886,6,1
3219325,2078,14,1
778189,7673,1,0
1589062,47626,9,0
2840921,7090,5,0
757659,41793,13,0
591490,31020,1,0
1455059,7021,9,0
831322,31805,1,1
86827,22035,19,0
56577,46969,5,1
3383946,42828,2,0
306597,27297,3,1
2149774,33754,8,1
3304359,25640,2,0
304534,16521,9,0
1733246,13198,12,1
2136462,30574,24,0
2457711,24852,3,1
1540047,27104,11,1
2255052,41640,10,0
1627733,13806,3,1
938613,42445,4,1
2059029,3652,12,0
3209084,30442,4,1
2503310,13176,3,0
917276,47209,3,1
2511975,42265,15,1
3286992,7412,22,1
1782500,44156,5,1
2925919,21903,34,1
2683140,42557,11,1
1917423,19057,4,1
2020140,47885,11,1
238126,5684,2,0
1913147,46886,11,1
1642416,21403,4,1
2929115,18926,5,1
348701,48034,2,1
3187282,11097,21,0
465660,35973,13,0
2792505,8239,15,0
1641738,376,4,0
936492,26317,14,1
2798596,45066,28,0
1877005,5063,12,1
644871,3599,8,1
1795794,35926,3,1
68359,5015,7,0
657584,13629,1,1
681503,5114,15,1
1041475,35182,3,0
3334372,9741,7,1
2950220,12732,2,1
2455090,14897,6,0
923857,2344,1,0
2679066,3318,5,1
2163126,31678,18,1
1656908,30391,4,0
2834292,48745,15,1
1931251,41950,3,1
3351729,47626,7,1
3254876,28842,4,1
3316698,30817,10,0
2859070,11520,5,0
2748367,32331,1,1
1482787,15053,4,1
522798,46206,9,1
2798580,40396,5,0
1798868,8385,7,1
3164785,10644,5,0
2976662,33043,5,1
3226176,24852,2,1
566466,1702,15,1
597717,12576,4,1
3026087,43693,2,0
1258518,21938,7,0
168990,25834,4,0
2739052,9018,3,1
2080762,32197,15,1
2976662,1374,4,1
49123,40852,8,1
1362594,39877,4,1
3305158,17948,14,1
1201914,33772,7,1
2976662,13176,13,1
2147927,26604,2,1
2625155,13838,5,0
3007535,13176,3,1
2294445,24852,3,1
1105913,28204,2,1
758566,432,3,0
1244262,13083,9,1
565582,48645,4,1
3388847,44632,3,1
495206,24834,16,1
3164886,21137,6,1
374542,30695,4,0
3410384,31893,4,0
2813132,36550,8,1
434839,21903,18,1
631166,16882,7,0
896520,4428,5,0
381983,11777,22,1
1387420,27104,19,1
2171415,47463,6,0
2201446,4605,4,1
3115104,46979,2,0
2353590,27527,21,0
1749769,36746,11,0
1545584,48775,2,1
2013242,35578,11,1
3169725,38159,11,1
137923,39408,3,0
2193774,13176,6,1
910507,1364,5,0
1123533,17794,4,1
2420461,16797,1,0
1646436,18963,19,1
1499348,5268,12,1
3048649,17007,5,0
1260174,41149,8,1
757892,33731,5,0
1015153,17794,1,0
880475,42756,1,1
1418587,13147,5,1
2986553,37188,4,1
2359308,47866,20,0
3344009,33198,15,0
661612,16759,14,1
1778294,49198,1,1
3010366,22825,6,1
2085982,18615,1,1
70703,40706,12,1
1403307,17828,38,0
2876579,36816,6,0
1107199,25890,9,0
3400507,39876,14,0
1487627,48679,11,0
583005,17835,10,1
361260,8251,10,1
1941779,18761,16,0
2522824,25197,3,0
881848,40706,7,0
2655719,35561,1,1
2755194,46654,11,0
2970981,30391,11,1
87749,46990,10,1
3079467,23233,12,0
2689328,48370,31,0
700063,39275,13,0
161110,27719,4,0
1895135,7931,8,0
398589,5764,1,1
2061928,38812,17,0
3127816,9825,17,0
1057600,5876,6,1
729300,19660,1,1
1764274,6721,4,0
144790,38504,6,0
2612482,3599,20,0
1082576,7952,18,1
1555137,46448,20,0
1612652,22454,3,1
409097,11471,4,1
833409,21019,3,0
168087,3464,11,0
369128,34778,9,0
3353350,39715,10,0
3105906,48057,16,1
583005,32851,2,1
3343895,39409,2,1
2211372,19660,4,1
2805105,44410,13,0
412328,39877,3,0
815201,42736,23,0
3128148,12206,5,0
1506406,432,7,1
1143897,47766,2,1
2940421,1069,5,0
213060,43713,17,0
1643538,3976,10,1
1805109,7021,14,1
114772,35561,3,0
2944682,8021,11,0
3107267,30591,1,1
2951453,30633,1,1
2115404,49260,9,0
865969,8424,30,0
1939475,23643,30,0
3354029,28277,7,0
1057600,47209,3,1
476196,15898,9,0
130592,4734,12,1
350234,15630,7,1
536731,19174,12,0
2286682,7628,4,1
3184970,49227,11,0
3063824,40338,7,0
2894799,8424,4,1
137668,21137,2,1
1555697,37807,4,1
280691,28278,7,0
86827,24852,11,0
117384,4605,16,1
907336,40363,4,1
1782500,15343,6,1
3297312,22298,5,0
306597,14947,1,1
2364462,6184,5,1
165163,28535,11,1
1266340,43974,6,0
1925550,14233,1,1
3232819,39561,11,1
519112,33731,2,1
519112,41610,3,0
1912935,44142,28,1
3351729,33754,19,1
605231,35767,3,0
366955,5456,4,1
2170762,8163,7,1
2369123,44449,5,1
2685683,35750,13,1
3187282,46667,20,1
1978740,6740,11,0
3015806,21137,3,0
1333769,28441,3,0
70171,19237,2,0
1105911,7275,21,1
1830289,9006,16,1
1937142,5077,11,1
1910275,18523,4,0
776110,37646,2,1
2307694,13176,4,1
2082539,11461,4,0
2107075,24852,4,1
1332485,26209,4,0
1458581,2120,16,0
3294210,39174,13,1
610096,47141,15,0
1722825,40229,18,0
1763858,17418,4,1
3085984,45582,3,0
1274525,13176,2,1
2655148,23416,3,1
1362594,32864,1,0
3335433,17949,2,1
2484111,38928,7,1
733221,32177,2,1
3005107,38525,9,0
565929,42736,31,1
87337,23040,1,0
1242194,28521,5,0
1713951,10243,8,0
1893072,41950,3,1
1051015,19678,4,1
914625,24834,15,1
1060376,16797,1,1
2397162,4957,17,0
1846693,14240,4,1
2204939,30135,10,1
180747,33162,4,1
760471,31506,2,0
1595055,7948,24,0
1123946,29565,16,1
2456633,41290,2,1
2576871,47144,5,1
3217856,47325,2,1
2266351,46720,5,1
689839,17281,26,1
2147845,43122,19,0
2325356,34124,5,1
3208314,9339,17,0
1871419,7325,15,1
3203974,15820,2,1
2857364,29118,2,1
2760445,19154,4,1
2664124,8668,6,0
1454013,47766,8,1
1753482,17758,4,0
1619435,33000,8,1
1000881,35132,8,0
1516651,37497,1,1
2698628,42460,3,1
779211,32655,7,1
3025339,19706,28,0
1355292,21137,9,1
263784,32679,3,0
831290,48900,2,1
2866486,39024,21,0
2457711,39097,2,1
175140,13176,2,0
21101,40723,8,1
1846923,18379,16,1
2576532,10054,11,1
2855222,29695,5,1
2732170,30252,21,0
2576581,40396,8,0
2419056,17949,8,1
2337738,19895,4,1
3386657,48112,24,1
3236106,10492,8,0
2977027,41544,2,1
3330603,24768,8,1
732952,18362,14,1
3405385,31717,22,0
1357444,12916,2,0
1119932,258,1,1
2216508,24561,2,1
449178,15290,1,1
2215327,46676,2,0
996606,16797,10,1
3053220,890,3,0
1209721,4216,19,1
1455059,49567,8,0
2390337,31439,1,1
2147845,18897,12,1
1099266,16185,5,0
1197822,28204,5,0
3127816,6873,32,0
3079467,30391,9,1
1997475,34557,4,1
1514125,11190,11,0
1290210,21376,14,0
1649688,35221,9,0
48480,38689,2,1
778025,9844,9,0
358179,15655,8,1
552481,18792,21,1
2989037,13870,8,1
2582749,27616,4,1
2567240,10713,5,0
663164,29615,4,1
3125639,44359,13,1
2722623,22142,1,0
2123402,26369,6,1
834195,44289,52,1
1846693,18656,9,0
2258976,35898,3,0
1888171,44359,8,0
1403048,26131,14,1
1036344,40226,18,0
1577409,18625,12,0
3214660,30489,4,1
1108532,24964,4,1
3383946,44628,5,0
2188148,33357,5,1
2599454,35535,3,0
316126,27845,2,0
2559910,40961,1,0
1470144,13841,6,1
2466784,19449,6,1
2792505,17260,14,0
2568043,44632,4,1
838793,42265,9,1
1557493,41375,16,1
3366398,34283,1,1
2234614,11759,2,1
2216508,16759,6,1
2307694,22825,3,1
177167,14947,7,1
878028,22656,21,0
1194599,35627,1,1
3083813,46720,4,1
3254876,38288,5,1
1486407,4957,4,1
2840337,10374,7,1
2741121,17518,4,1
2819085,29926,4,0
106790,874,18,1
1487071,31338,12,1
2191324,45,10,0
3230188,27402,1,1
85929,33754,4,1
3053253,48241,9,0
3248349,37208,6,0
2652617,36389,4,0
1143970,17487,5,1
599925,38656,3,0
3042830,6087,2,1
2681105,17706,15,1
1710800,3682,9,0
1190777,45762,35,0
1766651,38293,9,1
2286902,3215,5,0
2217387,21461,12,0
3187761,13198,10,1
2384861,18895,11,0
1266716,28156,8,0
322,13819,1,1
298801,24964,5,1
1021155,43122,7,1
2550931,35213,14,1
966502,2581,3,1
1860876,18594,10,0
3082890,45104,13,1
2315427,31759,5,1
1149379,46562,2,0
1049808,6184,5,1
1838884,45007,6,1
1978740,428,18,0
3322644,27104,6,0
3231889,30192,2,1
2690429,4619,7,0
1530205,40598,2,0
716951,33589,2,1
3351729,35951,20,1
2252748,37646,1,1
1943996,2120,10,0
891807,20014,10,1
3090699,30391,20,0
1957014,46969,4,1
3292431,2913,10,0
799820,35939,6,1
1403048,21137,3,1
1417362,22935,12,0
1372466,25890,3,1
2217387,19678,6,0
3169725,46755,12,1
1998916,39744,1,0
2855355,23532,2,1
276898,42637,19,1
271069,49683,8,0
1732849,13411,13,1
3400507,7350,7,1
1315105,21137,16,0
328187,41063,2,0
1153791,1999,11,0
2888427,10957,4,1
291265,890,2,0
35475,12149,3,0
1290210,17652,6,1
1814225,20114,20,1
743551,25931,10,0
1198110,8467,3,1
1784000,40556,1,0
2318047,45007,2,1
1900095,19660,1,1
621349,48532,1,0
228411,26604,17,1
657572,21138,7,1
1190777,14875,33,0
470033,17794,17,1
2029709,26620,5,1
1261762,17795,5,1
2766567,40348,3,1
348375,25340,5,0
1172996,29613,6,0
2271847,2180,7,1
639604,16797,9,1
1680238,1244,16,1
2433512,25762,16,1
2410101,35163,8,1
1945696,21903,5,1
1429660,204,10,1
2180977,47912,7,1
731085,12440,2,1
3042213,44961,5,0
366092,9510,1,1
1122487,24830,1,1
2764848,37623,4,0
1003422,11067,14,1
1589062,39408,10,0
1687652,21280,6,1
2296370,35762,2,1
2260036,27845,2,1
919944,8277,10,1
409097,21025,8,0
3142896,3652,4,1
2729084,7382,2,1
901803,14992,8,1
818819,24852,2,1
2739975,24764,11,1
1576736,5750,22,0
3294210,30376,4,1
2987933,28535,1,0
72056,23734,3,1
881182,21927,1,1
621485,3298,9,0
1100587,27117,4,0
2588432,35951,10,1
2764532,5114,3,1
610658,10713,18,1
3315996,43568,16,0
3236082,37710,1,1
2209840,5586,2,0
864841,49191,2,0
2247485,31805,1,1
183691,29077,14,0
2689328,2180,28,0
3104876,45221,4,0
1458581,12465,9,1
2715692,9513,4,0
531211,25588,2,1
1655429,13237,1,1
1658686,11941,6,1
3179447,13176,3,1
786546,46979,21,1
1642416,44570,5,1
217334,22475,6,1
2956721,49683,10,1
1107199,45747,7,1
1817448,38531,14,1
989011,36606,3,0
2232838,1244,7,0
358760,3952,10,1
2803797,33731,16,1
1623561,35079,6,1
409097,35898,7,0
450921,25890,10,1
3397759,10749,13,1
1651452,43631,5,1
388446,34269,2,0
1565536,18434,13,0
2819115,11974,1,1
3158951,12409,1,0
3418279,46886,3,1
2076544,13176,1,1
2789485,31102,11,1
1152403,27044,8,0
873307,20021,9,1
698422,34050,21,0
1861801,41540,1,1
84785,35946,5,0
590363,177,1,1
1533036,22260,2,1
3142267,17859,15,0
2526258,49235,8,1
1268418,16398,12,1
596253,21951,69,0
1912935,4920,29,0
1599424,35321,8,1
1246226,21938,4,1
2997907,1169,7,1
1819887,36425,7,0
316126,14651,13,0
2610321,34163,8,1
1956677,21137,2,1
1982656,31444,6,1
2940832,41055,10,0
2453610,13176,2,1
1565536,19660,4,0
3093286,21405,18,1
3413732,39408,15,1
2934531,13176,3,1
2817895,7948,9,1
2517195,18150,4,1
397084,25005,3,0
1564691,3007,1,0
1876256,34126,18,0
2191666,32211,10,0
409097,43932,5,1
2173141,10912,21,1
2723972,22282,6,0
3061835,7673,1,0
489531,1940,5,0
869925,49235,1,1
1236944,11182,3,1
1049568,23233,18,1
1956927,18523,3,1
1002427,3957,3,1
621349,44801,6,1
3060597,48577,1,1
769376,21137,25,1
3028535,30921,2,1
3341034,47626,11,1
1033470,11497,3,0
2832691,24489,4,1
1051015,34126,6,1
381983,33845,28,0
31554,6184,1,1
483486,39190,15,0
921032,24830,3,1
1154517,39275,7,1
1050334,40854,22,1
1152403,28353,9,1
2129875,37773,5,0
1817448,44422,13,1
1057387,11069,5,1
1248436,31981,1,1
2986553,11925,2,0
2147927,24841,7,1
1340735,11798,13,0
2129875,44359,8,0
2306361,3682,7,1
2386834,31663,4,1
3385068,10301,5,1
1175296,16959,6,0
588098,17122,1,0
1722825,39619,15,0
1752418,27966,4,1
1259101,33701,2,1
1894145,14010,3,0
2732170,27156,27,1
2370090,13176,8,0
2789485,42936,26,1
3082890,13176,16,1
3236106,44014,7,0
2728640,32864,10,1
2164400,22021,23,0
2125285,21376,6,0
1317316,13798,5,0
709560,26327,2,0
91344,22504,7,1
3279847,8351,12,1
2406385,4920,6,1
1234450,12113,8,0
1564230,37709,11,1
3134439,27845,6,1
192997,16234,5,1
13240,22113,10,1
2394435,39137,9,1
2331885,5744,4,0
1482787,29987,11,0
1693799,23256,9,1
253464,11182,4,1
2064499,29439,8,0
1829722,10621,1,1
1711928,43772,2,1
2149774,42265,3,1
2128545,24852,5,1
3193884,47759,8,0
1239101,5764,2,1
1655216,3330,20,1
2004686,26282,10,0
1988526,42625,19,1
1050845,945,11,0
1045108,4410,16,0
1402999,28985,8,0
101222,17584,2,1
2294469,46886,5,0
2614518,31343,1,0
2337041,19932,2,1
3375509,21137,10,1
411073,32833,5,0
377646,48104,3,1
1571989,38293,5,0
63649,21903,9,1
150209,42736,11,0
2485534,2846,5,0
1444722,20842,1,1
2565605,27845,12,1
1722880,47209,4,1
2316206,13629,6,1
196100,21405,33,1
3055981,38419,6,1
871430,2322,13,1
521509,18019,12,0
1105911,19691,8,1
2751644,23236,8,0
2551089,5077,17,1
2455090,21709,10,1
644871,13031,5,1
1020340,30696,1,0
675410,5976,8,0
2840337,40660,51,0
700063,21384,17,0
1693799,5114,15,1
434034,46632,1,1
2840337,45116,14,1
1506406,17758,3,1
1180642,35855,6,1
1054548,20431,9,0
2914070,17630,10,0
480990,17402,4,0
2282581,18142,26,0
1505204,7751,11,1
2242379,22034,6,1
2075280,4662,23,0
934997,13806,3,0
2340530,44068,5,0
2270792,47209,11,1
130592,31676,4,1
925807,26604,7,1
2214483,40203,8,0
1651325,29996,3,0
175140,41540,14,0
1533411,45866,1,1
284189,4652,6,1
2042657,25230,18,1
1682324,21910,3,1
1143717,2295,13,0
3193254,31242,6,1
3127816,33731,9,1
2528689,42557,3,1
1034268,32747,13,1
142426,12624,19,0
2032403,17706,6,1
1045108,35715,13,0
1859323,13740,10,0
3214011,24235,14,0
2136595,27254,11,1
2174342,43662,4,0
1477105,2668,8,0
2702142,13646,2,1
3033815,37374,12,0
3010366,18625,14,1
180747,4210,1,1
3336850,43739,2,1
723489,2099,16,1
3203974,28517,10,1
301947,27845,1,0
1077640,24852,9,0
895261,3480,7,0
681045,38739,16,1
2538388,38400,8,1
3102627,6532,7,1
2231694,20877,13,0
2715692,28985,16,1
1687584,35429,17,1
117384,47209,4,1
1751169,25170,7,0
2559924,21560,6,1
316126,25753,7,0
3375469,32478,1,1
740395,14891,1,1
1637564,44753,3,1
2610321,42828,1,1
1446279,7781,13,1
2173141,33754,14,1
1992142,34217,6,1
244023,45535,7,0
1805081,40177,11,1
2876579,13265,5,0
1133730,33401,15,0
2565605,39578,7,1
2857529,47966,10,1
604265,42677,15,1
1561320,3464,13,0
1389350,26209,5,0
2816373,41608,22,0
983583,19156,10,1
1972821,17553,41,0
706012,24852,7,1
2946659,14704,19,0
2538388,42244,2,1
1077640,25199,1,1
783243,45007,20,0
1651452,4137,3,1
1641477,22888,4,1
2835192,45433,38,0
2246208,6336,4,1
1782500,48626,1,1
1663324,5876,7,1
1319340,4796,2,1
934989,45104,7,1
2225490,17518,13,0
2557590,42828,18,0
2325356,34523,1,1
1936852,17794,11,1
2734241,38159,4,1
2695585,34690,3,1
2132959,21019,5,0
1223808,8518,4,0
1195476,27344,3,1
2342770,4138,1,0
3420574,20734,14,0
624366,21288,13,0
717916,39580,21,0
1706764,15872,2,0
1500697,24852,5,1
1931251,6873,4,1
2194017,33731,9,0
1034268,3843,7,0
2063370,31130,1,0
3149924,24385,12,0
96619,39732,3,1
2063315,4421,19,1
1902528,49054,22,1
561269,26165,4,1
828129,44781,6,0
1114743,14332,6,0
2483852,28123,6,1
194904,436,17,1
396126,37646,8,1
1099441,37646,23,0
1131751,4605,16,1
2844289,23236,4,0
2715692,35752,13,0
3284231,5025,17,0
597678,35951,1,1
1693799,5445,14,1
2295510,11266,10,1
1978740,30353,14,0
2044769,38533,21,1
1930124,42701,20,0
2765831,38739,3,0
2014122,24799,1,1
2406616,9825,4,1
2511677,31506,6,1
1538117,44560,1,1
87749,24838,12,1
1778250,38689,11,1
29312,4920,1,1
901803,18234,7,1
2996614,40458,3,1
361260,42701,7,1
1362807,45535,16,1
2510572,49520,4,1
1912035,21137,13,1
1711928,44987,8,1
939890,15290,3,1
3105234,21616,8,0
3386657,26369,15,1
1036344,27845,6,0
837980,47439,12,0
616372,17872,6,1
2136995,6948,17,0
1184270,33037,10,0
1685181,43765,5,0
1284695,17009,1,0
723489,44234,24,0
1190777,3237,31,1
2791134,47626,6,0
222331,47209,2,1
217059,46591,12,0
995403,38033,1,1
3036419,21329,6,1
2136204,44560,15,1
2942287,15763,1,1
3346924,9597,5,1
2406385,20842,2,1
368123,49175,22,0
644871,17429,2,1
2639157,35951,6,1
2975586,2453,1,1
2032722,48726,8,0
2607105,23634,3,1
114300,18434,11,0
1797616,15995,3,1
3382838,37123,20,0
3098070,16254,7,1
1449657,35851,19,0
920923,37067,16,1
2557590,45082,10,1
594107,11520,1,1
3064552,16185,6,1
1612710,29487,7,1
1972821,10912,37,0
1195476,39275,17,1
3315996,38799,5,1
2036180,49276,28,0
2210558,47098,5,1
1562192,19019,5,0
965476,31478,19,1
996218,8859,1,0
818819,12341,9,1
489571,4421,18,1
1119932,33871,25,0
486444,46667,6,0
2018522,9124,14,0
1332455,24852,1,1
202979,16848,3,0
815201,34024,4,1
2892862,17224,6,1
2742568,47766,19,0
470033,49086,16,1
2559910,162,8,1
1766760,28934,5,0
1060957,13575,6,1
2215480,7559,1,1
523704,11520,2,1
3236528,4595,5,1
2515614,22950,9,1
2133182,16185,8,1
2503310,44359,1,1
2482578,35221,8,1
3272421,19057,4,1
274017,23537,1,0
2944552,49044,22,0
1492542,1,7,0
865969,3464,29,0
230474,20574,12,0
1456099,45007,13,1
2545409,22825,4,1
3105823,34466,1,0
125371,21616,6,1
563505,21709,3,1
3150642,21137,8,1
2268216,35951,6,1
878028,29553,7,1
2300357,5258,11,1
522404,35688,8,0
2018522,24964,9,0
2562073,31307,8,1
1599424,49683,6,1
2686979,38289,2,0
453928,30639,37,1
501174,2326,1,1
942563,47672,4,1
296880,38928,1,0
1195476,21288,9,1
1190777,39411,40,0
247699,12551,1,0
1112153,49243,8,1
1718342,17526,4,1
2331415,27104,11,1
2866486,3274,13,1
2406469,42828,4,1
358179,1347,9,1
2224448,24852,2,1
2412500,13176,2,0
2005896,40198,14,1
1148469,42357,2,1
1751169,14862,31,1
2653633,44533,17,1
3244509,2480,22,1
2785563,32156,11,0
2010440,21616,4,0
2869976,44987,17,1
2256802,44987,5,1
2397739,24120,1,0
2955097,24764,14,0
2004686,8169,12,0
2977027,7673,7,1
461915,43122,23,0
61558,38714,11,0
310272,44799,9,1
3125639,37646,19,0
270802,32403,3,1
204719,3765,9,1
1727085,21543,11,0
624366,26209,8,0
125371,22372,10,0
1597685,35213,13,1
1179677,4541,7,1
167881,10326,1,1
578257,37658,21,1
1725880,26315,13,1
2217387,13819,9,1
1816715,6166,8,0
579378,49318,5,1
2370090,19283,6,0
1648363,19261,4,1
2259341,43693,4,0
284189,42625,18,0
384823,30382,4,0
1641477,28373,2,1
1974159,38383,10,0
1534555,22667,22,0
1693264,25613,5,1
798947,39993,9,1
3184970,37414,6,1
3338756,44632,12,1
463378,3090,10,1
2528689,16145,15,0
284189,432,5,1
637836,10667,4,1
1487071,17948,10,1
449178,2228,15,1
1338227,47209,4,1
3301790,37527,1,0
698422,9839,20,0
2564285,5785,27,0
746965,36528,16,0
2492255,18709,23,1
2949496,13304,8,1
3397963,8478,2,0
2920004,1086,6,0
1256187,29640,25,1
2732263,24184,2,1
654293,35761,7,1
214118,5491,22,0
2173912,21903,6,1
563505,14947,4,1
1902528,15700,2,1
2555240,14254,14,0
805051,22122,11,1
62175,47141,3,1
879253,24852,8,1
3072062,48679,3,1
483486,46667,11,1
2465803,41950,7,1
2208747,1194,1,1
2538388,8239,15,0
2245309,29628,13,1
2259847,22825,10,1
757659,47766,5,1
2370090,29373,2,0
535392,44632,5,1
3042260,33709,4,0
624366,42625,2,0
1457656,3376,14,1
2888427,17518,15,0
137668,40199,8,0
999612,36695,3,1
253054,36929,1,0
1434063,28934,9,0
3296858,39024,7,0
3343895,8929,3,0
3304359,12254,1,0
1576736,22093,37,0
503029,44008,1,1
1564230,43338,15,0
2231694,49326,6,0
1323528,23932,1,1
3067962,21010,11,1
2614157,1559,7,1
3397759,21903,1,1
3000825,9839,1,1
3142267,40087,16,0
3214338,20955,6,0
254834,22035,3,1
174351,31474,4,1
1179677,46736,6,0
547540,3583,11,1
2731169,2078,5,1
1387420,19543,27,0
843315,3177,1,1
2708844,26369,11,1
1540047,46979,7,1
1780772,24907,4,1
1566301,16419,2,1
1889255,34220,3,1
472983,18288,7,0
2659063,42932,8,0
863033,9839,4,0
2557590,13269,16,0
2695585,10388,16,0
1497383,18370,10,0
2216508,6343,11,1
2844289,41625,11,1
1441203,21137,1,1
2251040,36011,1,1
2014763,7116,6,0
2709942,27966,4,0
570875,47357,18,0
2909536,20842,1,1
2363058,17747,1,0
2685683,29366,4,0
871430,25659,20,1
3062193,38772,21,0
157970,2639,10,1
961718,39190,1,1
3037549,13176,1,1
153467,23236,5,1
99673,5999,3,1
3142659,30754,6,1
3104380,17007,4,0
1174764,5063,2,1
267960,26165,2,1
1336176,21709,14,1
154318,5973,5,0
3012945,26456,4,0
905807,26165,1,1
1968069,44234,5,0
1448069,42342,6,1
1521827,6184,5,1
2855440,10017,2,0
2711485,44570,2,1
2242379,9213,1,1
2135221,45064,15,1
328899,17223,14,0
194374,1940,2,1
3072062,46969,4,1
1648363,33787,8,1
170366,40990,5,1
3239348,24852,12,1
709290,21403,11,1
1550826,9477,21,1
2173992,49139,3,0
1051572,43086,8,1
5599,15602,9,0
165772,47766,2,1
1361470,4799,12,0
828129,14945,8,1
711133,12206,6,0
277346,12341,1,1
3397963,8518,21,0
2458517,32573,13,1
480156,10749,5,0
3166073,31730,12,0
1658686,33787,10,1
1149784,9339,2,1
2016353,30450,2,0
3041171,2326,14,1
396126,15131,22,1
396221,5077,1,1
2841495,11985,4,1
1005300,8518,1,1
2587377,20876,8,1
1791426,43715,8,0
21101,48857,9,1
838752,14312,18,1
2283843,34824,7,0
4896,46584,1,1
1370599,16797,2,0
790983,47141,1,0
1913498,39933,6,0
3312919,26317,1,1
2344381,21137,2,1
1276886,11009,8,1
878028,17398,2,0
837980,22548,1,0
1505704,9515,19,0
2260036,16759,4,0
976941,21938,10,0
2084417,15392,8,0
1667558,49158,28,1
500235,16869,3,0
1014751,48667,16,1
3226289,18071,6,1
2082355,39877,11,1
2880994,24852,7,1
2485534,16589,7,0
1663324,13176,1,1
276397,6402,2,1
2641032,3696,9,1
3127816,22298,5,0
871430,38650,11,1
1576736,27284,40,1
1246226,28289,2,0
730064,23339,15,0
855125,38768,1,1
610658,28204,16,1
657351,2661,16,0
472983,33787,2,1
1564691,26882,13,0
318003,32347,7,1
951845,39468,9,0
1466816,4793,6,1
3041736,19505,8,1
2433512,28934,8,1
1292645,31100,5,1
2976662,31927,10,1
663915,2452,11,0
1655216,23060,3,1
191506,32433,18,0
3351729,2353,28,0
2550931,7751,8,1
274958,13870,7,0
1887035,254,24,1
1034062,37975,3,0
265557,38768,1,0
3010366,13176,2,1
1746488,11888,24,1
495206,44632,20,0
2798596,7649,21,0
170286,44632,18,0
2261907,35585,8,1
144165,21526,10,1
2706310,21386,1,1
838752,29660,19,1
1499348,6793,27,1
604265,23580,1,1
235689,28476,10,0
783439,40868,34,1
1555137,49683,10,0
580665,16848,9,0
3214338,26348,3,0
1051260,20212,24,0
963159,41806,17,1
1886907,38544,7,1
2143881,48679,18,1
2472890,14540,3,0
1720723,22935,2,1
2082355,17794,4,1
1429714,36431,1,1
1982656,23909,8,0
1693264,38164,12,1
3300865,33787,6,1
3419011,32959,2,1
1788296,24514,12,1
990507,27323,11,1
925750,21070,7,1
716653,36107,2,1
2067931,23322,5,1
88868,7559,9,1
681045,2091,28,0
1881810,4210,7,1
977815,48679,6,0
1912915,21889,3,0
2688936,8138,1,1
723489,8237,28,0
1935801,24810,8,0
175487,48933,6,0
925807,47766,5,1
1063380,1700,6,0
2577966,12872,10,1
1526289,21616,26,1
2722623,28928,11,1
1102408,12254,11,0
3141610,17600,12,1
170286,12008,9,1
2789485,16696,29,1
419587,2314,5,0
521861,17878,10,0
1637389,35168,2,1
818819,17123,4,1
870541,49611,3,0
2024553,4920,7,1
1320817,31848,9,0
449178,24082,24,1
672562,17122,2,1
114772,6510,16,0
3005107,15290,2,1
3171951,46475,13,0
3404644,27966,5,1
1982656,7358,12,1
3163059,29879,14,0
2044769,22035,23,1
1261762,30391,3,1
241599,24184,18,0
171592,44500,7,1
2629965,32096,7,0
3409131,11773,4,1
1954808,27307,1,0
2753266,28204,5,0
1190741,24386,20,0
2123268,41787,7,1
2704331,36550,6,0
2452649,45603,5,1
3232819,12745,14,1
2334070,16823,1,0
1575548,28849,9,1
60221,33452,3,1
1616735,33342,35,0
2740781,47940,4,1
1814225,42756,16,0
652693,695,5,1
1478388,15983,5,1
783439,29036,2,0
3008027,21872,7,1
3272019,45066,2,0
596253,32544,49,0
1792604,13712,3,1
2834338,24024,2,1
3087902,38179,6,0
2136204,21295,10,0
2487168,21267,18,1
1733253,8412,7,1
3042260,46802,21,0
1521827,21288,4,0
1533920,48679,20,0
2764848,41968,1,1
3404774,47626,12,1
2765831,37067,4,0
2728056,27510,3,1
1261762,13176,4,1
2322881,40287,1,0
1127125,8518,2,0
1266716,16185,4,0
890612,10749,6,1
2781237,16797,3,1
1593172,29447,4,1
68359,27241,17,0
661374,47209,14,0
271069,31869,21,0
1966489,22935,1,0
1083635,33290,7,1
3071797,14147,7,0
2731169,24964,24,0
434839,22255,9,1
2978941,48779,2,0
1392395,27705,5,1
718280,21137,4,1
3411342,11422,2,0
1734721,18020,2,1
2488607,41540,5,0
1051681,21903,4,1
1946392,14945,18,1
2482578,14947,12,1
3046687,10441,1,1
1818666,49224,2,0
989011,18725,9,0
3025339,33290,25,0
647233,45681,3,0
2159023,1979,12,1
1532304,36070,5,0
2061928,5456,16,1
986580,4799,6,0
318819,32433,7,0
3010366,12080,5,1
1550826,38439,5,1
1355292,4932,4,1
1921507,13263,12,1
3186408,1017,33,0
1068657,29277,31,0
3031830,21137,16,0
815201,45371,6,1
2529955,49472,5,0
863590,2447,3,1
16202,21288,11,0
834195,18370,24,0
2059802,33198,1,1
2559993,46105,1,1
2999148,38988,1,1
1779097,16148,4,0
3393203,39921,9,0
1686105,9387,6,1
1993829,24964,7,1
3149924,44560,7,1
2528689,27541,11,1
918451,26604,3,1
1903701,40706,17,0
910507,17027,2,1
2227607,41588,16,1
1526289,21938,8,0
3415145,29603,5,1
1228621,36256,4,1
2136995,35824,7,1
3299935,10957,5,0
2840337,15134,28,1
1152403,21174,1,1
2823729,47209,1,0
1616735,39794,42,0
1455127,45646,5,0
1319340,30305,5,1
857171,26604,5,1
514683,40706,11,1
1190142,49533,3,1
1244719,12820,11,1
3294210,5047,2,1
2262743,9092,7,1
149157,21137,12,1
3198954,20608,3,1
2614518,29987,6,0
469850,34371,9,1
322025,27744,2,1
2370090,12265,7,0
3149924,21387,6,1
591490,24852,3,1
965476,44873,34,0
1257842,7131,3,1
2754800,45223,9,0
823844,34128,3,1
1239101,43789,6,1
1457040,23026,13,0
1827477,27470,2,1
2702142,36397,3,1
2244165,14100,15,0
2315465,29118,1,1
785257,39408,3,1
2946659,17706,7,0
35054,23236,6,0
2024765,7500,3,1
2163126,30219,12,1
2741121,17600,6,1
1341839,44160,10,0
827496,46522,20,1
494332,28849,7,1
1644898,28051,2,0
3034547,21137,5,1
114772,4557,13,0
192409,27344,9,1
16202,31553,4,1
1835005,19660,2,1
682330,24261,6,1
605231,24852,8,1
2291414,30391,8,1
1051260,18288,18,1
1015479,31404,7,0
921032,14979,9,1
1123946,22035,13,1
1093097,5212,7,1
2389250,10646,22,0
3107267,13575,3,1
3143267,23848,6,0
1349086,45066,10,1
1120675,24952,4,1
1988731,21726,1,0
2201446,49385,5,0
2929430,29359,7,0
1541078,43565,6,1
1091126,49683,4,1
2990707,28985,10,1
2835189,46979,8,1
1866234,9177,6,1
2520433,22935,10,1
133279,7781,6,0
106790,31506,5,1
3138883,39812,11,0
2722623,46969,10,1
520,19451,9,1
1455127,14780,10,1
1084862,7485,7,0
863590,36929,9,1
1190741,42460,10,0
1557530,33198,11,0
989852,6001,3,1
1051200,40571,6,1
596824,46654,7,1
3144293,41690,4,0
2223362,47185,7,1
2544855,1131,16,0
914214,28204,5,1
1466816,5621,10,1
521509,30233,4,0
1152403,22446,6,0
192137,21037,2,0
3001594,3295,6,0
3389352,40310,10,1
2288500,14067,1,1
2049209,260,9,0
1540047,31506,3,1
2308495,33782,8,1
219524,15008,5,0
1978509,5764,4,1
174311,24852,1,1
2677385,43713,12,1
3242869,23191,4,0
726044,41844,2,0
2294469,38569,7,0
914214,7090,7,1
1307165,39046,2,1
1687987,39558,15,1
1857029,9076,9,0
2315427,7131,2,1
1687652,19678,3,1
1738253,26209,3,0
683175,44437,3,1
2490435,39275,2,1
1472280,8859,10,1
1640576,41588,7,1
1212584,3957,13,1
2888427,43395,6,1
1904249,44910,15,0
470033,45603,4,1
1989898,1823,9,1
1866585,28137,5,0
1907716,22309,10,0
175140,17454,12,0
2286682,42318,12,1
1417569,25581,13,1
3045755,30117,19,1
827496,15290,9,1
2355589,9604,14,1
1724253,34590,7,1
2215480,18531,2,0
100953,33301,1,0
2612482,45007,5,1
1762281,24852,2,1
1127125,41658,1,0
2594305,23020,2,1
3193884,14453,20,0
3290937,46720,3,1
34244,40516,4,1
1102408,36695,13,0
2771140,42828,17,0
1449933,26620,2,1
3026623,13176,2,1
657351,43165,23,0
1215204,22326,3,0
1442449,10957,3,1
2835880,22069,3,1
1039287,12078,2,1
3303730,43086,3,1
1478388,44393,7,1
2545409,4870,22,1
3382838,16083,2,1
832387,1071,1,0
3084633,38656,9,0
2658911,22959,1,0
1554650,22035,1,1
114006,9028,10,0
1228353,5438,5,0
1627949,23044,29,0
1244719,20899,6,1
3317413,10312,5,0
2262743,12916,12,1
1626307,8536,15,0
3000449,8467,2,1
1190142,43154,10,1
914625,27845,12,0
161110,5266,1,0
3405385,12975,21,0
1463892,46886,7,0
1466816,329,8,1
2472890,27336,2,0
1457656,7156,11,1
1718781,44156,2,1
557274,38777,3,1
3082569,890,2,1
2295674,45584,21,0
3386657,39180,19,1
2703818,21137,2,1
1027664,36534,9,0
1762575,43352,2,0
2359308,9284,7,0
443371,33007,1,0
730064,4957,11,1
434839,19115,5,1
2261907,7854,32,0
477762,23405,2,1
1164053,14764,10,0
3041782,37646,5,1
3321167,23879,3,1
2155864,47626,3,1
2465803,39921,2,1
3397963,32781,4,1
2961704,26604,4,1
919944,13176,1,1
689839,38772,12,1
2695585,22767,11,0
1028918,7158,2,0
332059,17862,3,0
130592,47626,9,1
274958,32955,12,0
936568,33787,26,0
2240516,6036,2,1
2546799,25146,6,0
36025,42013,7,0
2386834,6258,5,1
2071079,2584,11,1
3184805,9339,7,1
2049209,47209,5,1
3322164,24852,1,0
768767,20161,14,0
2946568,38720,2,0
112819,5646,1,1
2167593,22170,12,1
936732,12087,15,0
834195,2314,23,0
188647,48935,17,0
642561,19809,10,0
3125639,39040,15,0
514331,3957,9,1
3389352,49346,7,1
1125432,35233,5,1
116706,16145,20,0
2136995,41690,8,1
3356167,47977,2,1
1782383,44142,11,0
3170499,16185,5,0
672562,33312,13,0
2214267,43768,5,1
908496,21903,10,1
913465,23812,3,0
2143881,9739,25,1
184647,38231,18,1
656465,45066,15,1
1600920,24946,6,1
1654470,1158,4,1
1027664,21195,6,0
1049295,49683,4,0
2945173,3376,9,0
3273429,16759,8,0
1090372,12290,3,1
918451,16797,4,1
2914070,895,11,0
669833,48415,4,1
2899063,13798,2,0
624366,20995,18,0
3285602,42736,7,0
514882,25513,9,0
3109703,41950,23,1
1403307,30450,20,0
2123402,1994,10,1
3397759,42768,16,1
1978186,9203,5,0
150329,45896,15,0
2132813,49593,4,0
2976662,48720,8,1
706012,40706,22,0
3064218,41787,3,1
86827,27845,2,0
298801,43065,21,0
3232995,14678,3,1
1738148,23423,1,1
726044,13905,10,0
3418279,46584,20,1
2252000,5782,7,1
2968164,2086,10,1
3046450,47766,12,1
636866,46984,6,1
380105,35715,16,1
1045108,20463,9,0
591838,34380,8,1
1837287,49517,1,1
1620007,40706,2,1
3420574,21137,12,0
3296858,17429,6,0
1315105,47512,14,1
1533920,42701,3,1
2010440,31555,6,0
2183652,29544,1,1
605969,21903,3,0
1698152,20084,7,0
2192122,3631,16,0
271069,45535,16,0
746965,27104,3,1
313628,19828,1,1
850538,19154,13,0
3127816,34969,27,1
2402579,19048,17,0
2839062,28842,22,0
1079144,28241,2,0
2270694,38400,8,1
1417569,36780,1,0
871430,41844,6,1
2218527,17752,3,0
3253052,6141,14,0
1746488,343,12,1
2722623,38159,19,0
56577,47209,13,1
3086694,24186,5,1
1791426,47284,2,0
3300865,18926,7,1
2791444,15860,3,0
2621191,44422,1,0
1866234,41220,1,0
1060957,22610,2,1
192409,49533,5,1
2210583,38273,6,0
2147222,30021,8,0
1090372,16797,5,0
221658,19204,2,1
1939226,8193,15,1
382373,10479,3,1
149460,13936,2,0
2010851,42445,12,1
1569843,25518,2,1
360850,33787,6,1
2708338,42244,32,1
2807030,43122,7,0
3279847,27020,5,1
3038413,23029,18,0
2173141,26209,17,1
2137071,35939,16,0
3389352,31208,8,0
3323298,47766,3,0
1253623,34,7,0
2218984,12015,18,0
1478388,12882,16,0
1499484,27639,20,1
1791426,26709,1,0
1871419,43768,29,0
2123402,12227,4,1
959205,5750,1,1
86827,47209,12,0
2131071,27521,7,1
3386776,49235,1,1
1595055,27845,1,1
990507,24852,5,1
3038413,10369,20,1
1396268,24852,4,1
2010851,22883,19,1
2817464,35108,17,0
980098,26369,5,1
3030740,40956,4,0
3110118,10062,4,1
2869314,33590,4,1
1276842,40734,1,0
2307506,25138,1,0
395719,45007,8,0
1484977,322,4,1
555231,39928,7,1
1421561,7021,1,0
3419825,6052,3,1
3046450,28849,13,1
3046450,45007,6,1
4896,48057,5,1
2221557,12087,1,0
1743601,14753,10,0
1120675,6341,17,0
3142267,44819,30,0
3298200,17794,2,0
3169725,19886,13,0
2955715,16953,10,0
2777798,29987,20,0
3061835,6873,15,1
458292,13838,25,0
1973075,30659,7,0
294209,17794,9,1
1375522,41351,7,1
3280958,32403,1,1
2888427,5166,2,0
1051260,23622,8,1
925807,33787,12,0
2370168,45260,1,0
3401357,29987,10,1
3018078,22115,10,1
3404322,44449,2,1
3273429,28741,13,0
730064,10132,1,0
876775,20608,10,0
217059,8774,8,0
1471738,12016,19,0
34244,34358,15,1
1838884,26209,7,1
2227347,44352,7,1
2836331,2966,3,1
394700,43333,8,0
3098070,31506,12,0
1395644,651,4,0
2526148,19348,13,0
261172,43352,6,1
3170499,424,7,0
865969,48491,13,1
1202722,35838,10,0
513725,41065,9,1
1925550,9076,13,1
34244,20280,6,1
2234000,9120,5,0
3103978,45104,12,1
1232902,8021,9,0
2483764,42701,6,1
2610707,10246,7,1
1572746,14999,4,1
141134,38650,26,0
1112414,36340,5,1
163922,26620,3,1
3060833,5876,10,1
2958801,46667,9,1
360850,36107,9,1
2048045,39408,28,0
2227607,699,8,1
2176256,43183,6,1
2645228,14462,3,1
1881986,32151,5,0
1190741,48455,8,1
140480,49267,10,0
468349,15115,11,1
2934073,20580,7,1
1105911,1202,13,1
2944702,18288,15,0
285013,22314,1,0
241599,24810,14,1
2816373,43352,5,1
601540,35221,16,0
3025339,17807,13,0
1405047,13176,11,1
3077087,26940,13,0
3052221,12597,8,0
2701367,43961,8,1
2286682,28849,9,0
2760819,17794,9,1
1126880,16953,3,1
2245309,32655,17,1
1839593,42265,1,1
3316698,13661,25,0
2014763,14992,4,0
1048783,5250,5,1
2933689,4142,2,1
2813132,24852,17,0
2337738,17366,13,1
2485554,5575,7,1
2681105,13984,8,1
3413698,7628,19,1
3368135,31557,2,1
486444,11512,9,0
2798178,27344,2,1
3060833,47209,9,1
2569081,38164,5,1
876895,31808,6,1
2004483,40623,6,1
552481,21938,12,0
3214011,20574,13,1
217334,28289,10,1
2136595,42110,7,1
1459505,21137,2,0
2640132,1208,6,1
3099703,27086,10,1
2590950,39275,3,1
1587081,2846,9,1
237329,27966,3,1
2483852,19660,1,1
1524173,10246,6,0
316126,11182,8,0
70171,42460,3,1
3401357,42244,1,1
2806886,38015,13,0
1244719,21162,12,1
2063370,26209,3,0
1120676,31102,4,1
2857364,45504,1,1
1047941,36068,3,0
591838,7628,4,1
214118,5077,5,0
2660949,26362,4,1
1291302,45258,4,0
1068657,31506,9,0
1555137,42834,18,1
1722324,19706,8,1
227425,40706,4,0
143400,15200,5,0
2781237,46842,2,1
1935801,26201,10,0
1895135,24489,6,1
191506,48364,14,0
2908679,33779,3,1
785257,16797,1,1
1049295,10644,11,0
1172996,27695,12,0
2776896,40386,2,1
2198243,29650,9,0
902413,5876,2,1
617350,47652,7,0
1581676,49139,25,1
3299695,21616,1,1
480990,26889,5,0
477050,18288,6,0
1050845,41751,4,1
782847,24964,10,0
552481,1139,14,0
2942088,39619,1,1
2225015,45007,5,1
681045,9120,8,1
2450363,46755,1,1
661612,42533,29,1
862218,19173,15,1
3292431,25551,11,0
1518861,21903,4,0
2132813,23375,5,0
2675323,7542,1,1
2251040,37766,10,1
717916,14536,29,0
1607611,16797,8,0
2709577,15424,6,1
2288371,539,4,0
381983,34244,6,1
2282581,13802,7,1
1591950,47209,7,1
2789485,28199,16,1
1912935,40604,15,1
2238524,40404,4,1
1011079,4111,4,1
2537455,19660,4,1
663573,28465,1,1
922868,35586,2,0
2253067,21938,5,1
3214011,25146,15,0
914625,32842,10,0
99673,33957,7,1
2708338,5491,17,1
391024,25466,1,0
878028,8744,23,1
408853,11520,5,1
3337287,9839,8,1
3236106,260,24,1
1105911,1443,6,1
3363829,13514,1,0
2300002,26369,6,1
1049203,40706,4,0
561178,25435,7,1
1925973,38928,4,0
882260,35213,4,1
1192894,31066,2,0
2291693,20142,18,1
63266,27316,16,1
1169293,9068,4,1
2217012,5484,4,1
2037789,21903,8,0
411073,16797,6,1
1394039,23375,6,0
2173912,21872,3,1
1069069,36994,6,1
3033500,13853,19,0
113729,21137,27,1
512709,42828,8,1
2194774,37736,20,0
114695,33071,6,1
3253052,28999,15,0
2329510,26364,5,1
3184970,28571,9,0
3267482,21709,8,1
222331,42265,6,1
1232902,34044,6,0
205723,20345,6,1
655929,33316,7,1
2331415,978,12,0
3146808,19048,13,1
2687541,26592,1,1
2064305,8277,7,1
310272,7751,11,0
1569843,32864,1,1
1914875,19086,15,0
3080767,34446,15,0
717916,30765,10,1
3000960,15599,21,1
514331,48775,14,0
2394545,1559,3,1
3062193,37119,31,0
2559910,8087,5,1
583005,19443,11,0
101182,21938,9,1
2944702,677,7,1
921032,7500,10,1
2032711,30391,1,1
936492,25533,8,0
2279089,24852,2,1
1005204,40749,7,0
2840337,5194,5,0
3330405,13198,4,1
3015576,43045,24,0
1154517,22260,9,1
1057600,22959,2,1
2115404,3999,6,0
880559,38656,4,0
3184805,23801,12,1
3366398,10063,5,0
304534,37257,8,1
1209721,22591,15,0
1612710,45066,9,1
1105911,16739,15,1
1464497,41400,5,1
2607105,26763,14,1
1782328,4855,22,1
2835192,49247,25,1
3404774,47766,8,1
1387068,10912,12,1
3208314,40545,16,0
2420821,46654,6,1
3221049,34466,2,0
693617,40706,5,0
565582,581,5,0
1939226,47766,6,1
2659733,30277,11,0
2621257,33911,1,0
928051,48057,2,1
2234000,15588,12,0
3083813,34126,1,1
63649,17600,11,1
706187,36724,1,1
2905635,31299,6,0
3276934,1999,6,0
2402579,48171,31,0
1526026,21903,7,1
470142,37687,5,0
536731,10722,6,0
2008861,38544,22,1
2714783,22935,3,1
2579844,34126,3,0
2738283,10089,3,1
2925211,30756,4,0
2041560,13176,6,0
3096765,45497,5,0
1051260,6489,11,1
2214267,32650,14,0
1925239,12381,6,0
2925211,24544,10,0
785257,43014,13,0
1005310,37658,2,1
1535542,432,1,1
2844289,47766,14,0
521861,21903,7,0
865200,3485,1,0
2545409,27845,1,1
1887526,31789,12,0
1839066,27996,10,0
1179677,22849,3,1
3386523,24852,4,1
1286344,44142,6,1
1248683,260,1,1
3010645,30635,23,1
2386467,43961,5,1
205723,26242,4,1
3096765,36011,1,1
1854375,20105,9,0
3074643,39987,7,0
2008861,48679,11,1
2290481,28798,2,1
2336715,15000,3,0
1809339,14704,10,1
2602913,2086,10,1
2292943,38164,14,1
1550297,27845,17,1
2625155,8518,8,0
470942,7781,13,0
647233,22286,1,0
2316206,48205,5,1
2788977,30557,8,1
2298843,24891,5,0
2545409,48595,15,1
755618,31918,1,0
3066648,21019,5,1
1355835,13870,32,1
107884,22935,7,0
465658,27890,7,1
1655216,9092,17,1
2005470,5450,8,1
1454710,13877,10,0
394847,30353,19,0
309818,18880,6,1
270588,30011,3,1
253902,47626,6,1
1423063,10673,12,1
1713951,44661,9,0
1355835,5194,30,1
1930124,4809,8,1
2273447,46802,3,0
1658400,38200,1,1
1333769,31987,5,1
2220151,9389,4,0
709290,18389,8,1
876775,47325,4,1
3338756,27845,1,0
2935289,44142,9,1
1880456,46692,12,1
3194643,39732,1,1
238401,37250,10,1
1454710,47209,9,0
2340797,29662,4,0
2786733,21903,14,1
1987529,13280,3,0
2026145,29900,3,1
1492372,27933,1,1
1454013,47626,10,1
3208314,7350,2,0
2589342,611,3,0
594107,24964,5,1
628977,2593,22,0
1355835,10070,9,1
254834,38890,40,0
1616409,22935,4,0
458292,14126,15,0
1056399,33956,21,0
184647,6356,10,0
440919,3020,6,0
2610707,5652,5,1
1511954,41452,11,0
396126,3999,4,1
2510711,1463,9,1
2005896,21137,6,1
114772,43352,9,1
1371693,42265,7,1
3193884,17400,1,0
3001594,49264,5,0
2526148,13496,3,1
2064818,21513,10,1
1952879,42265,5,0
1775730,39275,11,1
457495,14218,5,1
3330734,28842,5,0
2804990,26604,5,0
1356263,47402,12,0
2201330,24010,1,1
2048045,42736,14,1
1853184,44683,25,1
1464659,13870,11,0
3035320,26088,2,0
1218279,39877,13,0
2396863,39475,13,0
1693799,39088,8,1
857171,18359,2,0
717837,4557,2,1
1478972,42536,15,1
2883041,6016,6,1
3042260,44359,31,0
2282581,39928,38,0
2612482,3737,2,1
370781,17794,8,1
652693,38056,9,1
110781,28029,13,0
3295994,16273,32,0
2258640,26604,3,0
1782383,34044,16,0
2754800,43122,8,0
1894145,8555,24,1
512709,8518,21,0
1623548,775,11,0
2260036,19816,7,0
585035,9387,5,1
1198409,3868,13,1
3138883,41540,2,0
1557530,26351,9,0
1904384,8103,5,0
1522980,35752,23,0
1447023,26369,1,1
1701309,48812,5,0
578740,22963,1,1
1347307,7821,24,1
1402825,49191,7,0
389842,15384,13,0
1139616,28199,14,1
565929,40229,13,1
782847,2923,15,0
465660,5785,2,1
2111255,21137,2,0
3366803,25890,1,0
3413732,46347,17,0
2537979,1409,1,1
1758639,38928,1,1
2548527,13176,4,1
3142940,5098,8,0
554583,47141,7,1
805051,20995,14,1
689129,21194,12,0
689839,40469,11,1
607502,16168,6,1
2593556,33043,1,0
2604490,41658,14,1
3059076,12797,14,0
3349603,13712,4,1
2760445,14992,5,0
610096,14870,11,1
752253,6287,8,0
2659063,18709,10,0
1599424,26604,12,1
2133182,25890,2,1
2436850,43122,6,1
3338569,31127,7,0
2545409,19678,18,1
3060833,24184,8,1
1342932,3512,4,1
878047,8671,5,1
764963,34358,7,1
2262743,21616,6,0
768767,4363,11,0
1627949,1463,13,0
2080150,30489,12,1
225243,26897,3,0
155569,10673,2,1
2550200,43565,3,0
1635798,588,10,1
1159106,47993,9,1
2817895,31471,10,0
2899063,38694,10,0
1522980,23339,26,0
680209,44359,3,1
1394368,13740,15,1
1597685,8309,4,1
1033470,5479,6,1
1070034,21195,9,0
2196924,37458,11,0
1956408,33000,6,1
3236106,22825,20,1
402916,12341,2,1
1570282,35321,4,1
3286070,18838,7,0
123061,16797,5,1
891492,19057,12,1
2384861,30095,13,0
1112414,33198,12,1
1763649,2966,8,1
2261340,27690,8,1
2210583,28278,5,0
2740781,46541,13,0
1522980,25604,22,0
2286902,31553,7,0
815201,46226,27,1
3230918,11891,10,1
2186154,10504,7,0
421289,46847,2,1
140480,5373,7,1
349996,28038,3,1
2890157,1402,1,1
790403,14852,15,1
865969,11576,18,1
1411097,22031,28,0
1666721,35140,19,1
3147707,2429,21,1
636074,35914,2,1
3359312,9224,10,1
1355835,47209,10,1
1838568,24799,3,1
2221822,38051,6,1
430376,26209,4,1
2036528,46667,17,1
244023,44910,5,1
1649218,45007,3,1
257459,33022,24,0
3329059,43713,2,0
2959867,17786,3,0
1614888,46175,1,0
72056,11678,11,1
1576736,18564,6,1
129682,28106,3,1
3040238,41844,3,0
1456099,47144,4,1
41376,3843,4,1
2453357,17530,1,1
2447291,24852,4,1
2076321,48370,6,0
389115,651,5,1
2148176,4137,12,0
1903052,16589,1,1
1661256,5456,11,1
3080855,36383,4,0
2247808,23783,7,1
2695585,37948,22,0
3135473,25666,9,0
1710800,26071,7,1
225756,28156,3,1
456635,5785,4,1
1197822,23288,11,1
1910275,28156,17,0
252887,34126,9,1
2732878,14084,2,1
681503,44765,27,1
1557493,41642,28,1
914214,12941,6,1
3104380,37257,7,0
2626104,5134,15,1
1972821,10499,29,0
2564511,5612,9,1
706012,24561,12,1
2260343,5876,3,1
2437021,14040,3,0
213060,24852,3,1
2044769,28537,28,1
1015479,10885,14,1
552481,43295,20,1
2885484,24852,3,1
914625,3431,3,1
3279847,28204,11,1
722376,13966,3,1
3304580,34126,13,1
1094608,30064,6,0
272157,6750,18,0
1048783,16725,2,1
1665552,10498,7,1
1722324,18376,1,1
2424487,9327,7,1
2081562,15200,11,1
106790,34128,10,0
495206,26505,9,1
2604490,9637,8,1
590363,10895,19,1
561269,27511,1,1
317995,38562,14,1
117384,30776,3,1
1696556,19702,2,1
2014120,32537,4,1
3358220,8048,1,1
2294656,44229,12,1
1524084,26497,15,0
911158,2014,6,0
221974,36953,7,1
3121414,22963,22,0
786546,8424,12,1
865969,27966,5,1
2817464,44970,19,0
204719,12714,5,1
786918,47187,20,0
196100,6193,27,0
3062193,3855,39,0
2698199,19057,3,1
2171415,18656,9,1
3243858,23142,4,1
2059029,38936,3,0
1457960,20502,7,1
1068009,37687,7,1
2959863,18531,7,1
145025,42244,12,1
838752,30949,6,1
107711,33198,8,1
2546799,8277,3,1
565929,37065,7,0
3186408,42110,28,0
1572772,26604,3,1
1355292,7500,8,0
2475843,23016,4,1
1901608,27115,23,0
1718418,9838,3,1
967333,20114,23,0
1482787,2014,2,0
1956677,30489,9,0
342210,32115,10,0
2599566,6341,6,0
3359446,982,15,0
835317,41065,5,1
3020811,14168,9,0
3364977,37496,14,0
988586,22935,9,0
637278,5098,1,0
241131,49026,2,1
1688227,18670,16,0
3139890,16710,9,0
521861,21137,13,0
610658,30352,2,1
1668701,890,7,0
1511954,17899,23,0
1590523,35951,7,1
1599424,27845,2,1
106790,44371,11,0
1978740,9458,15,1
1600920,48023,7,1
2551089,30480,9,1
1888171,37388,6,1
2282581,30117,20,1
3202203,21344,11,0
3186408,35199,13,1
2154434,3999,6,1
3418279,32655,5,1
161752,22142,11,1
799820,10024,2,0
517262,15752,15,0
86833,39619,2,0
2545409,39619,11,1
1903701,21938,12,0
2596788,33613,6,0
271263,34069,3,0
2024457,17008,14,1
199907,37317,13,0
103562,21230,12,1
2533898,26209,21,1
2568043,47626,9,1
3202203,6046,2,0
1049568,13759,2,1
1528592,13535,5,0
3164886,1226,2,1
2157303,12341,1,1
2210558,27676,11,1
1722053,20649,19,0
970190,21572,1,1
498596,27156,15,1
2198199,40396,4,1
111320,37029,3,1
791430,27845,3,1
388281,42557,9,1
2740781,5566,20,1
1627949,49655,26,0
1589758,41658,12,1
2163126,18479,42,0
2565436,12020,10,0
2607105,12589,6,0
2944986,45692,1,1
1272333,31378,14,0
3102098,47209,10,0
1405047,41950,8,1
244023,5479,4,1
1778250,42824,4,1
2488607,31720,3,0
1074648,45158,3,1
3267482,44479,7,0
1003422,27845,3,1
2100553,1700,3,1
2816787,10278,7,0
2723198,20345,1,0
2881911,2825,7,1
2729666,4605,1,0
200585,4889,6,0
1194122,13032,7,1
2906083,3627,19,0
1553563,31343,7,1
1365391,26768,8,0
1351975,12395,4,0
2772911,47626,8,1
1387420,21295,14,1
2108356,43692,19,1
2222426,43889,4,1
2117517,8174,6,1
2273447,10166,7,0
1315105,10749,6,1
3141610,31883,16,1
1499484,6187,15,1
2173141,46720,4,1
1372466,39993,4,1
2935289,5068,6,0
589551,32134,2,1
1207364,24852,2,1
631166,35221,1,1
241502,42244,10,0
192794,19620,5,0
3184805,16518,8,0
1417362,7021,11,0
1289147,40709,6,1
1123221,17902,3,1
2775301,48205,4,0
3093573,16349,8,0
180747,6448,13,0
914214,5077,9,1
384823,18288,6,1
3010645,40386,5,1
2626104,28912,17,1
2813758,44439,4,1
743551,432,2,1
958132,5144,6,0
1798868,47144,2,1
2455090,31268,15,0
519720,29740,11,0
1651019,46279,26,1
3278172,24838,4,1
253054,5646,4,0
572713,23570,2,0
504142,42905,11,0
1623570,40706,1,1
3304359,25340,3,1
2822679,21288,5,1
192409,6341,7,1
1763649,30489,2,0
3010366,33343,16,0
1819887,13998,8,0
2557243,45161,23,1
2004686,38456,15,0
2722178,22178,6,0
1395032,15950,3,1
1487071,17794,9,1
1887035,28156,12,1
2190751,44149,1,1
2244165,14669,7,0
2080762,39812,14,1
1552183,7969,27,1
1210987,45638,4,1
832387,27845,3,0
1913147,41658,7,1
2662158,18171,12,1
661374,11520,1,0
3025339,39162,34,0
3317334,13838,1,0
3304359,28353,4,1
1039287,11759,10,0
1722324,2228,10,1
927790,38456,5,0
3360897,35198,3,1
1417362,23329,1,0
2967001,47766,1,0
940724,19511,2,0
1112841,49683,2,0
1679933,226,3,1
2147845,9810,17,1
2288516,30720,2,0
1783761,23165,12,0
230474,28934,16,0
1866234,47209,4,1
965476,18689,17,1
570875,8460,9,0
1056399,45767,22,0
1091855,26940,8,1
621349,42327,2,1
154318,16616,1,0
457495,34466,4,1
1370714,29615,4,1
3236528,31231,4,1
680209,5876,22,1
833449,9434,3,1
1411097,3737,24,0
227512,3856,15,0
150991,13733,13,0
1133730,24631,6,1
2919666,31553,16,1
23726,43352,12,0
417211,33050,6,1
2085928,34428,9,0
1785392,5876,13,1
3025339,39928,6,1
1881810,47672,3,1
1550297,48900,7,1
1124730,20282,9,1
546893,43183,2,1
921032,13176,15,1
2940832,19731,3,0
629644,1244,11,0
2944520,28373,5,1
1123946,27344,11,1
1078578,27104,5,1
657351,3957,1,0
3348244,39475,6,1
1871419,47766,1,1
2684978,39619,25,1
1913498,1369,7,0
66269,41950,3,1
1372466,24830,5,1
2883041,29934,5,1
3217189,37923,7,0
338788,26431,6,1
1299253,20009,16,1
1499484,42110,10,1
1479201,44632,5,1
2280357,7978,13,0
513725,12916,5,1
1190777,11613,21,0
2318047,47209,3,1
1051681,29675,9,1
2840337,4174,8,1
3110383,47209,2,1
610658,13303,1,1
1974193,20940,2,0
137668,3599,4,1
1864242,36389,14,0
2955483,14870,4,1
815201,8460,12,0
2550931,28745,12,1
2386467,4920,6,1
2806886,47866,25,1
495206,41729,6,1
782847,22935,1,0
2743515,5013,1,1
101222,28849,7,0
514331,3142,10,0
914625,14394,17,1
1623561,16797,4,1
324877,47626,8,1
2956721,24964,3,0
350234,45066,2,1
2764532,38159,6,1
2015438,9076,10,0
3046450,27966,21,1
514331,38077,8,0
458292,24561,6,1
2708338,32687,22,0
1288404,30391,5,1
2085928,16521,4,0
2315427,36472,6,1
2960450,43352,4,1
2229154,30850,23,1
1387068,45603,7,1
3327623,6344,10,1
2497696,2855,1,0
2120337,44932,2,1
254834,11440,42,0
1288404,47672,6,1
617350,12023,6,0
844315,47209,2,0
3334372,36485,23,1
1056399,13176,15,1
3228410,48559,2,1
2060410,42458,10,1
2135221,2429,21,1
3289010,21143,9,0
2559993,24852,4,1
2482578,16840,3,1
1398748,24830,6,1
2201446,24964,8,1
449178,31915,29,1
437700,22353,6,0
3020811,46979,4,1
489531,34453,9,1
2735126,26317,2,1
1855533,31717,18,0
2008861,21009,7,1
604853,48205,11,0
1458310,16896,7,1
1105911,29628,10,1
2437021,16139,6,0
1792456,18531,2,0
3361042,28123,12,0
1396268,23543,22,1
1100170,33055,11,1
310272,24852,5,1
2246208,12384,3,1
68359,43122,15,1
2394086,42705,3,0
737749,36107,3,1
3073563,21616,3,1
1015153,17795,6,0
936492,2533,17,0
2886174,47209,10,1
1244262,21137,3,1
1557493,22504,23,1
3186408,33135,18,1
2336485,25093,26,1
976396,35333,8,0
3169725,46304,1,1
489571,22328,7,1
13008,3376,11,0
2166045,7751,20,0
337901,13176,3,1
1488731,14947,1,0
2957935,18441,1,0
534199,17828,4,0
3090699,22035,2,1
498596,41950,5,1
3147707,30391,24,1
2173638,10385,2,1
793458,21938,13,0
1420644,36315,2,1
930570,2855,2,1
1609746,25146,1,0
743551,11782,7,0
1298608,38768,6,0
3221310,48132,3,0
2049512,39558,7,0
2929115,47209,25,1
1978740,18914,12,1
2492255,5128,21,1
2835192,35370,21,0
1162618,44204,7,1
280101,23427,6,0
3270807,17872,15,1
3270807,4920,4,1
2121138,11777,3,1
454370,27845,8,1
1198409,46639,21,0
1604010,30463,8,0
1828856,36322,5,0
1026092,31578,2,1
2686979,26209,1,0
1244262,36717,5,1
2708844,39877,3,1
2416667,34249,9,1
477050,41613,1,0
3351373,6269,1,0
3137789,20940,4,1
1828856,48287,14,0
936492,44359,11,1
2064818,31717,15,1
309818,10504,14,1
1466816,15261,11,0
891807,5449,2,1
2193774,4920,5,1
2929115,4600,22,1
1417362,32961,2,0
461915,42265,6,0
2369123,26604,15,1
1589758,43122,9,1
87749,45007,8,1
3214011,45066,19,0
2483852,13242,3,1
1931251,10749,8,1
2886192,42372,2,1
2576581,21137,4,1
2484111,12078,1,1
1607611,21616,1,1
446529,38656,10,0
16723,13176,5,1
684019,11421,16,1
1133730,44396,7,1
2261907,26714,19,0
888990,44683,8,1
1190741,49054,19,0
2036180,1578,7,0
573921,36256,13,0
815201,44987,24,0
457495,35233,8,1
1912935,7485,20,0
120460,35761,7,1
2260343,48874,5,0
1982656,38739,20,1
2545409,17694,19,1
1077640,43484,8,0
1405140,45205,4,1
3248349,24838,1,0
3104523,46031,12,1
2336715,21295,5,1
2221689,44632,9,0
1508652,21162,10,0
1482787,20327,9,0
380105,34422,23,0
1646619,36810,8,0
2602913,2846,2,1
1333248,13176,1,0
702366,48808,1,0
2665388,45552,16,1
3251991,48551,4,0
498646,49164,6,0
1746488,39877,16,1
2619914,26047,8,1
411073,18610,1,1
2914070,27690,8,1
3038413,40928,19,0
1288404,40545,1,0
1495301,28204,8,0
1527801,27247,2,1
1655216,31506,9,1
3359312,32734,18,1
324877,6948,5,1
1249268,41352,2,0
461005,16797,9,1
2081925,30720,17,1
3087902,14318,5,0
553845,37141,1,1
3267482,24852,1,1
3314688,36695,7,1
1447541,4642,15,1
3329059,13709,5,0
494332,49175,8,1
2067931,5794,8,1
821760,25890,9,1
388478,47766,4,1
2040544,21769,1,1
196208,39928,19,1
486444,43950,8,0
1190777,40571,19,0
3142267,23734,35,0
2275775,11309,10,0
2049209,22220,2,1
3169670,28156,1,0
2011176,20082,2,1
2282581,7361,28,0
446529,25462,13,0
752595,49235,1,1
1200476,9020,5,0
840275,11945,7,0
1623548,44035,14,0
1472280,10957,1,1
13240,37687,14,1
591838,25093,1,1
2163126,15630,34,0
1901608,30117,4,1
1153791,8570,4,0
717916,31423,28,0
1936308,29270,6,0
299348,27744,11,1
1572673,19057,3,0
2861329,47631,11,1
1671050,21067,1,1
239636,45007,11,1
1472280,40376,11,1
2976021,26914,1,1
400915,14582,1,1
1819341,907,1,0
689839,19048,27,1
1526289,4006,17,0
3420574,7781,1,0
477050,22935,2,1
2082539,44449,5,0
889321,25705,10,1
917740,31618,5,0
2295674,11543,1,1
665707,48493,13,1
318003,30599,1,1
2522180,26294,5,0
2948550,7749,4,0
822194,46847,8,0
609215,1181,1,0
225756,27966,8,1
590363,16759,13,0
1454013,16083,11,1
1550826,25653,10,1
1860476,18171,3,1
2666686,44375,2,1
3308769,6948,1,1
2064499,11538,7,0
2901320,7304,1,0
2117517,13176,5,1
199907,34329,2,0
2710214,22888,1,1
116706,13280,27,0
3286070,19895,6,0
546893,4605,5,1
1711928,31964,3,1
2194774,27770,31,0
2660949,28593,16,1
879253,40691,7,1
430376,3819,7,1
672562,10673,4,1
298801,22935,6,1
2972514,42265,2,1
1320859,30881,5,1
2846704,13808,10,1
3177428,46676,4,1
1646619,18988,2,1
1818149,2210,10,0
2282581,27344,31,1
2261206,37067,1,1
2997907,39475,9,1
2693496,30553,3,0
1421561,27156,2,0
2450363,40777,11,0
1458581,31562,22,0
2355589,7751,16,0
1637389,13176,3,1
1160320,21137,2,0
1183107,14897,6,0
1556907,12020,12,0
1355835,35898,33,1
2708338,35561,8,1
21101,19478,10,1
1505704,21137,10,0
2194774,49326,24,0
1288404,39190,8,1
1936852,5818,2,1
3343895,10246,5,0
1751169,26640,17,0
431815,22395,20,1
2081562,17902,5,1
2201330,40709,3,1
2593556,11777,3,0
1451336,11686,16,1
2255052,40002,5,1
3072062,34969,8,1
925750,39351,10,1
2517022,10516,6,1
1887035,29487,19,1
2918085,22959,1,0
211149,1396,1,1
918451,43183,8,1
1555137,28299,5,1
63649,40736,2,0
1334464,19389,12,1
1592021,32650,1,1
3189469,14126,1,1
1112153,29794,1,1
2905635,11807,9,0
95390,26497,1,1
601540,33198,4,0
2429533,40604,7,1
612625,44548,9,0
580816,10673,7,1
443664,47626,4,1
2753699,4897,1,0
145025,35221,4,1
1198110,45066,4,1
2753617,1409,11,1
2436850,45603,12,0
2163126,48287,43,0
2487168,10606,14,1
865969,41665,7,1
1131751,33401,37,1
300350,36142,25,1
13240,18027,1,1
114300,47042,8,1
1187860,34964,1,1
2123268,27845,3,1
1782328,45948,8,1
1576736,42024,43,0
1629881,10895,11,0
377188,27845,8,1
704415,16965,5,1
3027599,40706,9,0
1668844,49383,7,1
73751,5025,6,0
2777474,41658,12,0
2350994,16759,8,0
3356599,24850,9,0
848665,22849,1,0
2294656,27405,10,0
1944045,13431,3,0
639642,24852,4,1
324288,47626,2,0
1141716,48600,15,0
1187964,20583,15,0
1075411,4163,8,1
2974059,35921,3,1
2564655,25852,4,1
2123268,38159,6,1
3090699,18963,5,0
2588432,33575,11,1
2012382,47766,5,1
1372466,33636,6,0
1648109,22935,13,1
1934720,6489,12,1
1944045,42828,30,1
2630498,13819,7,1
196100,12036,32,0
552481,4600,24,1
271069,9689,13,0
3142940,13966,4,0
2929115,16759,26,1
3327579,48848,10,0
171592,2966,5,0
2288371,32167,3,1
893614,8381,3,0
2373767,23288,7,1
2660949,16254,9,1
863033,219,15,0
774362,6052,14,0
1388162,35909,8,0
3026623,21137,1,1
2609019,45866,4,0
1337798,10749,1,1
1495301,5077,4,1
1431329,27881,13,0
769376,18362,16,0
2556536,9558,14,1
2355779,24852,9,1
684635,19982,4,0
2862828,47717,15,0
2775301,37940,19,1
2098773,19691,8,0
3338756,5764,5,1
2665018,45190,5,1
3081757,34126,1,0
3386657,3988,23,1
385526,40706,19,0
723489,13187,8,1
56577,26209,10,1
2124718,35782,1,1
2562073,39877,12,1
2369123,19366,16,1
1321074,38400,3,1
1023422,41950,4,1
2742568,21137,14,0
3339416,21616,3,1
2295674,14579,10,0
669833,5460,9,0
2510711,22935,13,1
2989037,5794,9,0
3010645,38827,28,0
1839593,23630,4,0
2452649,5876,8,1
477050,23165,9,1
565929,17652,30,1
1854375,29345,1,0
2291414,39877,5,1
2199800,39877,1,0
114006,33754,8,0
2024457,37145,17,1
844382,21709,2,1
3034547,16004,16,1
2520433,14992,6,1
449178,40198,18,1
1721788,1774,13,1
2006438,21137,5,1
1022897,24852,3,1
50904,35815,2,1
2136462,40849,25,1
2192122,26768,6,0
149157,24852,22,1
339445,33303,3,0
1154338,15741,4,1
91344,35004,9,1
191506,13176,4,1
1488067,32177,7,1
3111806,26384,9,1
1090372,12099,1,1
2125285,27845,3,0
1649688,26604,1,0
1805109,4799,6,1
222302,23835,9,0
2098704,40605,13,1
1227223,10761,3,1
1983151,25346,9,0
1522980,44713,13,0
446689,40396,10,1
3028535,33564,5,1
628977,13176,5,1
1411097,40063,16,1
2245309,14171,11,0
416790,46284,5,1
2238056,3289,5,1
2665018,32063,21,0
2136995,8339,22,0
889321,37766,11,1
3002379,16589,2,1
3001000,27695,8,1
2766034,14379,12,1
155569,7274,7,1
214118,47888,11,0
1299253,18918,6,1
1405047,4799,1,1
1499484,16797,19,0
1387420,16759,3,1
388564,38400,14,1
345398,17794,10,1
2048045,27925,30,0
244023,19019,10,0
2882456,890,26,0
2901579,36923,3,1
2548527,5684,5,1
2691982,43662,5,0
2114102,16768,3,0
2037789,31635,1,1
3244509,29599,15,1
1841142,14275,7,0
860479,432,3,0
6591,5514,8,1
2010851,18176,25,1
2270792,25640,16,1
3033500,5876,8,1
2876665,18531,5,1
2944552,5450,28,1
431815,10132,16,1
1411097,44948,35,0
1412463,16759,6,1
3230918,41950,5,1
3222693,26157,14,0
1725880,45633,5,1
378711,21019,12,1
1472280,48742,5,1
1545584,39485,19,1
2722178,33957,5,0
1499348,22890,11,1
1492372,10241,23,0
87749,38772,17,1
3073961,42021,3,0
2959863,24964,5,1
1361470,43789,9,0
1515849,18918,1,1
1051200,8277,10,1
480156,2611,9,0
1487627,41220,4,1
300350,41950,33,1
1190777,14258,17,0
652693,27073,8,1
2806886,27544,14,0
1260174,17871,16,1
618301,30639,2,1
2766034,28913,16,0
2604490,13475,15,0
3366369,47626,6,1
3404774,17803,2,1
3082569,24489,4,1
391053,44368,1,1
1879921,141,1,0
2306361,33731,6,1
2541457,22556,10,1
1021155,45535,1,0
129158,12206,3,0
1708408,22359,5,1
3062228,37003,8,0
1782383,37687,25,0
2379941,8138,3,1
1487071,44422,14,1
2044769,28204,26,0
3311948,7156,3,1
3219008,35420,1,1
601060,34680,4,1
890612,6615,10,0
3420574,45123,2,0
292287,3522,9,0
1484977,7485,6,1
1782328,5912,15,0
34244,21903,1,1
1681341,18531,3,1
2097901,43389,4,0
1354983,38255,2,0
1355835,34668,5,1
2866082,38928,2,1
1641841,33147,5,0
2695585,45669,13,0
2880994,48679,20,1
313297,20955,5,1
2935289,913,7,0
2974641,38433,2,0
2622802,6729,3,0
519720,4920,7,1
2389250,47115,4,0
1356263,18296,9,1
2091885,43352,4,0
2977027,19627,6,0
1077237,35068,7,1
1956677,47861,11,0
150480,29987,1,0
2893017,8174,11,0
2545999,36736,1,0
121370,26165,8,1
2408621,11143,2,0
564367,41665,7,1
2063315,38274,16,1
1956331,5068,1,0
2956721,29487,23,0
367679,33290,25,1
880559,29941,6,0
68595,30233,3,1
206747,38563,3,1
2795831,33827,8,1
2257282,33560,4,0
1172996,35503,7,0
2612086,20694,1,0
2878446,25531,18,0
1775542,23405,10,0
1154517,38400,5,1
2194516,35633,4,1
920923,38322,1,1
87749,2314,2,1
1648815,13304,12,1
116706,22247,24,0
1826359,12015,9,0
2731169,23734,12,1
1722053,24964,11,1
1535542,30450,6,1
1680238,26209,22,1
3061835,24009,4,1
1046998,39729,5,0
489571,40311,17,1
758566,5640,21,0
2284635,21137,6,1
521174,28289,8,1
2835189,24852,19,1
3252857,14881,16,0
2625808,12745,7,1
2081925,37646,9,1
142207,29987,8,1
1555137,5450,3,1
13240,24535,19,0
3405385,26665,8,0
1564230,28842,12,1
2791134,34126,7,0
1826042,39534,1,1
1910903,18849,12,1
683175,29628,7,1
663573,13176,12,0
2581945,39877,15,0
1008748,30233,2,1
3420574,34243,15,0
3104523,43116,20,1
2020140,48450,14,1
1075378,49424,8,0
2218984,30850,5,0
2944552,8670,33,0
440919,34745,5,0
2118039,24838,6,1
2281494,26209,4,1
3186408,11440,29,0
1901608,5876,15,1
890612,18465,11,1
2394435,37687,1,1
1086774,5876,3,1
2625808,27104,22,0
1679812,28921,10,0
1386739,1835,1,0
783439,31643,1,0
661374,3697,10,0
2570743,13911,1,1
1509745,19453,2,0
1886907,41503,9,1
2777798,35121,6,1
1775542,15392,15,0
1956408,19660,13,1
2458193,42659,10,0
1783761,32689,16,0
987550,34126,6,1
474382,5716,7,1
2687541,36144,5,0
2014120,27845,3,1
1817448,43504,7,1
2466767,19005,1,0
1612891,2079,3,0
2861329,18105,4,1
2956721,13877,15,0
2291674,17568,13,1
413757,44142,7,0
731085,5258,1,1
2576871,40174,11,1
1824128,1158,13,0
141134,26242,27,0
2397162,33910,13,1
1395644,11534,23,0
398373,744,4,0
463378,18288,6,1
457495,14651,6,1
1687584,18567,6,0
1688227,44303,14,0
3281892,41787,4,0
1244719,27344,7,1
1284203,24097,23,1
2336485,14819,19,1
3187282,12592,24,0
657584,38622,16,1
889321,12614,24,1
2244165,26209,17,0
642561,8441,9,1
332928,29447,18,0
1939475,44133,31,0
556646,44152,24,1
39920,19863,1,1
1974159,31553,8,0
2681105,33686,9,1
1547644,45190,3,1
889321,9339,2,1
1045108,44282,19,0
2562073,47299,15,0
2974641,37449,5,0
2423757,43830,13,0
1431686,28373,9,1
2976662,6860,15,1
2617243,11610,2,1
3284322,3599,7,1
2123268,11182,1,0
3027951,31343,12,1
2763786,273,4,1
871430,37418,8,1
878047,46842,10,1
1361365,4927,8,0
2029393,26209,5,1
3236899,4605,4,0
1174742,2038,8,0
3337287,45866,20,1
217059,31869,18,1
1766651,37317,1,1
2390359,44422,1,0
130970,22935,9,0
799783,13914,7,0
889321,26324,7,1
1070034,35838,7,0
2565156,24964,10,1
2124998,26139,1,1
896520,31577,2,1
3146808,41220,16,1
2800168,8671,12,0
455884,21903,4,0
13008,5876,10,0
2518839,33716,12,0
3015576,36192,11,1
1395032,46886,7,1
1022882,5589,2,1
948760,22935,2,0
1646619,16797,9,0
1864242,24964,4,1
2569931,19677,4,0
1266716,29193,9,0
961810,5479,1,0
3045278,37124,1,1
152966,14165,2,1
1855533,49610,2,0
292236,35417,16,1
1536726,12745,5,0
1577831,47226,2,1
3024491,481,7,0
1561762,45005,6,0
2623298,9708,7,1
1063342,4605,4,0
2698199,6046,4,1
684635,35163,10,0
2746291,6948,1,1
408853,44359,1,1
2775301,33819,20,1
1529572,45123,5,1
1627949,28666,20,0
2307644,41371,4,1
2520433,19025,4,0
417211,26596,22,0
1953790,24810,9,0
1376658,19820,2,0
1917281,42265,12,1
2631310,37067,3,1
2227347,39275,17,1
1461743,27626,8,1
2797892,9493,8,0
2203182,21019,2,0
932912,44142,6,1
2711485,28842,18,0
1855533,35973,15,0
414129,34635,9,1
2878446,29845,25,0
1190777,48462,32,1
1762202,40229,18,0
1347307,7916,13,1
1968047,28934,11,0
552481,19146,16,0
2644098,28985,2,1
1370714,23693,9,1
2635070,16145,8,0
554583,36323,3,1
2791444,33425,2,0
1417569,25861,6,1
349043,10644,5,1
2701367,5808,6,0
629297,28946,13,0
1682767,6184,8,1
1473441,24852,3,1
2906083,5212,4,1
1326118,16185,9,1
113729,11376,14,0
755358,48812,1,0
3284322,12100,18,0
1557493,6962,9,1
2556536,45192,16,1
2029579,5764,3,0
2996288,22827,12,1
1762202,30353,12,0
368123,35132,2,0
166272,15261,17,0
1263927,26131,6,1
2753266,35951,3,0
1228353,47893,10,0
150794,18465,2,0
2396863,22298,3,0
3317413,7308,13,0
3187282,41544,14,1
3236106,45737,16,0
1782500,23296,11,1
1595055,36482,17,1
1164053,42701,6,0
1652163,1188,13,0
811116,9537,31,1
911861,34276,3,1
1049568,1364,3,1
1913147,46906,9,0
626550,11631,2,1
1912935,20995,31,0
1222048,32734,9,1
2528689,14267,10,0
3050428,49236,3,1
2610074,18987,3,0
757892,11710,13,0
381983,47766,11,1
2349014,37229,3,0
3060958,4736,4,0
3346924,18881,13,0
637836,8277,7,1
2336485,36485,5,1
180087,43928,12,1
1340630,2067,8,0
3142267,39993,24,0
695861,44422,3,1
3133915,24649,3,1
2722178,1117,4,1
2886174,48775,5,0
932912,24964,1,0
2640789,24372,10,0
2173638,26209,5,0
1129413,45066,10,1
2433512,4162,21,0
2977027,21903,16,1
3336850,3765,4,1
1163120,5212,9,1
2665018,4778,14,1
2180977,39409,12,0
2835189,32864,9,1
645036,11526,17,0
2254934,9339,23,1
2335426,47209,7,0
1276842,5450,12,0
584013,36482,10,0
1680238,7781,20,0
1682324,13870,10,0
2572376,23734,7,1
3063824,24631,17,0
3359312,19348,6,1
1143897,5024,7,1
3015464,32864,8,1
2500821,30450,2,0
1642416,15937,8,0
1439598,31801,10,0
2170762,13712,9,1
2135221,23029,11,1
2944702,19180,17,0
294209,12023,10,1
3127816,29447,1,0
2610507,19019,14,0
3344009,4097,1,0
2859264,14781,11,1
2075838,19057,13,1
3214338,116,4,0
2042657,5144,8,1
3306897,46676,4,0
1664326,45007,9,0
810499,39877,8,1
1177971,7333,3,0
2247808,28986,13,0
2120337,10132,22,0
3228410,1215,8,1
210779,3608,7,0
400323,48697,3,0
2620958,20711,12,1
192794,5077,15,1
2897657,45007,10,1
2808637,35221,10,0
1503291,30720,17,0
2016924,13176,2,1
1555137,7639,14,1
928051,8424,8,1
2976662,32035,7,1
271930,48171,27,1
1388442,45924,6,0
756864,29487,3,1
1338227,5876,5,1
239636,37508,8,0
1234084,47766,6,1
1227223,21709,4,1
3297312,47890,6,0
2294656,28465,1,0
1048783,18362,3,1
453643,4210,13,1
1068657,37825,6,0
199472,19910,6,0
75551,4920,1,0
1395644,79,31,0
1903701,39475,15,0
252887,15285,4,1
1904384,32655,2,1
345398,12341,2,1
2885484,25837,29,1
1912935,24964,17,1
2876579,28100,14,0
886421,18487,3,0
3104876,26124,6,0
657900,23879,6,0
3226289,49175,7,1
1627949,10467,32,0
766248,14992,7,1
87749,10017,9,1
1395032,27845,8,1
2133837,23645,2,0
87749,10736,5,1
1564230,19678,14,1
2722178,24184,8,0
13240,5258,2,1
1805734,16823,7,1
2176256,27730,7,1
1666721,18564,3,1
1215204,18531,4,1
657900,13984,7,1
2004589,34217,4,1
227512,27104,21,0
636866,22418,3,0
2545409,46979,17,1
2410101,26209,13,1
154318,13851,4,1
681503,39468,38,1
1766651,24852,7,1
579236,40198,3,0
1632192,5785,3,0
1342932,21377,10,1
1876256,4920,9,1
2005896,7314,4,1
1571051,24964,4,0
1733143,35585,8,1
865200,35743,5,0
3228410,19446,10,1
1722053,17721,1,1
304908,3543,2,0
1870020,45007,14,1
764963,47008,6,1
3073961,2707,1,0
1000881,2099,2,0
184473,47739,10,0
2450636,5460,8,0
2359246,22935,1,0
657351,21914,14,0
1829141,47209,9,0
893614,20840,1,0
996696,33752,8,1
1901608,40709,12,1
2117517,28289,8,1
1355292,37531,2,1
1075411,26606,5,1
3111806,1463,1,1
2788977,49517,4,1
955691,22890,2,0
2277893,26128,5,1
3134439,17652,13,1
834195,33731,10,1
2664508,5825,12,1
86424,7948,9,1
1835895,17766,11,0
709290,1463,6,1
2507340,18567,7,0
1434063,6069,1,1
2014763,42733,1,0
862218,45104,23,0
3401357,4796,12,0
733933,16759,4,0
2480609,24852,1,0
746965,45535,4,1
1246226,49075,12,1
785257,32864,6,0
3006390,5456,6,0
718280,40863,15,1
41376,2272,10,1
1105911,13176,3,1
374956,16278,5,1
2261907,22035,4,0
150329,9340,18,0
194374,9804,10,0
864886,17355,1,1
1792947,32499,6,0
1499484,14853,2,1
1290210,8467,19,0
783439,47526,19,0
1796492,32538,1,1
1814225,33884,8,0
19532,20119,5,1
774362,33772,15,0
552595,31371,6,1
1075590,15134,5,0
134569,21288,4,1
2012874,12499,20,1
2194774,19585,6,1
1489667,40593,9,1
1853184,38734,1,1
920923,691,8,1
1202939,273,3,1
689129,2979,4,0
1626060,43122,2,1
246119,46902,4,1
2029709,44632,4,1
369128,12986,3,0
284047,17794,4,1
2899063,35769,9,0
2966362,40587,7,1
1846923,31299,12,1
2787070,19048,12,1
504142,17130,12,0
2676153,9076,2,1
17202,10385,14,0
3324758,36431,1,1
2901462,42736,2,0
323074,20995,2,1
2488607,34448,12,0
2882456,39812,25,0
865200,14576,3,1
314427,27243,7,0
1190741,8025,7,1
1725880,47766,2,1
3409131,25886,32,0
452100,6340,9,1
2576532,30511,5,1
590363,14233,7,1
1077640,7806,5,1
1396268,47626,20,1
730064,7781,17,0
509824,47209,12,1
1303188,1942,3,0
2463209,27845,5,1
2957935,5025,2,1
1260794,29180,4,1
2103550,19450,4,0
996832,19457,3,1
3394307,27845,2,1
1668844,41950,4,1
1190777,48657,25,0
1944045,21903,26,1
2371990,31553,4,0
1209721,36776,22,0
908496,26604,8,1
2819990,4313,2,0
2224123,23470,4,1
1830289,42423,12,1
709290,7150,12,1
657900,47868,10,0
175538,20084,6,1
125371,27521,16,1
1032785,13517,5,0
2907107,39101,2,1
2402579,22825,2,1
703998,25886,2,0
3063824,21150,9,0
2550200,32338,5,1
945294,37687,9,1
3166073,47318,10,0
184647,18567,22,0
1157958,21461,1,1
2172468,34169,19,1
771747,22260,15,0
1116683,32053,34,0
1323528,3126,3,0
2120257,45613,4,0
2798596,44949,9,1
1577409,20345,7,0
1457040,43698,10,0
2242113,7673,9,0
1190777,13966,27,0
3182585,32429,7,0
3077071,5769,4,0
1470144,12333,16,1
2458193,19678,14,0
3394388,21292,4,1
2766967,32655,7,0
1074229,24852,1,1
2955097,38562,1,1
2167593,7649,7,1
501174,24852,2,1
2975886,16797,7,1
1361470,38596,10,0
2545999,31992,2,1
2677385,8671,14,0
473347,4938,2,1
596822,19048,7,1
143488,15261,9,0
2171415,44910,11,1
1746488,20512,7,0
1661069,47357,6,0
1484977,13176,1,1
2294656,35921,9,1
1937244,49235,3,0
2325356,29471,3,1
2925919,32225,9,1
636074,10732,21,1
1939403,37464,1,1
237512,27237,4,1
2010440,44910,5,0
1198409,22030,11,1
2247969,18561,1,1
2307644,31210,2,1
672303,48819,4,1
2676153,6682,7,1
453643,44929,16,0
3184805,32804,10,0
460946,22035,2,1
1532304,39678,2,0
2731169,8193,17,1
1396268,26209,11,1
834897,5612,6,1
945294,13176,4,1
2529955,34243,9,1
595726,10895,21,0
260432,29553,3,1
901803,21938,1,1
3082569,45061,9,1
2386834,23044,3,1
3074643,14897,2,1
717916,26183,11,1
1882958,4986,2,0
3401357,28842,3,0
1595055,13176,5,1
3263241,39275,12,1
1094608,16237,8,1
863033,14678,8,0
2420821,13516,8,0
1329403,18926,2,1
228411,34128,1,1
1887238,41950,11,1
84785,41063,6,0
2817895,22198,1,0
1335220,2966,5,1
786918,42240,14,0
454370,43394,7,1
891807,6381,4,0
1611529,19019,1,1
786546,6631,1,1
643530,9390,11,0
570875,26604,10,0
2210199,27845,8,1
2261907,21137,30,0
446689,26790,2,1
945294,48395,3,1
300350,49191,39,0
2819185,13176,13,1
193077,4945,2,1
1952641,21195,5,1
2458193,47766,4,0
3018078,35224,7,1
503120,42129,2,1
2986553,34050,6,1
2628963,13166,1,1
1122487,48745,6,1
1783065,47626,2,0
3131722,36541,3,0
1288404,1158,4,1
2695585,43986,17,0
2441307,42701,3,1
114300,13176,1,1
2260343,21137,2,1
1256187,13899,20,1
252887,24964,8,0
1529572,24184,1,1
1148469,43014,5,0
562799,25266,13,1
2396863,34668,10,0
1662008,13198,3,1
3105234,44632,1,0
583005,1825,8,0
162912,40028,4,0
3093286,16384,10,1
570875,21137,11,0
366955,24521,1,1
1718781,33548,1,1
2545409,48679,9,1
2755194,16965,2,1
2830613,1131,2,0
230474,18923,10,0
2063315,40310,13,1
1303188,20995,16,1
103562,5025,14,1
2789485,3061,6,1
1269144,21903,1,1
2136995,33000,15,1
2544855,32347,14,0
2329084,9543,9,0
2317494,24002,3,1
3248349,47766,7,1
2124718,49683,21,1
2786733,8087,2,1
2850095,24838,2,1
910604,6184,4,1
114006,3464,17,0
688277,14764,2,1
150329,30347,5,0
2819115,22935,5,1
2359308,3957,13,0
91344,44359,12,1
498646,48230,9,0
2740781,14168,19,0
1038236,39180,4,1
137923,1700,1,0
2474129,47008,5,0
2163126,20899,15,1
1487627,42356,6,1
1100170,41665,3,1
895261,31793,4,0
2630126,31371,20,1
878047,35914,3,1
1587081,28309,7,1
154318,34668,8,0
2998996,45190,19,0
786546,49683,10,1
2227347,9839,18,1
2653514,7781,21,0
2931008,10565,2,0
2252000,15324,11,1
2234614,33303,3,0
3141121,45546,7,0
458292,15649,9,1
347179,40604,7,1
1194122,15872,9,1
1036344,13499,15,0
3135473,12576,13,0
3021561,6873,11,0
323074,15558,15,0
225756,691,6,1
706641,18441,17,1
2893017,44661,6,0
1763649,21603,13,1
3077071,23198,6,0
1036344,2509,14,0
2614518,13176,2,0
1809339,39391,7,1
878028,8536,20,0
1452971,13944,4,0
2798596,7559,6,1
1458581,42736,13,0
2269764,9932,13,1
3411342,22656,6,0
1423063,5818,8,1
103562,3469,7,1
534533,9839,5,0
3074643,2618,9,0
2064305,2716,3,1
3150732,46979,14,1
147235,13032,12,0
732331,46676,1,1
2659205,44042,6,0
2468902,12679,8,0
3105434,33120,1,1
1956408,37524,1,0
2249917,8195,4,0
2013242,25654,16,0
2319870,19165,3,0
965476,29487,7,1
1423063,28156,10,1
2489477,4451,5,1
2024553,28682,14,0
3020811,45007,1,0
164913,41400,3,0
2064818,32864,8,1
1249637,18359,2,0
3110118,33122,9,1
3323298,41290,21,0
3042260,47626,24,0
989011,9901,10,0
2474956,21775,1,1
2978769,6058,5,0
477050,17454,8,0
2229154,6631,1,1
681045,17122,13,1
2878446,38444,4,1
1371466,4986,10,0
107884,42625,5,1
2584355,13629,8,0
631166,5212,4,0
227512,40338,11,0
3317413,5695,1,1
1855533,40604,17,0
3138883,9327,7,0
1651452,5652,7,0
1456342,39678,19,1
1457960,45698,13,1
1763858,2326,12,0
1371693,20148,3,1
2381183,42285,2,0
1559269,29987,10,1
34244,48775,10,1
1556907,30391,5,0
1045947,35163,3,1
1333178,43668,6,1
1431329,39984,6,0
407460,47270,4,0
3021561,41805,7,0
204719,46720,10,1
398373,5491,5,0
598812,30850,1,1
2884228,3720,3,1
1455059,42625,12,0
2227607,36792,14,1
932912,33120,5,1
3121414,27596,14,0
382373,5077,12,1
340473,17103,1,1
3254876,34986,9,1
192997,19057,11,0
3109065,47977,14,0
1627181,38996,5,1
2845757,25931,9,0
196100,43504,10,0
3304580,3092,1,0
1286646,47144,3,1
3171951,46510,5,1
72956,45154,4,0
936492,18918,7,1
196100,20632,29,1
2292943,28199,6,1
2010851,39275,30,1
2703818,15290,14,1
1526289,45646,23,0
525838,13093,1,0
3214338,42719,8,0
723489,48871,19,0
2885484,43086,1,1
1722053,15471,17,0
238621,13834,18,0
3295994,21137,13,1
811116,42720,10,0
180087,14947,13,1
2880994,21019,23,0
1913926,2350,13,1
1861801,40332,2,1
1202532,31562,11,1
2526258,7781,5,1
1457656,19048,15,1
935634,48229,6,1
1447541,38164,14,1
1487072,24852,4,1
2537455,365,22,0
2785197,21246,5,0
1284203,35727,20,1
125371,46720,9,0
2188148,37119,7,1
2313499,39168,2,0
469850,13176,1,1
2111456,21903,3,0
706012,12872,20,0
1014751,16754,8,1
1472618,16464,6,1
377646,42900,10,0
2817738,9955,9,0
2517022,33055,2,1
33041,41950,11,1
2319195,31562,19,0
1941779,44303,14,1
1197822,36550,15,1
521509,8580,5,0
2487168,25762,5,1
3326394,46667,15,1
2286379,2795,3,1
948760,311,4,1
2084417,5876,6,1
1032785,21903,4,1
174311,3458,4,1
324288,39812,1,1
298801,39984,17,1
2194774,24382,19,0
389115,27553,10,1
338788,37119,1,1
2006438,13176,3,1
1589758,3896,1,1
2935289,28842,5,1
2569931,25659,9,0
1777165,7901,1,1
324288,46979,5,0
2781237,48183,26,0
562799,3618,4,1
1386898,10621,12,1
1978740,45640,7,0
1894145,3382,13,0
2866522,11777,7,1
2607105,26032,1,1
1015153,19480,2,0
2855605,12606,2,1
1102579,21641,3,0
1718418,14403,1,1
2164400,4591,3,0
1125432,23322,3,1
1228353,39196,4,0
513725,8174,2,1
2769970,47766,10,1
1972821,7688,2,1
654293,28971,1,1
2205816,14084,1,1
2270694,43295,1,1
274958,46347,11,1
440919,16797,1,1
1963123,35939,8,1
3364732,36865,6,1
780383,33503,2,0
2128545,45578,1,1
2929997,39190,8,1
3405385,3490,4,0
729902,24838,5,0
3127198,9327,1,0
2261340,22308,15,1
2894540,41787,9,1
933966,24489,2,1
827496,36591,11,1
3034547,24177,9,0
712110,43920,4,0
3042260,27966,25,1
783243,18027,8,1
723665,31040,13,0
2176730,24852,1,1
2666686,40709,6,1
2942088,14678,5,1
3290548,4941,1,1
1396016,31720,8,1
1487071,47209,18,0
1972821,13932,9,1
2592373,15087,1,0
1562961,9020,3,0
136569,30353,2,1
1765304,27966,3,0
11109,5618,1,1
2482578,27117,18,1
1070034,22591,13,0
272157,37029,19,0
1881810,26209,5,1
3182177,13575,1,1
876895,35458,12,1
1456099,19660,3,1
2014120,27966,6,1
2281494,39921,10,1
2541457,17419,4,0
1642416,33846,16,0
271930,30489,36,0
168990,29662,2,0
961810,48775,7,0
175538,42768,7,0
264042,26396,16,1
1706100,13525,2,0
114006,13877,4,0
3366369,7806,9,0
416444,14715,4,0
6761,33655,9,0
584013,13176,3,1
1722324,43789,11,1
3214011,33990,5,0
1290210,39877,8,1
3219325,30720,11,0
921103,34466,1,1
2556823,21009,10,1
3276222,13637,3,0
1190777,28464,45,0
2970304,47766,3,1
1839066,27356,4,1
2835192,31215,2,1
1914489,26881,4,0
5402,12597,17,1
1505204,45066,8,1
3063824,1117,15,0
395719,16797,16,0
440365,38712,13,0
2834292,31040,11,0
1552183,35725,25,1
1478388,6474,1,1
1388053,48559,3,1
1871419,27845,3,1
2434663,29447,11,1
2218527,35199,12,0
27342,29363,1,0
144790,19348,3,0
3000960,24852,1,1
964339,8174,1,1
110781,25597,12,1
3359195,9964,2,1
1921507,29103,4,1
3131410,49520,13,0
1786343,6187,5,0
79136,6982,1,1
1637564,14536,2,0
556646,47890,4,1
817805,24954,2,0
998587,47626,1,1
889321,15290,6,1
2852531,11520,11,0
2754010,2050,6,0
3401357,13984,16,1
2487168,2450,6,1
1913956,6286,2,0
217334,8424,5,1
2614518,2314,7,0
1814225,24964,11,1
1266340,34574,4,0
1060573,38777,6,0
1284203,44949,3,1
3348244,16797,13,1
1049295,39275,5,0
1887238,39040,4,1
1393702,35561,4,1
272157,39121,8,0
1513797,23719,5,1
446640,44632,2,0
2685683,21543,21,0
2094274,46979,4,0
2894799,17794,9,1
292560,45368,9,0
2938842,3298,4,1
2261907,34175,41,0
3350435,42423,10,1
2048045,1540,11,0
17202,5077,2,1
651634,12384,6,1
1612421,27845,9,1
2336273,17316,5,0
338788,45633,3,1
2798178,9177,3,1
2254934,35939,18,1
2296370,5922,4,1
1403048,1273,11,0
2777474,20597,2,0
522784,19779,2,0
137420,19057,3,1
864886,18232,4,1
811116,39812,25,1
2059029,16605,5,0
440268,18677,4,1
3394307,30849,25,0
2331415,47234,5,0
1411097,38750,5,1
2190751,8174,4,1
168087,41950,14,0
3312729,38988,3,0
1192894,45930,13,1
1220920,23909,10,1
2992169,28976,2,1
187183,39871,16,0
1248775,4920,22,1
2389250,29615,23,1
2081562,20940,1,1
1124730,30795,1,1
2232838,14647,15,0
2745379,19445,4,0
3142896,4942,6,1
966104,43556,16,0
597322,23734,3,1
3270807,38293,16,0
2106749,13646,5,1
2458517,16236,1,1
2957935,36070,8,1
1487627,48622,7,1
3351729,28204,15,1
1902770,33787,6,1
2355589,23744,6,0
2791444,5550,12,0
698422,43772,13,0
1795794,7632,2,0
3174922,24852,4,1
3050428,49,5,1
2852531,5161,3,1
651634,23644,2,1
1989898,22312,17,0
31254,30639,1,1
605528,11136,5,0
3104523,18523,23,1
6761,8016,1,0
914625,37646,8,1
1172673,43739,2,1
565929,21137,25,1
454536,11452,9,1
1365391,22947,12,0
1477105,33990,4,1
3286070,14947,1,1
1526289,11408,11,0
1280598,36127,3,1
2944777,40203,3,1
453928,7503,38,1
1207838,10749,10,1
1591950,39619,1,1
2729666,28849,10,0
565929,17600,32,0
2429909,37119,4,1
367679,30336,14,1
100953,40772,2,0
2018522,27845,1,1
1914875,31562,19,0
3018078,44397,13,1
3319415,18988,5,1
2878446,11725,22,0
1855533,40878,5,0
1550826,39928,17,1
2753617,13517,1,0
1183107,47366,3,0
3253052,2361,3,1
1629881,16249,3,1
1336176,49518,33,1
595726,28842,20,0
2274702,34557,3,0
2029887,4781,1,1
2385394,2295,14,0
1290148,10070,1,1
936568,22888,5,1
1126113,42625,6,0
199504,24841,10,1
385210,24852,10,0
2789485,25569,20,1
2567240,2512,8,1
1013560,21070,8,1
237329,39180,1,1
1643538,45645,7,1
1466816,35628,27,1
1548278,45948,6,1
1646436,36777,23,0
1093123,17794,8,1
2665513,8997,5,1
2665513,35924,26,0
3083813,47042,5,0
2092058,4305,1,0
209056,13214,15,1
929400,33303,1,0
1889255,36076,4,1
1201914,5385,2,1
1047784,8174,1,1
1888005,11782,2,0
1766651,47766,12,1
2893151,13646,3,1
3304580,31717,26,1
3342349,19726,2,1
3418279,37646,14,1
2703818,43352,3,1
2518485,27360,4,1
2107075,21296,5,0
3052700,33894,4,1
708824,15902,9,0
2419056,22035,9,1
1881557,21769,5,1
1013560,45645,11,1
3160696,19208,2,1
1195476,10749,21,0
2163126,37586,29,0
3028535,49067,3,1
2132959,4210,4,0
1622654,44953,17,1
1555137,16353,12,0
137668,5077,14,0
2130066,27966,2,1
3000825,28601,4,1
1779108,12719,7,0
2255052,1313,13,0
2698690,35383,3,0
2674758,44786,2,0
1887526,12939,15,0
3413698,21903,2,1
3228410,28373,13,1
2124718,22935,3,1
2643985,14575,7,0
3149924,44103,3,1
1930124,22594,3,1
294497,38889,1,1
578257,43758,18,1
1622654,13730,19,1
230474,21500,14,0
360850,9755,8,1
476196,13080,8,0
2878446,5707,23,0
431815,10831,17,1
2092058,41621,5,0
1272352,14927,5,1
1513493,5161,4,0
1925550,24964,12,0
857171,49217,17,1
461915,5077,12,0
1386898,18918,15,1
396221,39041,3,1
2392481,44970,3,1
1783761,36011,1,1
1323528,28215,2,0
628977,9550,6,1
1123946,24852,9,1
3121414,7177,1,0
5402,13740,11,1
1200476,31701,1,0
2005896,13176,1,1
1642416,31553,3,1
1320817,17948,10,0
2208749,12579,10,1
948760,47766,5,0
2487168,37233,3,1
891807,39982,5,1
939647,8193,9,1
1779108,15103,10,0
2139866,30391,11,1
2468902,35042,1,0
2871916,15257,2,1
1112153,16797,2,1
1589758,17461,7,1
3242064,8193,7,0
714868,26301,7,0
2149774,24852,7,1
377188,1202,16,1
2740523,16148,10,0
1296027,49683,6,1
746062,13909,6,1
1122088,45200,5,0
2572376,6948,1,1
3082890,47209,11,1
1484977,27086,7,1
1910903,1025,5,1
2453357,24035,10,1
2094274,21198,6,0
127198,24852,1,1
213060,41445,1,0
2433512,35108,6,1
1395644,35163,36,0
2150579,49605,7,0
214118,41834,31,0
2806886,11448,1,0
2719316,9387,5,1
878360,38768,1,1
1249268,3955,5,1
2271847,10388,12,0
1640639,26604,7,0
1536726,37234,7,0
2330892,28521,2,1
2313156,5995,6,0
2048045,42585,3,0
2629965,23102,2,0
1783761,29987,5,0
2966362,8424,11,1
2835192,42500,15,1
1842600,17680,2,1
1747872,6615,2,1
1387542,4210,10,1
1290288,43865,4,0
2820779,10673,6,1
606074,27086,2,1
388446,15610,1,0
751142,21603,3,0
746965,10749,2,1
2439714,26800,3,0
389604,4462,6,1
1634324,31927,6,1
388564,34013,9,0
631166,21709,3,1
1394368,27055,6,1
2662499,13351,6,1
1913147,16797,17,1
2621191,17948,10,0
1656588,27966,7,1
1094608,31681,24,0
3196137,4671,9,0
2823729,43352,3,1
456868,28204,4,0
2882456,21938,24,0
116706,39812,3,0
2955658,5250,15,1
2490522,29926,13,1
891807,12212,15,1
1682324,3142,2,0
3164387,34126,5,1
2835192,16365,36,1
1289147,7963,4,1
2693027,48988,5,1
87337,41290,4,0
2198199,21267,5,1
936568,15902,11,1
2473430,45504,10,1
1572673,27695,4,0
3144293,46900,7,0
1068657,15200,21,0
1508652,24852,1,1
1495301,23644,9,1
1572772,33572,10,1
657351,33716,13,0
217372,37687,2,0
656499,40706,3,1
3001178,4920,3,0
3350981,47766,2,0
2335126,16837,5,0
300350,27001,9,0
2214483,43154,1,0
2935289,48884,12,0
381983,11109,9,1
624366,14161,12,0
2653514,16349,11,1
2955483,4142,13,0
287663,44632,1,1
1557493,47759,10,1
1049568,41950,13,1
656465,4006,3,1
1224099,31701,14,0
1634324,20383,3,1
1077237,29553,5,1
605528,37029,13,1
2791444,45064,11,0
1082576,24561,17,1
70703,47209,9,1
3388847,10957,1,1
3036419,39557,7,1
2557590,27845,20,1
1901608,13776,22,0
1805109,18465,16,1
2092805,25785,1,0
2069239,42873,5,1
219524,10469,7,0
3413271,33741,8,0
2987933,43295,4,1
3386657,31717,10,1
1449118,13627,1,0
1259020,27966,1,0
2313499,28824,6,0
3112615,260,4,1
1641841,3265,3,0
844382,12872,19,1
3388399,13870,2,0
2223362,27086,5,1
145025,26620,5,1
2137071,22935,20,1
2011176,5479,1,1
1511954,239,20,0
2960963,23803,7,1
591838,10840,10,0
1587081,39984,10,0
834195,41544,22,0
1330458,27086,6,0
2817895,47209,4,0
445083,17721,1,0
3346924,8424,6,1
3236192,35361,4,0
2080150,47209,1,1
431277,16254,8,1
395719,34969,17,0
2315465,6235,12,1
498646,46720,7,0
2192122,24852,12,0
1511954,45037,9,0
1649688,37276,14,0
1812579,20345,15,0
999612,22825,9,1
1648363,31288,1,1
2279089,22309,5,1
412328,16696,5,1
1088489,25890,7,1
1355292,44310,3,1
2751644,4799,4,0
1447541,42265,12,1
204719,41665,2,0
1085241,5479,12,0
1863965,47626,5,1
657584,48230,11,1
453928,10106,17,1
288557,42265,1,0
494497,24954,7,1
1339513,45311,7,0
3232819,18176,25,0
1876256,28278,20,1
2895755,35321,8,0
2306743,44144,2,1
2590600,9366,8,1
2624533,29487,15,0
2518839,23716,11,0
578740,7781,7,1
2214267,46069,15,0
148607,36036,6,0
608449,9421,3,1
2345707,8021,6,1
1472280,8153,4,1
564367,19677,6,1
446091,35004,5,1
1666721,2948,24,0
149157,43504,21,1
3319583,30776,1,1
3046450,21903,4,1
522798,49273,2,0
3308769,24010,7,1
917276,45007,5,1
3420574,14371,17,0
3059076,35734,6,0
2282581,48370,24,1
6761,30095,8,0
1444710,46906,3,1
1534349,41950,8,1
1538117,32585,14,1
1522980,39137,17,0
2205219,32579,2,1
2270694,11233,9,1
1492083,21953,4,1
3104380,47912,10,0
3346924,47766,3,1
2518485,49683,5,1
2526148,42342,10,0
3028535,8098,12,0
3276934,28785,1,0
2727488,2332,3,0
2120337,39928,4,0
639604,27156,8,0
1232902,18618,17,0
1457040,18104,9,1
2364499,45188,4,1
3280215,26209,4,1
904712,13176,8,0
2180977,27966,4,1
2164400,2639,22,0
2250743,32689,5,0
3147645,42327,2,0
1655429,1086,2,0
2106748,47209,1,1
2472890,30391,9,0
919944,26940,13,1
3021561,37646,13,0
1936769,12440,13,0
2946659,11408,14,0
2185235,40120,1,1
2955097,30121,8,1
2537455,39863,2,1
377188,6774,6,1
1023422,21903,5,1
2921994,20114,9,0
584013,47626,8,1
338788,2077,18,1
966502,16955,7,0
3293014,5744,4,0
6761,22474,5,0
547540,45948,13,0
1471738,34745,18,1
2353590,21462,18,1
1520435,24009,1,1
1888171,44116,7,0
3109639,26790,2,1
965476,18072,24,1
2625808,27845,13,1
1534349,24852,1,1
1590523,31100,14,1
3055981,28601,2,1
220720,34969,8,1
2715692,7156,9,1
2167991,4137,6,1
274017,8733,4,0
1154338,33862,3,1
1256187,42633,14,1
1454946,47402,8,0
3401357,32624,20,0
3263553,41844,1,1
2626104,41658,16,1
2295674,2242,26,1
2866522,11755,10,0
1901379,13870,12,1
1577829,4656,9,0
1464088,15390,2,0
1599694,38444,2,1
2284635,6348,2,1
2756537,41950,13,1
233078,41325,1,0
521861,30707,4,0
1276886,47931,23,0
1256187,28199,12,1
952338,30489,7,1
1245544,10017,1,0
1299253,28289,2,1
2755194,38311,20,0
1648109,18880,11,1
689839,32689,14,1
2944552,4562,36,1
2220246,4487,12,0
110580,34358,14,0
2255474,38797,13,0
626594,49235,3,0
557274,26604,24,1
2164528,4605,2,1
226156,2748,2,1
571821,36011,1,1
706012,8518,15,1
1990565,27845,5,1
2170762,42719,8,1
1634845,21903,1,1
661612,40198,15,1
881848,39812,9,0
2999794,45448,2,1
1787831,9076,3,1
1508652,1202,4,1
2782270,5649,6,1
28957,25705,5,1
1513945,14371,3,1
504278,24959,12,0
1134866,47209,1,1
3404774,18660,9,1
3364977,5063,2,0
238621,8193,15,1
791206,34141,1,1
3061835,35939,14,0
1470403,32573,7,0
2515614,21543,15,0
624366,47759,10,0
3318430,16168,5,0
666714,47766,1,0
161752,46526,9,1
2161266,8025,3,0
1781603,40544,1,0
1806968,13176,3,0
3368135,24852,1,1
517945,22035,6,1
2769970,33731,6,1
2822679,48148,12,1
2764848,18523,3,1
2844860,23362,5,0
1484977,33572,13,1
126267,47226,6,1
2807030,7350,8,0
209056,36872,13,1
429245,22164,3,1
1833317,11463,6,0
811999,33081,4,0
1727085,26604,5,1
489531,28204,17,1
1616409,39130,7,0
936492,13535,20,1
246119,45437,19,1
1491992,14168,11,0
389604,48210,7,1
3276934,5450,7,1
748572,22890,16,0
2279089,41844,7,1
700063,34023,19,0
2884777,13178,4,1
2958801,17794,13,1
1687584,30776,9,1
2442401,22796,3,0
570875,35181,3,1
2282581,22699,23,1
2917208,21137,14,0
1001599,43067,3,1
2817148,17454,24,1
3075417,31981,3,1
3065521,10685,1,1
1652163,23140,4,1
2679079,46979,12,1
1550297,1272,16,1
1190777,47209,23,0
827496,35609,21,0
2221689,30353,4,1
2441396,25190,4,0
2099694,16732,2,1
1763858,9076,11,0
285013,8277,2,1
2380771,43961,4,0
26932,34969,13,1
2614707,19660,1,1
934989,26209,1,0
2034506,25347,3,1
461915,19057,15,1
1784213,37836,4,1
2363279,23470,5,1
1363423,3376,4,1
184473,36070,9,0
1938461,35132,5,0
2300357,12732,2,1
2160510,277,5,1
114772,6184,4,0
2709577,6128,2,1
1299253,13176,17,1
2185235,4920,3,1
287663,20580,7,1
1190777,33756,8,0
986580,26661,4,1
2798717,6328,2,0
3397759,47209,7,1
1990364,21249,3,0
2281494,27966,9,0
1795262,33055,4,1
837980,19895,11,0
2689328,15902,23,1
2115404,22290,8,0
3270807,30290,11,0
361260,47209,5,1
768767,14540,15,0
1292645,38311,19,0
2094274,16349,1,1
2012874,6187,4,1
2948550,26348,10,0
2394907,40880,7,1
835025,6184,7,1
656465,49226,16,1
34244,45007,8,1
562799,27793,3,0
886421,40421,7,0
783243,2326,3,1
1842600,30016,11,0
2136204,45013,27,1
2013242,7693,13,1
938613,23953,3,1
3413732,24427,7,0
1978509,22935,12,1
821786,7969,11,1
2305433,28842,7,0
1936852,26209,8,1
595726,32734,16,0
2690429,14168,9,0
3335921,16131,7,0
1553563,33787,10,1
3000960,23012,36,0
3387911,21903,11,0
1082576,24010,16,1
2755194,8006,17,0
2105410,5038,2,1
3266345,14161,12,0
1880456,30489,10,1
661612,40604,17,1
451841,39408,2,1
2906083,28204,8,1
831292,45575,4,0
3382764,44359,1,0
1160952,10106,7,1
3150732,24852,3,1
2800431,27596,4,0
2869976,38200,5,1
1893072,44570,2,1
2359308,30122,3,1
675410,24658,16,0
602859,46900,1,1
1457656,49235,2,1
2482871,2390,4,1
2836139,6649,6,0
464454,26209,12,1
130970,26209,6,1
1528592,41544,7,0
1549727,18465,7,1
3142267,45596,6,0
2817148,42110,8,1
2880994,31555,13,0
1735588,23765,6,1
2136595,16924,20,1
718280,14732,10,0
1068657,46979,8,0
3325115,10473,2,0
2862828,13790,23,0
652693,38494,17,0
2143881,39877,17,1
2588432,26209,22,1
2944520,33572,4,1
2538388,47734,11,0
2557590,24852,3,1
449949,10037,4,0
1207838,26800,14,1
2319195,43768,7,1
2024422,5876,4,1
2620087,16595,1,1
2537455,10374,25,1
2155094,10009,5,1
2817895,13984,6,0
2511975,24852,20,0
1639609,36874,8,0
1576736,16198,8,1
2734241,38650,8,1
1506406,46906,6,1
430151,5015,9,1
2147845,22829,13,0
1534249,21938,11,1
517945,28204,1,1
1025618,22491,4,0
1851029,24235,3,0
2577966,27086,4,1
547540,30949,16,1
1049568,19660,8,1
3141121,8195,2,0
209056,35466,10,1
880559,11130,3,0
194904,611,5,1
681045,39719,20,1
2013242,17807,31,1
3411342,16223,5,0
811478,46906,9,0
2064818,42110,16,1
3109703,11777,19,0
465658,26307,12,1
1788296,33129,6,1
2008861,33572,15,1
2772916,31391,12,0
41227,7035,1,1
769376,16185,14,1
512709,38689,4,1
220136,23044,9,0
3223250,26338,8,0
936568,20323,18,0
1088072,36342,4,0
2148176,6073,13,0
2445018,32757,1,1
2978769,26405,2,0
1998779,38371,12,0
1209721,26172,4,1
1812070,37094,7,1
388564,49517,5,1
1466932,21070,4,0
2042742,32689,1,1
968293,21288,1,0
238401,45646,6,1
463540,22124,12,1
2336715,3952,8,0
3024491,18441,4,0
3273429,5878,12,0
1917423,42265,3,1
2665018,1160,13,1
116706,26301,22,0
688277,16616,10,1
443007,19678,2,1
822194,21938,5,1
2266351,10385,8,0
1395032,3213,12,1
1333178,26209,15,1
1577184,39310,3,1
2862828,38448,4,0
86424,27454,3,1
2817895,6046,2,0
1960026,13263,2,0
933966,27966,1,1
2768453,9839,4,1
596253,37158,26,1
1711928,12894,11,0
2744445,34243,8,0
599174,5450,5,1
2489728,11512,7,1
239636,46876,15,0
3171951,22021,9,0
1544584,21385,5,0
13008,28204,4,1
489571,37646,16,1
196208,18176,10,1
857171,44799,3,1
755549,19605,4,1
2042657,210,17,0
557274,24964,7,1
2970304,27958,13,1
3187761,31487,12,1
246119,30561,22,1
222302,40604,8,1
2294469,2150,1,0
1783761,33636,21,0
596253,15905,46,0
869925,13966,7,0
780383,43875,4,1
171782,5390,2,0
1387068,8736,10,1
929490,13740,4,1
222329,9079,2,0
2907107,49533,1,0
1887035,49241,8,1
905807,38985,14,1
2038752,6324,1,0
3127198,45664,3,0
2798178,34423,11,1
2636268,39578,14,1
1938991,35936,7,0
80954,26736,2,0
1763357,34968,4,0
2982675,13858,9,0
2165067,13176,4,1
728943,4305,3,1
142426,45007,12,0
2880994,16083,21,0
1362807,40992,7,1
518700,47402,1,1
2547369,5373,16,1
345948,15464,9,0
1984847,10499,1,1
863033,17549,6,1
3121414,6274,46,0
1592021,24852,3,1
3042260,3339,32,0
1838568,31915,13,1
1989898,16797,14,1
1780772,19333,1,0
1027673,23341,4,0
3052221,21543,12,1
1499348,23909,1,1
2685562,3894,7,0
1280488,37646,2,1
272157,10749,25,0
3110118,37591,11,1
2358365,37766,14,1
960662,21137,3,0
3366369,40604,13,0
3419825,29615,10,0
1534555,43772,11,1
2909510,4274,6,0
2788977,4942,6,1
114772,33753,17,0
2711632,6873,1,1
11388,12817,4,0
2294445,47492,5,1
2296370,22617,8,1
1793987,30489,7,1
352569,31848,4,0
2949136,8022,17,1
1082576,6750,20,1
2242505,26172,10,0
2709773,10957,1,1
367679,27521,16,1
2919666,24852,4,1
3242064,43832,10,0
2950332,2094,4,1
2244165,39928,23,0
3339053,21295,8,0
3133686,16974,4,1
120460,21616,3,1
2340530,9186,2,1
3171951,36436,12,1
377646,1244,1,0
1120675,47144,1,1
2409711,46979,15,1
618673,32277,5,1
2345707,6740,5,0
2665168,37646,6,1
121612,34058,8,1
3236192,20754,1,1
2095240,16283,1,1
1079144,22882,6,0
362846,41540,2,0
1244262,7539,14,1
2092058,39149,4,0
3219345,6347,1,1
2130066,43122,4,1
2377518,35140,9,1
1223808,41248,8,0
3397963,5390,20,0
388564,23001,8,0
1266340,27959,1,0
878028,39351,25,0
1246226,44683,9,1
1550826,19706,7,1
2336715,13772,4,1
394640,35458,9,0
2537455,4683,7,1
1783761,47672,18,0
1658400,5199,21,0
171592,20697,13,0
2673110,16797,4,1
368123,30442,1,0
3000960,26096,9,1
87749,18370,15,1
1974283,4605,11,1
3126495,12980,3,1
3027951,39275,18,1
449178,34270,13,1
1116683,4595,27,0
324877,19505,27,1
1195476,7353,8,1
1394906,11281,5,0
2125285,31343,10,0
1317316,45504,1,1
2468162,5779,4,0
1575548,43789,1,0
1291302,49480,5,0
2473430,21616,36,0
3041171,24964,10,1
238401,29487,15,0
2075280,2135,21,0
2135166,31915,12,0
1570282,7503,6,1
2996847,46618,6,1
3237528,41057,6,0
2788977,49235,3,1
1484977,29987,3,1
681503,26790,26,1
1904384,26315,1,1
2876783,42828,1,1
1228464,43122,4,0
2559924,46676,20,1
3018078,809,22,0
2990707,14947,4,1
878047,17616,1,1
1298608,39929,11,0
2261907,5514,7,0
2169672,9175,1,1
2684978,46802,3,1
996832,1215,1,1
712110,26209,7,1
523704,4472,6,1
2579844,45366,1,1
3186408,14996,31,0
2483852,33465,12,0
2110265,22825,9,1
3364732,8309,1,0
1785392,35166,16,0
2756537,21616,1,0
257459,44811,22,0
3182585,17794,4,1
596253,12455,24,1
1930124,10667,15,0
2358365,20082,3,1
2136204,27730,16,1
1561320,19639,11,0
3131443,28226,4,1
1131751,2452,27,1
2789485,22556,4,1
723665,18362,14,0
3131359,38622,3,1
477762,6101,18,1
3308884,46654,4,1
880882,44799,4,1
2547369,33000,7,1
1396468,32433,3,0
3222693,9124,9,0
388478,27541,15,0
101222,8193,13,0
3212894,41445,2,0
617350,44632,1,1
1242194,27307,2,1
716653,4261,1,1
70703,48775,2,0
1201914,33129,9,1
3109703,14702,6,1
184647,10101,21,0
2962104,44142,7,0
2482871,32691,5,1
2550215,24852,6,0
1371466,19348,1,1
2416667,5134,10,1
706012,43352,19,1
209056,17687,16,0
556646,49491,1,1
1333178,15392,10,1
2960235,40852,6,1
1090372,40706,7,1
758566,17758,7,1
469850,14778,12,1
111320,22368,7,1
1750885,4799,3,1
2970304,26209,9,1
2355589,31618,13,1
170366,16556,4,1
1008748,24964,12,0
2944552,13642,1,1
2274757,47672,6,0
2107075,673,9,0
1528513,21614,4,1
1347307,30169,19,1
3291523,2295,12,1
2118039,46321,1,1
2194774,37731,29,0
1949434,1689,5,0
1871419,5212,18,1
844382,38264,4,1
2949136,20114,13,1
799783,14477,8,0
2153867,33438,6,0
2245309,34838,8,0
835586,32141,4,0
2238524,49683,5,1
3111806,17429,4,1
2511975,13629,3,1
1859728,15995,1,0
1454013,42719,14,1
1276886,20883,16,0
2587377,19057,13,0
1804219,49683,6,0
3082890,17706,8,1
2740781,35124,2,1
1307616,10749,4,1
1711489,3962,17,1
2997907,26201,1,1
624668,7325,3,1
114695,44632,2,1
2193607,47626,7,1
684019,27966,20,1
2012382,44142,15,1
2294656,40078,3,1
547540,33230,19,1
1451336,41950,14,0
2858769,17288,5,1
68359,14240,4,0
3042260,24489,20,0
3359446,48241,6,1
2338759,33120,3,1
2550215,9387,8,0
1172874,47626,5,0
2406385,11777,5,0
1133730,45647,17,0
2996170,14578,5,0
1592021,33614,4,1
1533080,26209,1,1
2210558,35042,6,1
1089416,46041,4,0
2612636,34939,4,1
855382,37646,1,1
403179,6631,10,1
2194774,43409,8,0
2254934,1463,5,1
2402579,48395,27,0
3033815,38371,1,1
578257,27966,12,1
536731,28571,13,0
2545409,37646,2,1
1425482,46113,4,1
3105823,22475,6,0
764963,4421,11,0
919944,4920,2,1
3236106,19711,15,0
942563,34243,2,0
2996614,48310,2,0
1576736,9623,38,1
3000960,5025,24,0
1492542,12427,3,1
962514,8290,4,0
134569,25890,2,1
2026145,31564,4,1
591490,19309,6,1
1411097,31952,37,1
1333178,21903,5,1
271263,47209,1,0
1574331,43961,3,1
2402579,1511,20,1
654293,1940,6,1
366092,41950,3,0
300350,22825,37,1
3278920,13166,2,1
2974126,30450,11,1
1015153,12145,9,0
1253623,8230,2,1
453928,6187,27,1
571821,24852,2,1
1202617,1710,5,1
257459,13966,8,1
1351975,39993,2,1
1704422,38383,1,1
1434063,46802,5,1
2167593,13176,13,1
2785197,11461,6,0
2282581,32974,19,1
2291674,39984,9,0
745555,35221,1,1
983583,4957,6,1
217334,24407,14,0
1762281,43961,3,1
1402564,20590,2,0
2254934,35887,20,0
919944,46667,9,1
2042657,23359,16,0
2690429,39859,1,0
369128,24004,7,1
175140,24964,10,0
3027951,27086,20,1
1193326,21137,4,1
1992142,3990,4,1
1045108,18567,2,0
3335921,9124,4,1
700820,38739,4,1
786918,23909,12,1
2231694,39649,8,0
881182,49235,6,1
1910275,49478,13,0
586944,18249,8,0
1601670,34786,6,0
3141610,21137,10,1
1358167,48239,2,0
1667558,35045,14,1
1089416,34024,3,0
1999664,17835,8,0
1692244,8638,3,1
1856848,4210,8,1
13240,18626,7,1
2284337,30233,3,1
1622654,4605,12,1
2335426,44366,16,0
2183652,47011,3,1
2800168,14280,6,1
3221310,8230,6,0
478046,35561,7,1
755460,21137,4,1
3112615,27845,3,1
1085241,30192,7,1
3347815,19945,3,1
2944552,21137,8,1
312055,9534,4,1
3005107,18792,15,1
3046450,41665,14,1
2281494,5616,2,1
2757435,17600,8,0
73122,23206,2,1
1903701,41169,2,1
2216508,14126,4,1
367679,18150,21,0
328899,42460,17,0
2781237,1395,28,0
2483764,27104,5,0
3034547,13176,24,0
1764274,34445,7,0
1916266,37923,4,1
958132,24891,7,1
1393702,38427,8,1
1746488,47209,13,1
316126,29311,9,0
786546,48679,23,0
241502,23233,15,0
1840774,21288,8,1
715495,7294,14,0
1552183,20995,17,1
1601680,24964,2,1
1722759,40992,7,1
3281892,26209,5,0
3253052,2380,11,0
2711485,13852,7,1
2082355,22035,21,1
805051,45053,15,1
1386739,15925,3,0
1094608,34946,17,0
1456099,10529,5,0
2947569,44684,2,0
1260174,31338,19,0
1569593,45633,12,1
1303188,39303,13,0
1556907,45570,3,1
2014120,15351,21,0
1637564,33589,5,1
482207,19600,4,0
3344640,14766,1,1
1119992,49558,1,0
2210526,28289,4,1
2397739,546,3,0
3363829,21709,19,1
2967001,8205,5,0
2328979,1511,2,1
2976662,13517,17,1
2946659,22849,12,0
1926961,22915,16,0
2055774,26800,4,0
3266345,27086,17,1
1431329,23859,12,0
2675323,47737,6,1
1897745,18670,3,1
180846,23102,1,1
2976247,44156,2,0
2976662,5479,18,1
506744,35221,8,1
2120337,4920,6,1
1485018,38996,3,0
3060833,260,12,0
117758,25138,2,0
2644098,39877,11,1
1658400,41290,22,1
1779097,45234,3,0
1595055,11945,12,1
1993829,13984,11,0
1342024,28373,6,1
769572,24177,4,1
2708844,14992,12,1
1524173,31880,13,0
604853,2627,10,0
306597,39408,7,1
782770,13176,2,1
1395644,34137,7,0
2236762,5876,8,0
728813,21914,1,1
628372,40723,2,0
2698690,32579,15,0
628977,18465,23,0
2862828,43772,6,1
309818,17704,4,1
1454013,6046,20,1
2811640,32303,8,1
769376,5785,5,1
1260174,38312,13,1
2791444,14901,6,0
2572376,2450,4,1
107884,47626,4,1
2526148,10644,23,0
2008861,18523,6,1
196100,5785,1,1
1762281,40516,10,0
2660022,34148,3,0
177167,24852,15,1
2705978,15392,1,0
388478,28842,6,1
70703,37687,1,1
1866234,14992,3,0
814061,31506,1,1
2865701,44913,2,0
644871,45504,14,1
1292645,34049,20,0
584013,7963,13,1
522537,31506,6,0
1593172,36036,1,1
1108532,39812,2,1
1239101,11520,4,1
1470144,36107,2,1
2837249,21464,2,0
1651019,33731,27,0
1646436,24197,13,1
2204596,350,1,0
1456342,22825,17,0
1921507,47912,9,1
786918,43631,6,1
312055,24964,5,1
2080762,27086,4,1
1116683,21333,18,0
1666102,17872,4,1
891492,42701,17,1
184473,33929,3,1
2612482,42557,4,1
254834,17652,35,1
2135221,29079,31,0
357234,21903,13,0
2740781,32984,21,0
1978740,15483,16,0
3280215,6948,7,1
2781237,47683,31,1
1387542,4920,6,1
578257,11520,3,1
2253067,36956,7,1
2769198,21914,4,1
1838884,39928,9,0
695861,38944,8,1
1218279,28156,11,0
897415,43744,1,0
2640789,2593,6,0
2806886,17695,10,0
2920004,32230,5,0
2107075,19660,6,0
3172172,29398,14,1
1361470,43692,11,0
2214267,44683,10,1
2137071,27156,8,1
1555697,14711,2,1
2295674,43295,6,1
304534,13176,3,1
869925,33041,8,0
2098773,23801,11,0
347123,4913,5,1
1124957,17149,1,1
876775,10655,1,1
2261907,15937,55,0
1876256,18465,2,1
888990,28918,22,0
1143701,6691,3,0
1456342,3917,3,1
700820,12357,19,1
2567240,48907,4,1
1972973,41787,13,0
2244165,20667,18,0
3348244,21938,16,0
1648363,24946,12,1
2275775,47008,9,1
1290210,13176,1,1
3033500,10895,18,0
1411241,17794,7,1
2532667,47209,15,0
2076544,32689,9,0
2094274,20693,9,0
1835005,38944,4,1
3186408,24419,20,1
3026623,22935,6,1
1439603,5621,13,0
2708338,41699,13,0
1506554,41329,1,1
2537455,15221,15,0
689839,14204,36,1
2034506,34519,6,1
461005,34664,8,0
3230918,30121,11,1
2767353,17419,4,1
16497,11520,3,1
2254934,13176,1,1
861027,23909,1,1
3359446,44292,2,1
2294656,5646,8,0
571961,21260,2,0
1629881,13176,2,1
3008665,42392,2,1
2612482,34,6,1
1912935,19446,37,0
241502,8929,7,1
1711489,28934,12,1
1782500,36011,4,1
332928,38034,23,0
2612636,24852,1,1
967333,22935,10,1
1936852,30480,3,0
814061,20588,8,1
2814420,27999,4,0
2312873,31102,1,1
1957014,39409,7,1
583005,15923,3,1
3134439,24964,16,0
2307644,34358,9,0
2944682,27104,13,0
2544855,23909,3,0
681503,38248,5,1
3172172,39275,4,0
130970,42557,11,1
2333119,13176,5,0
1880695,49683,9,0
2192122,3020,20,0
2664489,33682,15,1
1963123,2228,1,1
239636,31915,2,0
467272,33438,3,0
1533920,22935,5,1
3090699,6348,1,1
2227347,8277,25,0
2387307,26209,17,0
257459,39922,15,0
2621191,13740,4,0
177167,13984,2,1
1123221,40711,14,0
1517745,36847,5,0
969494,33911,1,1
2437021,33153,1,1
2148176,38909,5,0
720304,28476,1,1
1419274,35102,1,1
1684050,25886,5,0
80954,14960,1,0
206747,10241,6,0
598476,4605,10,0
2703818,8670,9,0
758566,36082,27,0
974593,7129,5,0
1405047,29126,9,1
709290,44753,9,1
101182,35939,10,1
2005473,4006,7,0
1133730,7646,5,1
2819848,38768,2,0
815201,39275,10,1
3062193,162,36,0
2559910,27344,23,1
2359531,46779,8,1
1455059,24964,10,0
110334,31992,3,0
430376,13203,8,1
32271,651,1,1
2103550,27695,6,0
681503,6348,4,1
317995,10125,4,1
1870020,10749,6,1
2684747,31717,3,1
2556536,11361,13,1
2150784,47209,7,1
2336485,29623,12,1
2163126,40706,37,1
1666464,11073,1,1
889321,8518,21,1
1984847,47042,2,0
366070,12797,6,0
2572376,14462,8,1
1840774,32303,13,0
430151,4269,5,1
790403,21137,12,1
1093097,16823,8,1
3284231,21903,20,0
1499348,28862,33,1
3031937,26717,13,0
1224099,36651,11,0
2571323,8125,2,0
267960,26925,4,1
2868167,13944,9,1
2135166,5212,6,1
2720526,2120,2,0
1681341,12442,4,0
2708338,24852,1,1
1718781,1940,5,1
1565536,40706,9,0
1817336,43295,7,0
2273447,11182,2,0
170366,16020,2,1
3041736,21412,14,1
1396268,17794,13,1
292236,18418,12,1
1597903,25552,2,0
1762202,15937,15,1
789940,47492,9,0
2866486,33757,14,1
2036180,20119,22,0
99673,34217,6,1
380105,46569,7,0
1454013,39275,35,1
2003926,37935,8,1
1637389,35198,11,1
1553563,47766,15,1
477050,43789,12,1
13240,13176,13,1
2485554,31506,1,1
689129,22993,7,0
2295674,35221,11,1
2014122,27098,6,1
726044,2971,1,1
1063380,49051,5,0
3026087,33357,3,0
2999794,45453,3,1
1783036,43662,1,1
3290548,21582,6,0
385526,21137,17,0
631166,32734,9,0
880559,11250,15,0
2465563,35163,10,1
1455059,44632,3,0
34244,9472,7,1
1746488,48745,21,1
385526,16759,10,0
970829,7781,9,1
1411097,24799,36,0
494332,42585,6,1
149157,27845,5,1
1887035,11422,6,1
2428508,30340,3,1
1489228,27086,11,1
388281,27521,10,1
1668707,1511,4,1
136569,27307,1,1
536731,29091,10,0
2607105,21227,20,1
413757,46346,10,0
2771140,36929,5,1
2195471,34,5,0
3041061,17652,4,1
3162398,7657,5,0
2315465,33731,23,0
1805006,19660,4,1
3048517,14133,8,0
1589801,39947,1,1
2992169,45,1,1
192794,7992,3,0
688277,16521,13,1
3079467,47209,14,1
2596737,6278,5,0
723809,15780,2,0
1243657,47209,3,1
2955453,12204,2,0
381024,13176,1,1
1360955,13032,5,1
2024765,39450,7,1
465660,45535,9,0
2042657,49520,12,0
1530205,13108,3,0
3208519,10814,1,0
1387420,16589,5,1
1534349,18434,13,0
2003926,38689,1,1
522537,41375,1,1
177167,40472,14,0
2468902,15290,18,0
2075280,26993,8,1
2958801,30233,8,1
2791459,32572,1,0
596253,13018,20,1
2125285,44422,5,0
2806886,16262,20,0
2882456,41055,28,0
657351,38164,21,0
3401357,5025,21,0
3355686,8539,1,0
2612482,48364,15,0
1133730,18708,8,1
754888,24699,7,1
177281,30776,4,0
2292943,41950,13,0
1399853,26209,4,0
3005390,24852,2,1
2150784,31792,12,1
732952,17334,7,0
2986386,16797,3,1
2684978,37067,7,0
1091712,15290,7,1
1534555,33129,13,1
1533920,39475,12,1
1276886,35042,6,1
187183,35752,9,0
3322523,44229,2,0
2194017,45603,15,0
2704653,46906,5,0
470942,15649,10,1
615857,8747,1,1
810499,2238,14,0
2859070,30041,1,0
2296809,24852,1,1
3147707,22935,4,1
3164785,41950,2,1
129158,34358,7,0
1478147,27061,4,0
366070,3376,5,0
2819185,22935,14,1
611201,4461,9,0
2526148,31678,6,1
2547369,27845,4,1
213060,18465,10,1
2098773,33731,10,0
3404774,36695,11,1
1507371,7704,13,0
2857529,17600,11,1
838752,41988,15,1
1386739,32133,2,0
2955453,32864,1,1
811478,432,2,1
1120675,4462,8,1
1471738,3835,4,1
134767,37215,6,0
1068657,34126,14,0
2832691,4920,11,0
187183,9432,15,0
3121414,17316,6,0
2481803,19706,11,1
2816373,19758,17,0
1487072,1240,8,1
570264,28946,3,1
2315465,18370,22,1
1505204,34969,17,1
2397162,21137,7,1
1914875,36481,8,0
187183,25144,5,1
252887,11520,12,0
1151189,28204,2,1
2024457,38905,9,1
1056399,1639,20,1
49123,15579,3,1
1601680,35670,3,1
2836331,28465,4,1
2958801,23554,1,1
3297979,5445,1,1
3127816,162,18,0
2203182,13176,3,1
1971664,4472,3,1
2586073,8929,4,1
1770322,38028,7,0
935393,30057,8,0
1760880,9955,8,1
941780,31960,4,1
2214267,34195,4,1
1853184,47766,3,1
277346,19887,2,1
1972973,15913,14,0
2944552,5491,21,1
2160510,13866,9,1
1725437,1935,9,1
1972821,49424,28,0
1487071,9598,24,0
3015576,45195,6,1
2723972,16818,1,1
873307,14129,2,0
3080855,21333,9,0
2858769,26142,3,1
1842600,45604,10,1
2014120,48307,9,1
1604010,39850,9,0
2436850,8179,2,0
31554,8803,2,0
3127198,43262,9,1
2471773,32650,2,1
1201588,27845,2,1
1068657,46969,26,0
2064499,6860,9,0
1627949,45747,4,1
3212449,196,1,1
3232164,6873,5,0
901803,38689,6,1
2082355,28204,10,1
2598539,17948,5,0
748572,6530,8,0
677154,38689,1,1
2336273,19701,6,0
637836,2314,5,1
1725880,36070,16,0
1387068,30630,15,1
1056399,47136,10,1
1102579,19478,4,0
454370,48697,6,1
3344009,8518,6,0
3000960,12341,15,1
1416227,1197,6,0
2489477,39180,1,1
941780,25804,3,1
262479,48679,5,1
1648363,8309,16,0
3212651,5479,1,1
560021,41857,1,0
1910275,31683,15,0
2504259,33000,5,1
1702863,39928,4,1
2620958,28384,7,0
2013242,26318,4,1
2244165,36606,13,0
1960026,36865,3,0
140480,41690,4,1
2218984,22000,12,0
1284695,38383,3,0
184647,10455,1,1
461915,12409,25,0
2414863,35263,5,0
2022654,19007,8,0
1916266,24852,9,0
2078365,26324,12,1
2740781,8424,7,1
1622654,5360,18,1
2710214,41404,2,1
933383,21903,13,1
3184970,5782,5,1
1782383,20113,5,1
1978740,8025,6,0
3000625,36717,13,1
786546,42828,8,1
923285,30489,9,0
3307144,32360,5,0
1930124,17487,12,1
3353350,40961,9,0
314427,9520,3,0
1347307,24489,3,0
3062193,18765,15,0
2371990,5586,9,0
1828856,37609,12,0
1395644,39599,19,0
1427049,1463,2,1
801205,27104,2,1
1830289,9741,1,1
2612086,33754,2,0
2786733,28576,20,0
2834292,28358,1,1
1601670,21616,1,1
2108356,30391,27,1
1704422,6343,5,0
2010851,27966,5,1
34244,13535,16,0
3186408,12204,10,1
2817148,33845,5,1
2676633,24852,5,1
3169725,35951,4,1
2295510,13042,15,1
1047784,34335,3,1
13240,32579,17,1
1320859,5589,3,0
2533898,4920,16,1
1934720,6297,13,1
583005,42501,7,0
3316698,41220,22,0
1075378,24852,4,0
292560,12238,12,0
769572,47087,5,1
502152,26683,2,0
2419056,9913,16,1
521174,13712,16,1
654293,14668,8,1
2280357,36618,14,0
1818149,47672,8,0
3072062,19057,1,1
1744809,21288,2,1
2269764,9243,16,1
2488607,19678,9,0
2225490,23888,3,1
3138883,21938,6,0
2282581,33473,6,1
2707549,6647,15,0
2569931,15613,1,0
1917281,14218,3,1
72037,45037,10,0
5402,27156,10,1
2511677,17758,10,1
2447291,28985,5,1
2746291,15713,3,1
2075838,15984,6,1
2286379,39844,6,1
3308884,44278,10,0
1764274,13062,10,1
3273429,46294,14,0
52944,43523,2,0
391024,27696,10,1
2789485,812,17,1
3347381,6278,6,0
3386657,42701,9,0
1194122,26348,6,1
2149774,12791,4,1
1340735,49164,5,1
19532,32707,15,0
2878446,3469,11,0
1636812,38273,19,0
1989898,22825,3,1
368123,651,6,0
1777165,38996,3,1
2186154,12471,1,1
2510572,44560,3,1
34244,11107,25,0
1122088,9020,3,0
1517745,40699,9,0
3364977,16262,5,1
3239348,40706,6,1
773095,38557,2,1
2198243,8518,15,1
1829141,35221,3,1
192794,32249,16,1
3142267,38739,26,0
3077071,9507,8,1
2687178,28431,13,0
152966,20227,7,0
1782383,9515,9,1
628977,35364,2,1
596824,42110,12,1
2844289,5636,15,1
3103978,10621,9,0
3217995,43338,2,0
1387420,28986,21,1
1570282,36865,8,1
2364462,49235,2,1
917876,44632,1,1
2295674,35522,2,0
1930124,47333,1,0
1439603,44643,8,0
3195398,5484,6,0
857171,21137,7,1
938613,46321,9,1
2855222,21586,6,1
1223808,18234,3,1
180747,40091,20,0
1941779,20323,7,1
1644898,24852,3,1
350234,21914,9,0
2935440,260,2,1
2044769,28199,29,1
1056106,14084,10,1
1926961,27966,2,1
1057600,35819,1,1
2328979,25146,3,1
1746488,2537,2,1
1463892,8490,6,0
1526289,15752,21,0
1050334,2535,26,0
1775730,24964,9,1
1395644,15405,30,0
2306361,890,12,0
1056399,4962,6,1
2453357,36205,8,1
2244165,47766,8,0
1107199,44632,6,1
2624533,40545,7,0
1467516,39475,7,1
324877,34448,30,1
986576,22504,13,1
514683,19478,22,1
2986553,26362,18,0
1340693,18465,10,0
715495,46667,10,0
489571,45007,9,1
3041171,19820,13,1
1190777,46676,38,1
2560889,14709,2,1
3267482,44632,5,1
2474956,30391,4,1
514882,9076,12,0
2866082,19660,1,1
1552183,13176,16,1
2133182,26324,5,1
381983,24184,4,1
323588,32689,2,0
1569843,14376,3,1
2732170,27741,2,1
1290148,43772,2,1
1968069,10439,8,0
2156162,10255,1,0
1591950,10644,4,1
473746,47766,2,1
1846923,23339,13,1
1921507,8061,6,1
2695585,49176,5,0
1984847,37131,8,0
103562,28289,17,0
2472890,8518,5,0
107711,45066,3,1
1054900,20118,8,0
3397963,14575,14,0
1682324,671,19,0
2335126,11712,1,0
2210417,31927,5,1
1340693,39475,3,0
238621,1774,11,1
844382,28849,16,1
1679812,5547,8,0
1192894,13895,6,1
3279847,31915,9,1
1638114,35470,1,1
1431686,3844,6,1
2599454,34126,9,1
2295674,2631,4,0
1838190,26283,2,1
939890,16882,4,1
2711584,39947,9,1
2698199,21137,8,1
3126495,26898,2,0
1340693,27695,1,0
3079467,40604,11,1
2136462,5491,5,1
1511765,46667,4,0
3010815,3376,5,0
3289113,40001,6,1
1620007,40723,9,1
3046450,45066,9,1
2876783,16262,11,1
23726,13113,20,0
880882,31981,7,1
72037,44277,4,0
1550826,22255,9,1
457495,2014,2,1
556646,14191,9,1
3109703,36878,3,1
288358,37606,3,1
2059029,3609,8,0
2598539,11520,1,1
1355835,33754,17,1
1449657,2716,23,0
1762202,40898,1,0
2970304,26165,12,1
1246261,17807,1,1
2021378,28851,3,1
2737317,30827,1,1
2279089,14390,11,1
400323,46349,2,0
1185205,30442,4,1
238126,18761,6,0
3123541,5450,3,1
1925239,3717,3,0
645036,44085,2,1
2005470,6552,13,1
2787070,29675,10,0
2210417,27845,1,1
1968069,44622,14,0
2183652,186,8,0
1143701,33000,2,0
778793,22610,1,1
2949136,40593,8,1
2557590,49235,21,0
1817336,31789,4,0
2840337,49215,37,1
257459,15801,11,0
2526148,41149,29,0
1636812,5450,3,1
1913147,6873,13,1
723665,14741,15,0
1454946,3298,5,1
136569,23744,11,0
3050428,2043,7,0
664478,49235,4,1
1607611,5989,2,1
3323298,23341,18,1
48480,7835,3,0
1417362,40377,9,0
3300865,12258,1,1
194374,11777,4,1
3419011,31225,4,1
1172874,15613,3,0
48480,24852,1,1
891807,717,6,0
2957935,2389,9,1
3146808,26369,18,1
88868,18070,6,1
1732849,11978,14,1
1470403,35478,11,0
328187,42561,8,1
3312729,25640,1,0
1116683,47381,16,0
1783065,14957,1,1
2051355,9932,10,0
1648363,40763,18,0
3082569,30407,11,0
1169293,4347,6,1
3307144,4920,8,0
2746291,45066,8,1
857171,29553,10,1
397084,1360,7,0
3027951,22035,5,1
1662560,24852,1,1
394847,33871,16,0
2665018,11092,3,1
2232838,43643,2,0
580665,6187,7,0
2772911,13755,6,0
1939226,23634,17,1
388564,31573,10,0
925807,3789,13,0
2447291,14429,18,0
636074,31506,16,1
1634313,39657,3,1
1812543,23436,17,0
3420574,27344,19,0
1159106,11452,18,0
3187282,39877,12,1
661374,6631,9,0
934989,31248,3,0
1160320,25146,4,0
3203974,42460,7,1
1362594,29328,2,0
2485820,37919,1,0
1179658,13198,2,1
1044539,23763,3,0
2377518,49520,20,1
2706480,19019,1,0
3405555,27845,7,0
2986553,6750,7,1
3295994,2846,11,1
684019,34850,7,1
3299935,4895,2,1
194904,5456,15,1
2020140,42768,5,1
3272891,25133,10,1
2196924,48865,1,0
2123402,35510,8,1
3028535,8598,1,1
1778250,24852,10,1
2791134,31717,8,0
147235,19265,15,0
1814225,48679,14,0
1733750,2846,6,1
1195476,12024,15,0
2174342,11712,2,1
967273,28234,3,0
3208314,24964,1,0
1060367,27845,8,1
2483764,22142,8,0
276897,27865,5,0
202979,24852,1,1
477762,12044,8,1
902413,8309,11,1
737749,17632,1,1
1114021,30974,5,0
951845,30148,5,0
1522980,12845,16,0
2183652,2962,4,1
1115114,33087,5,1
126267,27104,3,1
1079144,44860,8,0
1376658,33065,1,1
2918085,13496,2,1
3187282,20794,3,1
3360812,28985,1,1
2729429,34269,3,1
2264737,18465,4,1
1129413,14161,16,1
998587,30069,7,0
657900,43957,2,0
1616735,4952,8,1
1511954,2489,17,0
3280215,3464,10,0
1685830,27845,6,1
996606,895,9,1
1090679,48193,1,0
458815,18465,4,0
2684747,47209,14,1
1972821,28849,14,1
2490522,7156,12,1
771747,5373,13,0
196208,42110,3,1
1488731,42356,6,0
828608,14462,18,1
2041690,5479,1,0
552481,15664,17,0
1599424,24852,4,1
3339053,35898,2,0
563524,34126,6,1
3141610,8474,18,1
936492,26679,3,1
3226289,17600,2,1
3231889,13176,1,1
580665,17622,4,0
2567240,24852,1,1
2133182,2086,4,1
2653633,2855,7,1
2419056,31634,17,1
3093286,34249,27,1
3147707,33572,13,0
1266716,35004,7,0
2227607,40229,18,1
1974159,13176,4,0
2198243,12276,5,0
3214011,5194,8,0
2607105,20828,15,1
2607105,28993,11,1
730064,19173,14,0
735618,27662,1,1
1952641,20113,9,1
1449657,17600,20,0
2731047,12341,3,1
1069069,13147,10,1
1886907,26665,8,1
470142,24561,17,0
2880994,33855,11,1
967333,24852,2,1
2934073,10246,13,1
2150784,1244,10,0
299348,35725,4,0
187183,24400,14,1
121370,2494,4,0
2576532,20561,4,1
1610913,18465,3,1
1520435,24184,7,0
2055774,7693,10,1
865969,47209,10,1
1586341,12341,3,1
2003926,21376,12,1
3375509,29370,8,0
210969,30233,3,0
546893,2038,1,1
3294210,44479,7,1
2602913,45007,11,1
2654878,6135,16,0
1190777,4715,10,0
2840337,2956,22,1
2709752,21903,7,1
1887238,27845,6,0
1999664,11784,2,1
1586341,48835,7,1
2130066,1323,16,1
1854375,33636,6,0
214118,24197,32,0
626391,26348,6,1
2526922,8953,3,0
2329510,17316,1,0
1270436,9480,3,0
2559910,31205,24,1
2013242,1774,18,1
2227836,30391,4,1
113729,45646,19,0
1856848,11679,2,1
2270792,13517,26,1
270588,1244,2,0
1244262,41177,2,1
2291414,28999,7,1
2958801,16797,20,1
1387436,18465,7,1
170591,45249,8,0
2781237,19604,9,1
1214922,5077,2,0
2130066,36772,13,1
213060,20764,16,1
1116683,24231,40,0
3104523,44156,21,1
949664,33493,2,0
1646436,26165,3,1
2766967,31127,8,0
3208350,18608,2,0
2329510,31100,6,1
449178,44830,21,1
3156211,47366,3,1
1315105,17619,18,0
878047,16759,9,1
2342770,49235,9,1
2878446,27964,13,1
1785392,41570,23,0
1417569,5782,8,0
2181285,27841,1,1
1652807,27925,4,0
681045,24852,1,1
1812543,1693,12,1
3214011,4920,20,0
831292,19904,11,1
2510572,13874,13,1
2063315,14084,11,1
142426,22707,20,0
1336176,4957,21,1
173886,31422,7,0
1162861,7139,3,1
595726,23645,14,1
680209,2846,14,1
2956446,14401,6,1
3102856,24231,12,0
643530,9839,1,0
1555137,6252,15,0
237512,24852,2,1
2067931,32864,14,0
1589758,16040,18,0
1492372,19863,19,1
3284322,8518,9,1
1129413,47766,18,1
3226289,38689,4,1
1851029,25814,10,0
241131,39928,1,0
2934073,2238,16,1
525542,12033,3,1
2199800,32139,5,1
2396863,11782,12,0
2723375,4210,6,1
1921507,45645,21,1
3242064,7644,4,1
2098773,39619,14,0
2925919,5677,25,1
2349014,36618,4,0
879253,38777,3,1
2901462,28427,4,0
1026092,12334,4,0
3044912,26419,4,0
1786343,22959,2,1
2268216,14553,10,1
2306361,8518,13,1
2515496,26604,1,1
828426,432,8,1
324877,34126,23,1
2555240,46341,12,1
470142,21614,7,0
229951,26177,5,0
1487071,10132,6,1
2840337,23011,45,1
2337041,37355,3,0
1592021,22699,11,1
1713951,39984,3,1
1497383,21137,5,1
3035474,11937,6,1
1051572,30450,7,0
1131751,42736,19,1
349009,14947,1,1
3103978,45870,7,1
271930,39475,19,0
1396268,11140,3,1
1687652,9515,9,1
3348244,34658,8,0
461915,30391,19,0
2469417,45681,5,1
611201,40706,5,0
921914,41787,13,1
3356599,2763,1,1
552481,41793,13,0
1557493,8424,17,0
1763357,10957,1,1
2481837,38730,1,1
759541,20528,3,1
573921,21137,7,0
2931008,39024,1,1
468349,9422,4,1
2242113,39054,16,1
1454013,45007,21,1
2996847,13988,7,1
605969,47766,4,0
2245309,9387,2,0
2222426,7781,2,1
1629881,47626,7,0
389115,22935,1,1
3070776,13176,2,1
3226474,3285,6,1
141134,30668,38,1
2684747,45807,2,0
3386776,46667,5,0
1793987,41890,1,1
459411,32650,1,0
2201446,47626,10,0
621349,1940,7,1
880882,19424,2,0
2599566,2180,2,0
815201,7350,1,1
2390337,37065,9,1
1690300,41400,2,1
3061835,31717,11,1
914625,15872,9,1
3105823,31506,8,1
1163120,18523,8,1
1640639,43295,17,0
1978740,27985,13,1
161110,47008,2,0
585035,44449,7,1
2594305,31043,3,0
189641,17872,4,1
578257,44408,15,1
1361470,11408,8,0
2866486,32780,10,1
591838,21096,20,0
2194774,429,15,0
1083635,33719,6,1
3405385,11371,29,0
1944045,26177,6,0
591838,1005,15,0
2974641,19389,6,0
381983,17794,17,1
514882,26860,4,0
296718,45007,4,1
1782383,13083,2,1
2532667,26283,13,1
913465,41842,1,1
782847,18362,4,0
1732849,46686,1,1
2412775,26209,3,1
1800111,36901,9,0
3336850,41276,1,1
2298243,21903,2,1
1478972,2962,3,1
1403307,30257,42,0
3295994,39468,18,1
2048045,24852,29,1
666714,22935,5,0
3232819,33198,8,1
2485554,17988,5,1
865969,21903,23,1
3273429,29740,15,0
1657457,38557,2,0
2756805,5450,9,1
606074,48007,9,0
33041,49683,5,1
1040937,3390,7,1
2885484,29671,39,1
2222426,37766,10,1
2970304,47626,7,1
2164400,12576,17,0
2840921,19660,1,1
2016353,49235,1,1
1903701,13740,13,1
1864242,28985,9,1
504278,9006,13,0
2866486,39485,17,1
2776896,29487,1,1
1978509,40604,9,0
3400507,16020,9,0
604890,10017,1,0
755460,18689,1,1
3053253,40364,4,1
1903701,8518,1,1
652693,37672,18,0
2698199,13329,9,1
2136204,30233,17,1
1290210,41787,4,1
783439,40706,58,0
2174342,5785,8,1
2722178,22952,11,0
657900,13517,3,0
3397759,16185,14,1
3134439,26736,12,1
1550826,2716,6,1
3300865,4957,8,1
573921,5306,16,0
3033815,15923,4,1
2687178,46229,7,1
453928,19019,26,1
609215,12863,9,1
3401357,38273,11,1
2942287,40233,4,1
2920004,25837,2,0
3282247,3829,8,1
1056399,18370,13,1
2401647,49405,5,1
2820779,27429,1,0
873975,26209,8,1
424192,21288,1,0
1227265,41065,3,0
2820670,38371,3,1
1927734,12145,6,1
1406847,40706,11,1
517262,39993,4,1
1717084,4134,20,1
2381192,19376,4,0
2685683,47209,6,1
2106974,14896,6,0
3230918,14486,15,1
2745379,18569,5,0
2515496,1463,2,1
3248349,2596,5,0
500235,37335,1,0
1282478,8048,3,1
1421558,44643,1,1
1855533,19634,7,0
2703818,18880,8,1
2817148,46802,9,1
661612,2350,19,1
579378,31102,4,1
790183,37215,6,1
2014763,33624,7,0
2550215,5750,9,0
2564511,4600,2,1
2576871,8518,2,1
2604490,35628,20,1
514683,45954,28,1
49531,45,2,1
522537,22035,8,0
1655198,34969,1,0
2369123,4825,18,1
1704422,30391,3,1
3232819,49235,10,1
1166260,49520,6,1
500117,30391,1,1
2536866,12254,1,0
700820,13176,3,1
2703818,17160,4,1
1406847,14651,12,1
728943,39276,1,1
1340735,14180,14,0
2447291,7325,8,1
298801,9955,18,1
1733143,11777,9,1
1733750,17794,8,0
2166674,42411,1,1
2723375,13909,10,1
1910275,19057,6,0
2556823,19240,24,0
923285,39430,13,1
2024422,26209,5,1
11109,25544,8,1
571126,33525,8,0
1758152,43352,4,0
2731169,42828,10,1
1764274,24964,5,1
2041560,7538,3,1
3125639,17794,12,1
2248727,36412,2,0
3232164,41658,1,0
2132813,27629,9,1
2274757,17725,2,1
1050334,28985,4,1
2419056,27845,1,1
1508652,44632,6,0
672562,39046,12,1
1541078,877,3,1
3327623,15261,15,0
2756805,27104,4,1
495206,43867,13,1
2282581,37158,29,0
663573,19376,6,1
411643,329,7,1
759740,10151,7,1
1557493,28985,31,1
265110,8143,3,1
340473,5918,9,1
3378937,24852,4,1
3190575,33378,8,0
276897,23183,7,0
2562073,15290,7,1
1070034,20114,12,0
3382838,10246,10,1
3341034,38777,10,0
976527,37067,16,0
661612,49247,18,1
1711489,1999,16,1
1395644,13176,1,1
2397162,22337,1,1
2044769,25072,17,1
2698690,42352,21,0
3236106,46359,2,0
1149379,40939,3,0
2691282,27179,6,1
1451336,38777,13,0
2756805,35140,11,1
2235911,48745,10,0
3355219,329,2,1
3035474,37807,1,1
2465563,27845,4,1
2940832,30776,2,1
642561,28010,8,0
395719,21903,9,1
2796075,30480,19,0
2996170,37646,9,1
2715692,19057,5,1
2260036,5621,5,0
2159023,9365,11,0
1293218,14280,1,0
1051260,31506,22,0
2986386,8571,1,1
2018522,35887,4,1
2943010,2528,9,0
2458413,9779,2,0
1365391,31040,4,1
3388847,20119,2,1
2955097,43967,10,1
3208314,39216,4,1
1973075,24566,2,1
1720723,24964,28,1
1060367,22260,1,1
821760,21938,5,0
1687584,17038,7,1
3256519,24852,2,1
3102627,44397,8,1
168990,18531,6,1
2970304,27344,20,1
780383,20380,17,1
1034268,18594,14,0
905807,37524,10,0
2955483,4472,9,1
2565436,1999,2,1
2350994,32655,2,0
210969,48647,1,1
1342024,17630,5,1
1463892,49226,10,0
3065521,21137,2,1
2164400,34351,28,0
3212651,37687,2,1
3025339,29398,26,1
3135473,12206,15,0
1993829,42445,1,1
610096,40706,2,1
3048649,48123,4,0
578257,10337,5,1
2648029,20114,4,1
1853343,45772,1,0
1227223,9598,10,1
3127816,22963,11,0
3214660,14766,8,1
2229154,4306,11,1
1565536,8424,1,0
571821,32537,10,1
2562870,33731,4,1
3242064,35372,16,0
771747,48720,6,0
3276222,11456,2,0
276898,13870,11,1
2064305,24841,2,1
3062193,21267,8,0
3163059,13176,1,1
1471738,34525,3,1
786918,2113,11,0
2252000,45190,12,1
2389250,17616,19,0
1795794,39922,4,1
1009873,25852,14,1
3298200,42647,6,0
393920,11520,18,0
1749769,21267,5,0
3236106,22474,26,1
1056106,41842,4,1
540093,45633,5,0
506744,6348,4,1
888990,48395,9,1
513725,22876,3,1
1559269,21903,11,1
246119,28715,7,1
1124730,25330,4,1
1403307,17949,15,1
1085241,4920,10,1
1720723,34126,25,0
3391101,5994,1,1
2204596,16683,2,0
1274525,10258,3,1
398840,15592,6,0
2105346,33747,2,0
2483852,47766,4,1
1732849,14858,9,1
3000960,5566,28,0
397058,47209,1,1
2744445,17956,12,0
144165,5077,1,1
254834,4920,17,0
2123268,5212,18,0
1987237,45007,4,1
2296809,47086,12,0
2319870,36186,4,1
1540823,29752,9,0
1968047,41588,2,0
3159931,41623,11,1
2610074,8116,5,0
388478,12223,23,1
1434063,49157,6,1
2003926,22395,23,0
1407559,4210,1,1
2705978,1158,4,1
345398,5467,9,1
1828856,34969,10,0
395719,28842,4,0
1068657,22474,29,0
2621257,14976,17,0
577493,17948,6,0
2856752,34161,12,0
2837977,21903,4,1
2457577,9932,7,0
733221,47788,3,0
2747426,8803,1,0
2584355,20082,3,0
2938852,18918,1,0
2571323,17896,1,1
23726,20574,18,0
2308495,25146,10,0
3253863,37220,3,1
1863965,14467,9,1
2955097,7041,4,0
1938461,42450,3,1
2760549,25157,7,0
1677585,13083,1,1
2189542,33768,2,1
3351729,27315,32,1
1738253,29307,13,0
469850,19057,5,1
970829,10621,10,1
147235,11759,17,0
834195,24964,19,1
1783083,46203,3,0
774362,8277,7,0
2308612,9741,1,1
2211372,44142,12,0
292236,27845,15,1
1075411,45445,6,1
1901379,47209,4,0
2210558,28199,19,1
596253,27360,22,1
1697253,10151,2,1
1731576,23375,2,1
2738283,6849,4,1
2977027,43908,10,0
597717,47815,1,1
2080762,35535,11,1
2014122,39977,3,1
468521,21288,4,0
2970304,28842,8,0
3053253,23013,6,1
292287,41406,3,1
3210139,21137,3,1
1070034,24431,5,0
512709,9550,5,1
150991,24221,12,0
3317334,19057,7,1
63266,13914,4,0
314427,24064,2,0
3041171,20583,6,1
3240664,25837,4,1
276898,18465,24,1
2139866,31915,1,1
900649,49683,3,1
3166073,28593,7,1
3418279,27845,7,1
2229154,39758,27,1
684635,19519,2,0
514331,46667,27,0
2369123,5876,17,1
1487071,20842,17,1
458815,18444,13,0
3128148,43908,3,1
489531,44142,7,1
570875,25952,19,0
1401110,47766,2,1
2847866,31486,2,1
349996,21999,4,1
246119,23537,28,0
2389250,8193,18,1
2981662,8193,2,1
1526289,31217,31,0
2008861,34448,24,0
732952,45007,15,1
174685,49086,4,1
1227265,28123,21,0
244023,39928,2,1
1320817,33716,17,0
1131751,24852,3,1
1454013,17021,31,1
1939475,432,10,0
411643,27299,8,1
166272,41177,3,1
1449409,38400,4,1
3027951,33037,2,1
748572,43772,10,0
896110,27845,3,1
2183860,20591,11,1
2080762,32347,12,1
1342932,48335,1,1
2970304,651,16,1
23726,13646,17,0
3394307,45447,16,1
2564285,38374,30,1
2449390,12140,7,1
16723,5517,1,1
2613090,49536,4,0
1627181,46676,3,1
1806065,47766,4,1
2198199,19584,3,1
2176256,49520,2,1
2450787,8277,8,0
1877005,45613,8,1
2229154,14168,30,1
2705978,15902,3,1
2172468,5337,20,1
2804990,45447,15,0
2130066,43295,9,1
353013,39448,14,0
2180726,31562,11,1
3326394,12748,4,1
2971850,26145,1,1
1036434,47766,10,1
380105,24157,18,1
565929,31717,6,1
2648029,38230,3,0
1552035,35233,2,1
2396863,45955,14,0
2191324,17224,13,1
3366398,30241,4,0
83824,2120,2,1
1859323,24852,1,0
725840,20904,8,0
1471738,18441,21,1
2559993,4793,11,1
2180726,11005,16,0
1934510,24852,7,1
1120800,12341,1,1
498596,46031,2,1
2822679,27966,14,0
918451,24097,18,1
3365821,21137,7,1
56577,4855,9,1
1903766,6721,15,0
2596788,16589,1,1
3364977,28204,12,1
3359446,48370,10,0
643530,48679,6,0
170591,27554,3,0
3138883,40377,13,0
2763915,47626,3,0
1387420,21137,18,1
700063,27044,18,0
1643851,24852,4,1
2289834,17154,3,0
611201,43371,10,0
918451,26172,17,0
3316088,43633,7,1
1724253,19508,5,1
2773817,24082,6,0
1763649,31257,3,0
19532,30135,16,0
1645782,41602,3,1
3291523,34027,19,1
2067931,41787,4,1
548298,17804,3,0
166272,21230,10,1
3337287,27690,17,1
1492372,45252,15,1
757892,7559,16,0
2164400,28384,7,0
1388438,1158,5,0
1360045,15569,7,0
900983,14678,1,1
3112940,8025,5,1
2511677,16122,17,0
1078578,27336,17,0
793458,10246,19,0
2363279,36178,1,0
2306361,39475,15,1
1993829,41177,2,1
1609746,19051,4,0
1120675,32578,5,1
1561320,10749,1,1
504142,33484,8,0
1401309,43154,4,1
612625,25187,4,0
400484,42265,4,1
2680250,39877,7,1
3208314,4605,14,1
262479,2395,11,0
590363,24561,2,1
1968069,23032,15,0
2319195,38777,9,1
2232838,2452,20,0
165351,21847,7,0
1507371,36180,10,1
2244165,43295,11,0
2135221,1947,12,1
1997475,3957,1,1
3164785,40545,9,1
648256,1194,1,1
1667558,43352,12,1
1154338,13806,1,1
3104523,33909,25,0
2387307,21057,15,0
1569843,31130,4,0
3121414,24390,34,0
1402999,4920,2,1
414129,43886,20,1
2078365,41597,11,0
2457711,28373,1,0
474382,39491,5,1
681045,42936,21,1
2340530,7673,1,1
1766760,1408,7,0
3411342,13740,9,0
1956331,1999,2,0
2857529,15374,4,0
1316992,4210,6,0
936492,6873,16,1
2944986,10673,5,1
3012361,4306,1,0
2218984,16859,19,0
2755194,204,19,0
640090,35939,6,1
2950332,38693,1,1
3350981,24838,1,0
1439603,44359,7,1
79136,9477,4,1
2559924,17902,10,1
3409131,9387,23,1
565929,15290,5,1
2644098,8518,13,1
3112940,1406,3,1
2950332,12283,2,1
1266716,6383,1,1
2013242,44903,41,1
2559910,48395,26,1
740395,40063,6,1
2469996,7781,1,0
33041,47766,9,0
591838,24852,5,1
3397759,9076,10,1
222331,21174,10,0
2708338,3283,10,0
3043192,13223,3,1
756694,13176,8,0
1174742,14318,3,1
1751169,15470,18,0
2244056,11136,5,0
831290,11193,6,1
2689537,30230,22,0
3295994,45007,3,1
2136462,29557,9,1
3134439,30391,9,1
2758501,33787,4,1
1711928,29429,12,0
1070034,38383,10,0
1897745,28699,5,1
2970304,21137,23,1
1402564,17995,3,1
1648109,11136,12,1
114300,34166,18,1
1942105,1700,3,1
783243,31717,27,1
2051355,28993,12,0
2777474,31634,17,0
2712862,2151,4,0
1429167,3599,9,1
501834,24852,6,1
2482578,39947,13,1
2122045,10326,6,1
198106,5450,6,1
2106748,13176,2,1
1218279,5337,10,0
988586,36011,10,0
1401110,9839,9,1
516403,3473,2,1
844382,34197,1,1
414129,32099,10,1
1529572,33407,9,1
2214483,4656,7,0
114816,32689,4,1
2943010,7299,2,0
2777798,8518,7,0
2982675,46285,2,0
35475,26586,6,0
3048517,7963,10,0
1202939,38322,4,1
1732849,17616,10,1
2808637,5194,5,0
2480609,9339,7,0
26932,19508,1,0
2106828,24852,3,1
2166045,25630,27,0
294209,47626,1,1
2377518,32429,1,1
1926961,42944,7,1
2282581,18019,14,1
2865005,5463,3,1
3052700,1875,6,0
2878446,39448,3,1
2805105,21447,3,1
1821844,28012,5,1
2548018,13176,1,1
1674667,18232,2,1
1545584,42265,11,1
2307694,18176,5,1
2654878,16083,5,1
2305433,5818,6,0
2897657,25005,6,0
2990855,23400,22,0
2105410,21938,7,0
3318430,20574,9,1
300350,24964,29,1
1939226,35547,12,1
1562192,29926,3,0
2589051,30391,8,1
2453357,34668,4,0
1390505,4799,5,0
431815,13291,2,1
461915,44912,34,0
2164400,39947,18,0
590363,22935,4,1
2147927,25773,8,1
2550931,39475,1,1
2835192,8707,34,1
914214,432,8,1
733933,32177,8,0
3064552,37646,3,1
329595,32455,10,1
1657457,45645,3,0
2946287,47912,10,1
1718418,13351,8,1
1487071,33731,15,1
728813,33000,5,1
988586,2846,5,1
1387068,25043,18,1
2291674,27690,8,1
1298987,9020,9,0
112819,32857,2,1
1425482,6747,9,0
1646436,4658,5,1
657584,26209,14,1
2312873,27086,7,0
2136995,48104,16,0
19532,33589,6,1
1955525,22124,4,1
2377518,43768,26,1
3388830,4799,1,1
464454,812,10,0
393920,47759,16,1
1102408,9531,1,0
2607280,35973,7,0
2861329,34862,6,1
102028,38689,1,1
3332452,36186,5,1
2355779,33862,3,1
780383,24787,3,0
1927734,3896,9,0
2051355,11383,9,0
769376,34574,23,0
1414324,41840,1,1
328137,11782,13,0
2049512,24852,1,0
45229,38312,13,1
1219232,4541,3,1
3187761,27316,3,1
191506,10749,10,0
1876256,19678,10,1
2545409,47626,6,1
180087,39877,3,1
1823245,37208,3,0
714868,44910,6,1
2337738,7041,24,0
1487072,24759,5,1
3086486,24604,4,1
2359246,29447,4,1
2180977,36865,11,0
1091126,44632,1,0
3131359,26094,7,1
1733750,30291,14,0
409097,34047,1,1
2612636,32757,16,1
2011176,13176,5,1
1623548,23737,5,0
1564282,22108,8,0
3031937,16759,7,0
2005473,48205,8,1
1770322,36431,3,1
380105,43735,15,1
2971594,17758,7,0
2481803,42244,5,0
2946659,28437,17,0
1141716,13852,4,0
1420644,22281,9,0
2221557,7230,3,0
468349,1529,7,1
611201,31267,7,0
3179009,21137,3,1
2040370,39993,4,1
2211234,48004,3,1
1230161,49191,6,1
3139890,43957,11,0
209056,45282,2,1
2522824,36144,16,0
1116683,30994,43,0
400484,37496,2,1
959205,28204,12,0
2997676,29061,7,0
187183,33198,2,1
1207364,5130,4,1
469850,38567,10,1
2892862,7177,13,0
3125639,436,22,0
3164886,17511,3,1
683286,27966,1,1
2191666,2091,5,1
1827308,17454,9,0
3133915,12212,6,1
2463209,890,3,1
1561320,18629,18,1
880618,11182,7,0
2244051,40156,4,1
331306,22825,5,1
949756,47792,4,1
2040370,49683,5,1
786918,5938,3,1
759740,33136,5,1
2294445,42736,2,1
3243858,13113,9,0
1577409,14429,13,0
970829,49215,13,0
861027,27020,2,0
3138648,22875,4,0
930570,30169,17,0
1228353,17834,11,0
610658,14168,6,1
184473,5451,8,1
1227223,7781,17,1
2705982,39877,2,1
612304,34898,3,0
221974,41665,1,1
1882958,27276,4,0
889321,43249,17,1
2472890,11030,8,0
81253,43154,1,1
3028535,27041,11,0
2423757,46667,1,0
1131903,46294,8,0
1205398,7559,7,0
1358167,1103,6,1
3317413,42697,2,1
2307506,1463,2,1
3131410,5322,2,0
461915,18465,26,1
1572772,30391,15,0
2623298,6178,3,1
1709068,45445,3,1
1050334,49352,25,1
573921,28123,3,1
133630,43295,3,1
2626104,7021,20,1
13240,21137,20,1
1988731,20944,8,1
2194516,19488,8,1
1735588,9203,17,0
2010851,2855,4,1
2063248,26981,1,1
1008748,43961,1,0
3258748,21903,1,0
2732170,248,29,1
3062554,34448,1,1
1370714,287,3,0
3109703,34530,13,1
1218793,24852,9,1
1489667,47209,4,0
2015438,48988,3,1
2018522,35595,5,1
2756805,46709,12,1
2163126,8903,32,0
2625403,22723,14,0
1500758,4163,4,0
1477105,2390,11,1
1116683,23574,35,0
403388,22255,1,0
989011,8098,5,0
509824,25340,2,1
3272421,12953,6,0
2240516,32545,3,0
2120337,6532,5,1
970190,31759,5,1
3005107,25070,6,0
2680931,13575,2,0
1888171,8670,23,0
3027951,24852,3,1
1143897,18523,9,1
1214922,33065,5,0
329595,41400,3,1
1248775,21288,16,1
103562,1364,13,1
241599,27966,3,1
1245544,47652,2,0
1112414,5876,3,1
1401110,49683,3,1
1838568,31506,17,1
1051015,28289,1,1
819301,43662,20,0
3353350,16570,7,0
1089864,11422,8,0
1189500,2086,9,0
1545584,329,23,0
3040238,41832,1,0
880559,44359,12,0
766449,35267,2,0
2997676,19734,11,0
2174824,21278,5,0
2929997,28204,10,0
1284203,5748,32,1
3141610,16759,21,1
2835192,43352,41,1
591838,21903,7,1
209938,4920,4,1
1045108,27514,5,0
252242,5047,5,1
248048,9558,2,1
1388619,4071,8,0
1179775,22819,3,1
1952312,33731,3,1
793458,7228,11,0
3415690,30489,6,1
1733253,432,2,1
3418279,13176,12,1
3174922,38777,9,0
1403307,24891,41,1
2289834,14540,4,0
1126880,23909,5,1
1549727,28597,5,1
461005,47284,3,1
1148469,7631,4,1
46859,2495,1,0
3123541,8518,2,0
2689537,41844,4,1
1912935,45002,34,0
1616735,22935,27,0
1401110,22035,6,1
2164667,27845,13,1
1492372,19643,18,0
2556823,17668,12,0
1051681,8424,3,1
3067962,41658,4,1
1292645,49191,10,1
2787070,34590,21,0
3387191,31717,1,1
3383946,18281,8,0
347179,42828,5,1
863033,9154,7,0
204719,8474,4,1
2742568,46584,17,0
32271,15200,3,0
353013,33569,19,0
241599,15290,13,1
1529572,37687,12,1
1301830,28862,5,1
257459,12945,27,0
2626104,38777,11,1
2659063,30082,3,0
1224099,21010,3,0
254834,39561,14,0
2011916,39190,2,1
1056106,23554,2,1
134758,22963,1,1
1049203,44142,1,0
1015479,10130,1,1
2096734,11636,2,0
199907,17008,8,1
1388162,24852,2,1
2956721,41376,13,0
117384,21137,20,1
1775542,31676,4,0
3187761,10504,2,0
1321074,25885,8,1
1926961,36830,9,0
168765,42701,6,0
1668844,24359,13,1
2944552,32018,3,1
2507340,39560,1,0
336167,17131,1,1
310272,22359,13,0
1751169,46676,29,1
1105911,38984,18,1
2728571,9076,13,0
2659733,24010,7,0
2855222,13302,1,1
430151,29487,2,1
1649688,38164,13,0
514331,25588,28,0
746965,47209,7,1
2350994,33198,5,0
1553718,13176,2,1
2307644,47479,10,0
1003422,19348,2,1
1479136,27086,9,1
2005473,4210,5,1
45229,48220,12,1
1708408,42252,7,1
3248349,31961,19,0
1649688,25659,6,1
2662158,18670,11,1
2840921,35939,2,1
783439,37160,17,0
3005107,17600,20,1
1149784,34197,3,1
1735756,45447,2,1
1392395,35688,1,1
960662,8174,6,0
1939226,8174,16,1
2919666,25890,20,0
3048517,25,7,0
391024,45607,7,1
3034547,24964,23,0
1965123,45066,3,1
2857529,1940,24,1
2914070,45613,18,0
914214,21137,2,1
917276,16759,2,1
2617243,39560,9,0
1805081,22175,1,1
919712,13255,5,0
1534555,38028,14,1
1550826,22241,18,1
1857029,10831,1,0
302743,33741,5,0
612625,13885,14,0
2857529,43252,21,1
1684050,24830,4,1
2559910,46313,4,1
276898,12798,6,1
514882,4377,11,0
2296370,29993,9,1
1901608,13740,20,0
2211372,7934,2,1
1526026,27344,11,0
1081391,8277,3,1
1859728,17530,7,1
3413732,6576,10,1
35054,36076,4,0
1607397,35535,7,1
2925211,4605,8,1
998587,34050,6,1
2315465,14491,4,1
3226289,30233,8,1
911158,18880,2,0
2120337,11182,23,1
1046998,12440,4,1
1470144,18288,10,1
2064499,24184,13,0
2258976,24852,2,0
684019,32635,6,1
1778250,24184,9,1
2295510,4938,9,1
2108356,2537,13,1
1417569,3796,15,1
629368,41950,2,1
1917281,27683,7,1
2894799,47766,3,1
3015576,10343,20,0
2205219,24631,8,1
2968164,44765,9,1
3020811,14678,7,0
2990855,21195,15,1
571821,33731,9,0
1341839,45930,1,0
2173992,37776,1,1
570264,22149,6,1
1820455,20754,5,1
2364638,46906,7,0
1913498,551,8,0
1429167,13176,8,0
811116,15937,20,1
639642,21019,5,1
2266120,21195,9,0
583542,8424,1,1
2920762,12748,14,0
3236106,4855,11,1
222331,35108,22,0
3359446,42333,8,1
1805081,2295,19,0
3351373,47209,3,1
936568,18465,1,1
3102856,16185,11,0
1405219,24142,2,1
262307,3807,5,1
161110,15975,5,0
1883476,20818,11,0
503120,7751,8,0
3346360,2732,9,1
3143267,5077,8,0
2997907,17948,3,1
631759,43304,20,0
1286344,46979,3,0
3035121,47209,5,1
2964954,46979,5,0
2328979,18918,7,0
1651452,34234,8,1
1564691,30442,2,1
2612482,39475,13,0
2707549,13176,2,1
3322523,45066,5,0
3093286,1335,8,1
2989037,24852,1,1
2792505,27086,5,1
913465,28165,2,0
1450601,46265,2,0
2377518,13176,5,1
2135166,148,8,1
2967940,196,2,1
2817148,34448,22,1
2220246,31095,8,0
1500697,14947,1,1
3001594,20842,2,0
1185205,5479,5,0
3386657,21724,32,0
2192122,33357,17,0
142426,28204,18,0
1093123,27521,2,1
595726,28289,5,1
2564285,31562,22,1
374956,160,4,1
3284322,45007,5,1
990507,35584,8,1
2069239,877,8,0
130592,1783,20,1
1143970,30442,2,1
881848,48364,3,1
3027599,30382,6,0
1444722,46123,3,0
120818,14715,2,0
2684978,3398,21,1
103562,43888,10,1
1166260,8277,5,0
3072062,8174,5,1
787230,44661,2,1
110580,34264,20,0
3037549,17395,2,0
360850,34300,5,1
697845,11132,6,1
328187,41458,19,0
368123,49156,23,0
483486,42169,7,0
1396365,35939,2,0
2315427,31651,4,1
1358167,19244,1,1
2477214,21137,2,1
3397759,22474,2,1
2990855,33043,20,0
1720723,8138,30,1
2921994,9537,14,0
3071797,16759,3,0
62477,27086,2,1
2819185,21709,9,1
811116,34164,21,1
2990707,47209,11,1
353013,19048,20,0
3326394,39275,25,0
2037789,26369,5,0
1365391,7179,3,0
1873008,26209,6,1
1403307,35824,33,1
1506554,4799,10,0
3000625,11422,1,1
233957,18523,1,0
1553386,25931,8,1
204062,27241,4,0
2660022,35470,1,1
786918,47931,8,1
2676633,37292,1,1
1784213,10255,12,0
3059076,35217,29,0
2550215,16260,3,0
222331,5134,13,0
1184270,26282,4,0
833449,1940,5,1
11388,42811,1,0
2811640,6184,4,1
1587754,11580,2,1
1876711,9747,3,0
1429660,20323,2,1
881182,17795,10,0
5599,40516,3,0
2064818,40632,1,1
192137,21137,4,1
2319870,9623,5,1
706641,21137,2,1
3405385,11452,28,0
2064499,20947,1,1
1015479,30776,2,1
1711075,35181,3,1
384823,38772,8,0
2791134,1999,10,0
3286070,24838,4,0
2614518,46906,19,0
2581945,13848,5,0
314706,9065,9,0
1522980,20378,14,0
380105,4145,21,0
850538,44201,8,0
2232838,31100,3,0
214118,41665,30,1
3041971,45437,1,0
552481,48871,18,0
1355005,29370,10,1
2708338,11737,33,1
1913926,8968,12,1
2920762,49175,13,0
513725,21903,7,1
2476837,691,4,0
2805601,27796,3,0
1604010,16349,4,0
2133610,6187,10,0
672716,24852,6,1
1658400,10673,23,0
3121414,8277,11,0
1930124,38772,13,1
2738283,29589,9,1
2921994,19282,7,0
675954,13640,4,1
1616735,13541,29,0
2773175,43956,1,0
2609019,12932,2,1
2640140,6104,3,1
3063824,21091,3,0
1533080,49683,8,1
129158,39275,8,0
2731169,25814,4,1
137420,33572,6,1
1412463,46979,5,0
2318047,5258,12,1
3360620,44632,4,1
2010440,18171,9,0
952338,24852,2,1
